Date,Close
2002-07-30,40.55691909790039
2002-07-31,40.92889022827149
2002-08-01,41.0975456237793
2002-08-02,41.414947509765625
2002-08-05,41.62327575683594
2002-08-06,41.2860107421875
2002-08-07,41.414947509765625
2002-08-08,41.27115631103516
2002-08-09,41.57865524291992
2002-08-12,41.6629753112793
2002-08-13,41.995243072509766
2002-08-14,41.87123489379883
2002-08-15,41.62825012207031
2002-08-16,41.35542297363281
2002-08-19,41.39513397216797
2002-08-20,41.77706146240234
2002-08-21,41.67285537719727
2002-08-22,41.4496955871582
2002-08-23,41.6381950378418
2002-08-26,41.657997131347656
2002-08-27,41.53396987915039
2002-08-28,41.68772888183594
2002-08-29,41.88117599487305
2002-08-30,41.960540771484375
2002-09-03,42.41842651367188
2002-09-04,42.40349197387695
2002-09-05,42.57272720336914
2002-09-06,42.24421310424805
2002-09-09,42.18451690673828
2002-09-10,42.33379364013672
2002-09-11,42.17953109741211
2002-09-12,42.39851760864258
2002-09-13,42.59761047363281
2002-09-16,42.612525939941406
2002-09-17,42.75188064575195
2002-09-18,42.80165481567383
2002-09-19,43.01565933227539
2002-09-20,43.0007209777832
2002-09-23,43.24460983276367
2002-09-24,43.39888381958008
2002-09-25,43.0704231262207
2002-09-26,43.040565490722656
2002-09-27,43.32423782348633
2002-09-30,43.57802963256836
2002-10-01,43.19770431518555
2002-10-02,43.34245681762695
2002-10-03,43.3174934387207
2002-10-04,43.36243438720703
2002-10-07,43.53215408325195
2002-10-08,43.4522705078125
2002-10-09,43.6718978881836
2002-10-10,43.42232131958008
2002-10-11,43.1128044128418
2002-10-14,43.07787322998047
2002-10-15,42.3541145324707
2002-10-16,42.3541145324707
2002-10-17,42.12946701049805
2002-10-18,42.25426483154297
2002-10-21,41.92984390258789
2002-10-22,41.909812927246094
2002-10-23,41.99967193603516
2002-10-24,42.19938278198242
2002-10-25,42.3840446472168
2002-10-28,42.4339599609375
2002-10-29,42.8183479309082
2002-10-30,42.81331634521485
2002-10-31,43.03298568725586
2002-11-01,42.775001525878906
2002-11-04,42.63980102539063
2002-11-05,42.52456665039063
2002-11-06,42.66481018066406
2002-11-07,43.08052062988281
2002-11-08,43.185691833496094
2002-11-11,43.29593276977539
2002-11-12,43.16065979003906
2002-11-13,43.21079254150391
2002-11-14,42.66984558105469
2002-11-15,42.69988632202149
2002-11-18,42.73997116088867
2002-11-19,42.775001525878906
2002-11-20,42.53962326049805
2002-11-21,42.29417419433594
2002-11-22,42.24409103393555
2002-11-25,42.17897033691406
2002-11-26,42.55963897705078
2002-11-27,42.07379531860352
2002-11-29,42.133880615234375
2002-12-02,42.1187744140625
2002-12-03,42.113712310791016
2002-12-04,42.25986099243164
2002-12-05,42.37581634521485
2002-12-06,42.54713821411133
2002-12-09,42.70844268798828
2002-12-10,42.67315673828125
2002-12-11,42.81429290771485
2002-12-12,42.84958267211914
2002-12-13,42.69328689575195
2002-12-16,42.51693344116211
2002-12-17,42.61773300170898
2002-12-18,42.87981033325195
2002-12-19,43.10158157348633
2002-12-20,43.10158157348633
2002-12-23,43.076393127441406
2002-12-24,43.23764419555664
2002-12-26,43.30314636230469
2002-12-27,43.56021499633789
2002-12-30,43.64083480834961
2002-12-31,43.62871551513672
2003-01-02,42.93994140625
2003-01-03,43.01081848144531
2003-01-06,42.90450668334961
2003-01-07,43.04119491577149
2003-01-08,43.14253234863281
2003-01-09,42.62089920043945
2003-01-10,42.666465759277344
2003-01-13,42.74243927001953
2003-01-14,42.84371566772461
2003-01-15,42.93994140625
2003-01-16,42.92473983764648
2003-01-17,43.101993560791016
2003-01-21,43.24886703491211
2003-01-22,43.42609024047852
2003-01-23,43.33492660522461
2003-01-24,43.42103958129883
2003-01-27,43.289363861083984
2003-01-28,43.29440307617188
2003-01-29,43.10707473754883
2003-01-30,43.27418899536133
2003-01-31,43.29440307617188
2003-02-03,43.22737884521485
2003-02-04,43.3696174621582
2003-02-05,43.20196914672852
2003-02-06,43.3696174621582
2003-02-07,43.38995361328125
2003-02-10,43.30866622924805
2003-02-11,43.34929275512695
2003-02-12,43.53727722167969
2003-02-13,43.69482803344727
2003-02-14,43.54240798950195
2003-02-18,43.54240798950195
2003-02-19,43.7049674987793
2003-02-20,43.85739135742188
2003-02-21,43.69482803344727
2003-02-24,43.86754608154297
2003-02-25,43.928504943847656
2003-02-26,44.06060028076172
2003-02-27,44.10128021240234
2003-02-28,44.24858093261719
2003-03-03,44.34032440185547
2003-03-04,44.42693328857422
2003-03-05,44.50844192504883
2003-03-06,44.41675567626953
2003-03-07,44.564491271972656
2003-03-10,44.71224212646485
2003-03-11,44.70206451416016
2003-03-12,44.60013961791992
2003-03-13,44.10592651367188
2003-03-14,44.24859237670898
2003-03-17,43.90214920043945
2003-03-18,43.66271209716797
2003-03-19,43.453861236572266
2003-03-20,43.48437881469727
2003-03-21,43.08699417114258
2003-03-24,43.5047492980957
2003-03-25,43.50986099243164
2003-03-26,43.61177062988281
2003-03-27,43.693241119384766
2003-03-28,43.76461791992188
2003-03-31,44.08049774169922
2003-04-01,44.02375030517578
2003-04-02,43.71212005615234
2003-04-03,43.78873825073242
2003-04-04,43.71212005615234
2003-04-07,43.60988998413086
2003-04-08,43.77342224121094
2003-04-09,43.92156219482422
2003-04-10,43.8040885925293
2003-04-11,43.691627502441406
2003-04-14,43.56900787353516
2003-04-15,43.7222900390625
2003-04-16,43.81935501098633
2003-04-17,43.76316833496094
2003-04-21,43.681419372558594
2003-04-22,43.691627502441406
2003-04-23,43.67119598388672
2003-04-24,43.92665863037109
2003-04-25,43.99819946289063
2003-04-28,43.95225524902344
2003-04-29,43.87560272216797
2003-04-30,44.14130401611328
2003-05-01,44.17824935913086
2003-05-02,43.93711853027344
2003-05-05,44.07563781738281
2003-05-06,44.34751129150391
2003-05-07,44.6552848815918
2003-05-08,44.70146560668945
2003-05-09,44.77328109741211
2003-05-12,44.96305847167969
2003-05-13,45.00414276123047
2003-05-14,45.25034713745117
2003-05-15,45.20416641235352
2003-05-16,45.44528198242188
2003-05-19,45.43501281738281
2003-05-20,45.73773193359375
2003-05-21,45.594051361083984
2003-05-22,45.80952835083008
2003-05-23,45.75821304321289
2003-05-27,45.58891296386719
2003-05-28,45.59918212890625
2003-05-29,45.84028244018555
2003-05-30,45.81461715698242
2003-06-02,45.636661529541016
2003-06-03,45.940128326416016
2003-06-04,46.07390975952149
2003-06-05,45.90928268432617
2003-06-06,45.85785675048828
2003-06-09,46.10992050170898
2003-06-10,46.36712646484375
2003-06-11,46.26932907104492
2003-06-12,46.44939804077149
2003-06-13,46.619140625
2003-06-16,46.37737274169922
2003-06-17,46.12532424926758
2003-06-18,45.84757995605469
2003-06-19,45.9144172668457
2003-06-20,45.84242248535156
2003-06-23,46.01733016967773
2003-06-24,46.23335266113281
2003-06-25,45.883575439453125
2003-06-26,45.43093490600586
2003-06-27,45.38975143432617
2003-06-30,45.49776458740234
2003-07-01,45.61850357055664
2003-07-02,45.66518783569336
2003-07-03,45.37493896484375
2003-07-07,45.13136672973633
2003-07-08,45.14690780639648
2003-07-09,45.22978973388672
2003-07-10,45.33349990844727
2003-07-11,45.49414825439453
2003-07-14,45.22978973388672
2003-07-15,44.61309051513672
2003-07-16,44.628639221191406
2003-07-17,44.5353889465332
2003-07-18,44.42130661010742
2003-07-21,43.84083938598633
2003-07-22,43.99635314941406
2003-07-23,44.13107299804688
2003-07-24,43.960052490234375
2003-07-25,43.90302658081055
2003-07-28,43.581764221191406
2003-07-29,43.15673828125
2003-07-30,43.50396347045898
2003-07-31,43.21372985839844
2003-08-01,43.38993835449219
2003-08-04,43.70883941650391
2003-08-05,43.41605758666992
2003-08-06,43.86040496826172
2003-08-07,44.01723098754883
2003-08-08,44.01202774047852
2003-08-11,43.829044342041016
2003-08-12,43.7506103515625
2003-08-13,43.264442443847656
2003-08-14,43.35333251953125
2003-08-15,43.337623596191406
2003-08-18,43.46833801269531
2003-08-19,43.81335067749024
2003-08-20,43.604251861572266
2003-08-21,43.44218063354492
2003-08-22,43.47357177734375
2003-08-25,43.28533554077149
2003-08-26,43.44218063354492
2003-08-27,43.337623596191406
2003-08-28,43.640811920166016
2003-08-29,43.52061462402344
2003-09-02,43.343353271484375
2003-09-03,43.45410919189453
2003-09-04,43.73377227783203
2003-09-05,44.28773498535156
2003-09-08,44.08196258544922
2003-09-09,44.29303359985352
2003-09-10,44.5937728881836
2003-09-11,44.43549346923828
2003-09-12,44.61483001708984
2003-09-15,44.693992614746094
2003-09-16,44.65705108642578
2003-09-17,44.90504837036133
2003-09-18,44.89977264404297
2003-09-19,44.89977264404297
2003-09-22,44.7045783996582
2003-09-23,44.81006622314453
2003-09-24,45.03693008422852
2003-09-25,45.10029220581055
2003-09-26,45.44322967529297
2003-09-29,45.24798202514648
2003-09-30,45.68593215942383
2003-10-01,45.88867950439453
2003-10-02,45.72370147705078
2003-10-03,45.09049606323242
2003-10-06,45.22350311279297
2003-10-07,44.96274948120117
2003-10-08,45.04259490966797
2003-10-09,44.89894104003906
2003-10-10,45.03194046020508
2003-10-13,44.96274948120117
2003-10-14,44.78186798095703
2003-10-15,44.62225341796875
2003-10-16,44.37748336791992
2003-10-17,44.6169548034668
2003-10-20,44.64884948730469
2003-10-21,44.72866439819336
2003-10-22,45.05325698852539
2003-10-23,44.90959548950195
2003-10-24,45.22350311279297
2003-10-27,45.10115432739258
2003-10-28,45.31397247314453
2003-10-29,45.02130889892578
2003-10-30,44.85638046264648
2003-10-31,45.0159912109375
2003-11-03,44.844608306884766
2003-11-04,45.00480270385742
2003-11-05,44.844608306884766
2003-11-06,44.61509323120117
2003-11-07,44.54032516479492
2003-11-10,44.52436065673828
2003-11-11,44.593727111816406
2003-11-12,44.73785018920898
2003-11-13,45.127559661865234
2003-11-14,45.37314987182617
2003-11-17,45.426536560058594
2003-11-18,45.61338806152344
2003-11-19,45.30375289916992
2003-11-20,45.58670425415039
2003-11-21,45.56535339355469
2003-11-24,45.32514190673828
2003-11-25,45.43717956542969
2003-11-26,45.32514190673828
2003-11-28,45.02613067626953
2003-12-01,44.75098037719727
2003-12-02,44.87947082519531
2003-12-03,44.76171875
2003-12-04,44.85807037353516
2003-12-05,45.404075622558594
2003-12-08,45.232757568359375
2003-12-09,45.0079231262207
2003-12-10,45.120391845703125
2003-12-11,45.39339447021485
2003-12-12,45.39339447021485
2003-12-15,45.37194061279297
2003-12-16,45.91799545288086
2003-12-17,46.03694915771485
2003-12-18,46.193756103515625
2003-12-19,46.199180603027344
2003-12-22,46.07479476928711
2003-12-23,45.76121520996094
2003-12-24,46.04777526855469
2003-12-26,46.193756103515625
2003-12-29,45.91259765625
2003-12-30,45.86392593383789
2003-12-31,45.94477844238281
2004-01-02,45.575870513916016
2004-01-05,45.53791046142578
2004-01-06,45.87969207763672
2004-01-07,45.98275375366211
2004-01-08,45.98275375366211
2004-01-09,46.525177001953125
2004-01-12,46.525177001953125
2004-01-13,46.77472686767578
2004-01-14,46.86691665649414
2004-01-15,46.89402770996094
2004-01-16,46.698768615722656
2004-01-20,46.61740112304688
2004-01-21,46.7530403137207
2004-01-22,46.95372009277344
2004-01-23,46.60113143920898
2004-01-26,46.40583419799805
2004-01-27,46.590274810791016
2004-01-28,46.25395584106445
2004-01-29,46.199703216552734
2004-01-30,46.4112548828125
2004-02-02,46.365047454833984
2004-02-03,46.54459762573242
2004-02-04,46.46842575073242
2004-02-05,46.294281005859375
2004-02-06,46.577186584472656
2004-02-09,46.68601989746094
2004-02-10,46.555450439453125
2004-02-11,46.80027770996094
2004-02-12,46.7730827331543
2004-02-13,46.89277267456055
2004-02-17,46.89277267456055
2004-02-18,46.88189315795898
2004-02-19,46.91450500488281
2004-02-20,46.75675582885742
2004-02-23,46.90909957885742
2004-02-24,46.990684509277344
2004-02-25,47.04511642456055
2004-02-26,46.97435760498047
2004-02-27,47.15934371948242
2004-03-01,47.209022521972656
2004-03-02,46.93620681762695
2004-03-03,46.892555236816406
2004-03-04,47.03983688354492
2004-03-05,47.62369918823242
2004-03-08,47.89106750488281
2004-03-09,48.07111358642578
2004-03-10,48.065673828125
2004-03-11,48.07111358642578
2004-03-12,47.923789978027344
2004-03-15,47.95108413696289
2004-03-16,48.18570709228516
2004-03-17,48.15298080444336
2004-03-18,48.00020217895508
2004-03-19,47.934715270996094
2004-03-22,48.11478042602539
2004-03-23,48.18570709228516
2004-03-24,48.15298080444336
2004-03-25,48.08748245239258
2004-03-26,47.78196716308594
2004-03-29,47.580039978027344
2004-03-30,47.59640121459961
2004-03-31,47.77104568481445
2004-04-01,47.65395736694336
2004-04-02,46.77284622192383
2004-04-05,46.54304504394531
2004-04-06,46.7071647644043
2004-04-07,46.712650299072266
2004-04-08,46.62507247924805
2004-04-12,46.47735977172852
2004-04-13,46.11616897583008
2004-04-14,46.08329772949219
2004-04-15,46.01764678955078
2004-04-16,46.18732070922852
2004-04-19,46.06692886352539
2004-04-20,45.733097076416016
2004-04-21,45.82615661621094
2004-04-22,46.00671005249024
2004-04-23,45.81515121459961
2004-04-26,45.80970001220703
2004-04-27,45.99029922485352
2004-04-28,45.689334869384766
2004-04-29,45.58531951904297
2004-04-30,45.69482421875
2004-05-03,45.67722702026367
2004-05-04,45.54547882080078
2004-05-05,45.44115447998047
2004-05-06,45.39721298217773
2004-05-07,44.83722686767578
2004-05-10,44.82625961303711
2004-05-11,44.91408920288086
2004-05-12,44.84820938110352
2004-05-13,44.71094512939453
2004-05-14,44.936073303222656
2004-05-17,45.227027893066406
2004-05-18,45.1391716003418
2004-05-19,44.93059539794922
2004-05-20,45.15563201904297
2004-05-21,45.05685424804688
2004-05-24,45.08974456787109
2004-05-25,45.10622787475586
2004-05-26,45.331336975097656
2004-05-27,45.57837677001953
2004-05-28,45.45212936401367
2004-06-01,45.22573471069336
2004-06-02,45.14861297607422
2004-06-03,45.22023391723633
2004-06-04,45.032936096191406
2004-06-07,45.09902191162109
2004-06-08,45.088016510009766
2004-06-09,44.95579147338867
2004-06-10,45.0053825378418
2004-06-14,44.78506851196289
2004-06-15,45.37996292114258
2004-06-16,45.28082656860352
2004-06-17,45.407527923583984
2004-06-18,45.3138427734375
2004-06-21,45.38548278808594
2004-06-22,45.32489776611328
2004-06-23,45.39098358154297
2004-06-24,45.56727981567383
2004-06-25,45.58928298950195
2004-06-28,45.253265380859375
2004-06-29,45.46810150146485
2004-06-30,45.749053955078125
2004-07-01,45.83917236328125
2004-07-02,46.23152542114258
2004-07-06,46.14310073852539
2004-07-07,46.16519927978516
2004-07-08,46.17073059082031
2004-07-09,46.248085021972656
2004-07-12,46.30340576171875
2004-07-13,46.203914642333984
2004-07-14,46.18183135986328
2004-07-15,46.15966033935547
2004-07-16,46.60731506347656
2004-07-19,46.59628677368164
2004-07-20,46.29230880737305
2004-07-21,46.19281005859375
2004-07-22,46.248085021972656
2004-07-23,46.35865020751953
2004-07-26,46.19832229614258
2004-07-27,45.872291564941406
2004-07-28,45.94413757324219
2004-07-29,45.98836898803711
2004-07-30,46.30340576171875
2004-08-02,46.34936141967773
2004-08-03,46.46029281616211
2004-08-04,46.432594299316406
2004-08-05,46.57122802734375
2004-08-06,47.20886993408203
2004-08-09,47.05356597900391
2004-08-10,46.85953140258789
2004-08-11,47.02029800415039
2004-08-12,47.08133316040039
2004-08-13,47.16448211669922
2004-08-16,47.11461639404297
2004-08-17,47.336334228515625
2004-08-18,47.18112182617188
2004-08-19,47.29756927490234
2004-08-20,47.20328140258789
2004-08-23,47.04253768920898
2004-08-24,47.08688354492188
2004-08-25,47.09241485595703
2004-08-26,47.29756927490234
2004-08-27,47.24209213256836
2004-08-30,47.4084358215332
2004-08-31,47.61363220214844
2004-09-01,47.605804443359375
2004-09-02,47.34998321533203
2004-09-03,47.22205352783203
2004-09-07,47.24985122680664
2004-09-08,47.5224494934082
2004-09-09,47.43896865844727
2004-09-10,47.53352737426758
2004-09-13,47.65032958984375
2004-09-14,47.661468505859375
2004-09-15,47.61138153076172
2004-09-16,47.87284851074219
2004-09-17,47.70597457885742
2004-09-20,47.97848510742188
2004-09-21,48.011863708496094
2004-09-22,48.20650100708008
2004-09-23,48.039669036865234
2004-09-24,48.03411102294922
2004-09-27,48.1676139831543
2004-09-28,48.1175651550293
2004-09-29,47.817195892333984
2004-09-30,47.767189025878906
2004-10-01,47.57577133178711
2004-10-04,47.59249114990234
2004-10-05,47.59249114990234
2004-10-06,47.436336517333984
2004-10-07,47.35264205932617
2004-10-08,47.75429534912109
2004-10-11,47.83242034912109
2004-10-12,47.83242034912109
2004-10-13,48.00538635253906
2004-10-14,48.17270660400391
2004-10-15,48.01093292236328
2004-10-18,48.08346939086914
2004-10-19,48.06671905517578
2004-10-20,48.2843017578125
2004-10-21,48.217323303222656
2004-10-22,48.35121154785156
2004-10-25,48.407005310058594
2004-10-26,48.32331848144531
2004-10-27,48.02765655517578
2004-10-28,48.10015487670898
2004-10-29,48.239688873291016
2004-11-01,48.00182723999024
2004-11-02,48.11930847167969
2004-11-03,48.102569580078125
2004-11-04,48.0745735168457
2004-11-05,47.7164421081543
2004-11-08,47.64926910400391
2004-11-09,47.66049575805664
2004-11-10,47.56534576416016
2004-11-11,47.55414962768555
2004-11-12,47.733245849609375
2004-11-15,47.7556037902832
2004-11-16,47.70521545410156
2004-11-17,47.95706558227539
2004-11-18,47.99623489379883
2004-11-19,47.733245849609375
2004-11-22,47.76681518554688
2004-11-23,47.72203063964844
2004-11-24,47.78920364379883
2004-11-26,47.61569595336914
2004-11-29,47.33037567138672
2004-11-30,47.28557968139648
2004-12-01,47.26983642578125
2004-12-02,47.163204193115234
2004-12-03,47.63468551635742
2004-12-06,47.72447204589844
2004-12-07,47.71891784667969
2004-12-08,48.072532653808594
2004-12-09,47.96030426025391
2004-12-10,48.03326034545898
2004-12-13,48.06692886352539
2004-12-14,48.151126861572266
2004-12-15,48.32514953613281
2004-12-16,47.95466613769531
2004-12-17,47.89290618896485
2004-12-20,47.9490852355957
2004-12-21,48.01644134521485
2004-12-22,47.96587371826172
2004-12-23,47.904144287109375
2004-12-27,47.702030181884766
2004-12-28,47.696475982666016
2004-12-29,47.601016998291016
2004-12-30,47.78066635131836
2004-12-31,47.83751678466797
2005-01-03,47.93324661254883
2005-01-04,47.63481521606445
2005-01-05,47.713626861572266
2005-01-06,47.7586784362793
2005-01-07,47.71926498413086
2005-01-10,47.713626861572266
2005-01-11,47.80937194824219
2005-01-12,47.88253784179688
2005-01-13,48.07403945922852
2005-01-14,48.04587173461914
2005-01-18,48.02900314331055
2005-01-19,48.0571403503418
2005-01-20,48.1416244506836
2005-01-21,48.23735046386719
2005-01-24,48.231727600097656
2005-01-25,48.051544189453125
2005-01-26,48.06277084350586
2005-01-27,47.98957824707031
2005-01-28,48.23735046386719
2005-01-31,48.25421524047852
2005-02-01,48.22093963623047
2005-02-02,48.22650146484375
2005-02-03,48.14745330810547
2005-02-04,48.39606475830078
2005-02-07,48.49205017089844
2005-02-08,48.53723907470703
2005-02-09,48.774444580078125
2005-02-10,48.46945190429688
2005-02-11,48.40730285644531
2005-02-14,48.46945190429688
2005-02-15,48.39606475830078
2005-02-16,48.22093963623047
2005-02-17,48.113616943359375
2005-02-18,47.8707389831543
2005-02-22,47.87636947631836
2005-02-23,47.91593933105469
2005-02-24,47.83684921264648
2005-02-25,47.904579162597656
2005-02-28,47.59392166137695
2005-03-01,47.59449005126953
2005-03-02,47.5888557434082
2005-03-03,47.56051635742188
2005-03-04,47.77573776245117
2005-03-07,47.787071228027344
2005-03-08,47.56051635742188
2005-03-09,47.19800567626953
2005-03-10,47.28296661376953
2005-03-11,47.08473205566406
2005-03-14,47.19800567626953
2005-03-15,47.10734939575195
2005-03-16,47.21502685546875
2005-03-17,47.39622116088867
2005-03-18,47.27729797363281
2005-03-21,47.22067260742188
2005-03-22,46.87515640258789
2005-03-23,46.982791900634766
2005-03-24,47.022438049316406
2005-03-28,46.8695068359375
2005-03-29,47.06209564208984
2005-03-30,47.1696891784668
2005-03-31,47.40192413330078
2005-04-01,47.49797058105469
2005-04-04,47.47525405883789
2005-04-05,47.48092269897461
2005-04-06,47.62299728393555
2005-04-07,47.44114303588867
2005-04-08,47.49226379394531
2005-04-11,47.63434982299805
2005-04-12,47.8843879699707
2005-04-13,47.90711975097656
2005-04-14,48.03215408325195
2005-04-15,48.34471130371094
2005-04-18,48.24243927001953
2005-04-19,48.52091217041016
2005-04-20,48.49247360229492
2005-04-21,48.145782470703125
2005-04-22,48.35041427612305
2005-04-25,48.35041427612305
2005-04-26,48.327667236328125
2005-04-27,48.47544097900391
2005-04-28,48.77093124389648
2005-04-29,48.594757080078125
2005-05-02,48.64436721801758
2005-05-03,48.70706558227539
2005-05-04,48.69565200805664
2005-05-05,48.84964370727539
2005-05-06,48.50185394287109
2005-05-09,48.49614334106445
2005-05-10,48.667179107666016
2005-05-11,48.72986602783203
2005-05-12,48.77547836303711
2005-05-13,48.90087890625
2005-05-16,48.90663146972656
2005-05-17,48.96929168701172
2005-05-18,49.12893295288086
2005-05-19,48.98075485229492
2005-05-20,48.97504425048828
2005-05-23,49.197303771972656
2005-05-24,49.32845306396485
2005-05-25,49.15171813964844
2005-05-26,49.18019485473633
2005-05-27,49.23151779174805
2005-05-31,49.488075256347656
2005-06-01,49.79341506958008
2005-06-02,49.776248931884766
2005-06-03,49.490360260009766
2005-06-06,49.62189102172852
2005-06-07,49.76481628417969
2005-06-08,49.67335891723633
2005-06-09,49.64476776123047
2005-06-10,49.33023834228516
2005-06-13,49.19871139526367
2005-06-14,49.14156723022461
2005-06-15,49.12443923950195
2005-06-16,49.27880859375
2005-06-17,49.22163009643555
2005-06-20,49.147274017333984
2005-06-21,49.30167007446289
2005-06-22,49.67335891723633
2005-06-23,49.62189102172852
2005-06-24,49.741973876953125
2005-06-27,49.78199768066406
2005-06-28,49.57044982910156
2005-06-29,49.55327224731445
2005-06-30,49.72481918334961
2005-07-01,49.29694747924805
2005-07-05,49.096187591552734
2005-07-06,49.19945526123047
2005-07-07,49.31416702270508
2005-07-08,49.13634490966797
2005-07-11,49.1134033203125
2005-07-12,48.98720932006836
2005-07-13,48.94132614135742
2005-07-14,48.878265380859375
2005-07-15,48.88969802856445
2005-07-18,48.80940246582031
2005-07-19,48.878265380859375
2005-07-20,48.970008850097656
2005-07-21,48.60867691040039
2005-07-22,48.83808135986328
2005-07-25,48.752071380615234
2005-07-26,48.78644943237305
2005-07-27,48.717655181884766
2005-07-28,48.92984390258789
2005-07-29,48.637306213378906
2005-08-01,48.54012680053711
2005-08-02,48.49405670166016
2005-08-03,48.614933013916016
2005-08-04,48.58038330078125
2005-08-05,48.321475982666016
2005-08-08,48.19488525390625
2005-08-09,48.33297348022461
2005-08-10,48.30998992919922
2005-08-11,48.51709747314453
2005-08-12,48.71269989013672
2005-08-15,48.64940643310547
2005-08-16,48.87955856323242
2005-08-17,48.689727783203125
2005-08-18,48.94863128662109
2005-08-19,48.919898986816406
2005-08-22,48.96011352539063
2005-08-23,49.05220413208008
2005-08-24,49.07523727416992
2005-08-25,49.103965759277344
2005-08-26,49.023414611816406
2005-08-29,49.05799865722656
2005-08-30,49.28813934326172
2005-08-31,49.610313415527344
2005-09-01,49.65887451171875
2005-09-02,49.67041397094727
2005-09-06,49.51451873779297
2005-09-07,49.35289001464844
2005-09-08,49.35289001464844
2005-09-09,49.39328384399414
2005-09-12,49.23747253417969
2005-09-13,49.38753890991211
2005-09-14,49.28364562988281
2005-09-15,49.13356399536133
2005-09-16,48.94308471679688
2005-09-19,49.04121398925781
2005-09-20,49.00078201293945
2005-09-21,49.22592544555664
2005-09-22,49.260501861572266
2005-09-23,48.9892692565918
2005-09-26,48.862247467041016
2005-09-27,48.89114761352539
2005-09-28,48.9892692565918
2005-09-29,48.879539489746094
2005-09-30,48.74106216430664
2005-10-03,48.553977966308594
2005-10-04,48.57715606689453
2005-10-05,48.692970275878906
2005-10-06,48.62928771972656
2005-10-07,48.692970275878906
2005-10-10,48.70454406738281
2005-10-11,48.61192321777344
2005-10-12,48.42656707763672
2005-10-13,48.35126876831055
2005-10-14,48.35126876831055
2005-10-17,48.29337692260742
2005-10-18,48.36285781860352
2005-10-19,48.42075729370117
2005-10-20,48.44972610473633
2005-10-21,48.66402053833008
2005-10-24,48.45551300048828
2005-10-25,48.22966003417969
2005-10-26,48.04436492919922
2005-10-27,48.154415130615234
2005-10-28,48.10227966308594
2005-10-31,48.1369743347168
2005-11-01,48.10677719116211
2005-11-02,48.00798416137695
2005-11-03,47.839454650878906
2005-11-04,47.81623840332031
2005-11-07,47.90338134765625
2005-11-08,48.14165496826172
2005-11-09,47.88595962524414
2005-11-10,48.159088134765625
2005-11-11,48.21720886230469
2005-11-14,48.00218963623047
2005-11-15,48.16490173339844
2005-11-16,48.40900039672852
2005-11-17,48.501949310302734
2005-11-18,48.38576126098633
2005-11-21,48.478736877441406
2005-11-22,48.64723587036133
2005-11-23,48.51940155029297
2005-11-25,48.66466522216797
2005-11-28,48.72859573364258
2005-11-29,48.46126937866211
2005-11-30,48.43807220458984
2005-12-01,48.3289909362793
2005-12-02,48.36984634399414
2005-12-05,48.22401428222656
2005-12-06,48.45146179199219
2005-12-07,48.42231369018555
2005-12-08,48.63218688964844
2005-12-09,48.41647720336914
2005-12-12,48.305660247802734
2005-12-13,48.42231369018555
2005-12-14,48.72550201416016
2005-12-15,48.66137313842773
2005-12-16,48.74884796142578
2005-12-19,48.77801132202149
2005-12-20,48.69636917114258
2005-12-21,48.63218688964844
2005-12-22,48.82464599609375
2005-12-23,48.94127655029297
2005-12-27,49.17452621459961
2005-12-28,49.02352142333984
2005-12-29,49.08205795288086
2005-12-30,49.099639892578125
2006-01-03,49.09375381469727
2006-01-04,49.181602478027344
2006-01-05,49.1932487487793
2006-01-06,49.12886047363281
2006-01-09,49.152320861816406
2006-01-10,48.95332717895508
2006-01-11,48.83044052124024
2006-01-12,49.006004333496094
2006-01-13,49.222469329833984
2006-01-17,49.281036376953125
2006-01-18,49.29856872558594
2006-01-19,49.17567443847656
2006-01-20,49.257625579833984
2006-01-23,49.2459602355957
2006-01-24,49.164005279541016
2006-01-25,48.85973358154297
2006-01-26,48.75440216064453
2006-01-27,48.78948211669922
2006-01-30,48.68417739868164
2006-01-31,48.75440216064453
2006-02-01,48.60411834716797
2006-02-02,48.60411834716797
2006-02-03,48.750858306884766
2006-02-06,48.68041229248047
2006-02-07,48.62173080444336
2006-02-08,48.592403411865234
2006-02-09,48.63932800292969
2006-02-10,48.49846267700195
2006-02-13,48.49846267700195
2006-02-14,48.428009033203125
2006-02-15,48.51604843139648
2006-02-16,48.49259948730469
2006-02-17,48.65692901611328
2006-02-21,48.59824752807617
2006-02-22,48.78024291992188
2006-02-23,48.66282272338867
2006-02-24,48.60411834716797
2006-02-27,48.51022338867188
2006-02-28,48.703895568847656
2006-03-01,48.60790252685547
2006-03-02,48.41358184814453
2006-03-03,48.29579544067383
2006-03-06,48.14268112182617
2006-03-07,48.1662712097168
2006-03-08,48.18978118896485
2006-03-09,48.23691940307617
2006-03-10,48.14268112182617
2006-03-13,48.10145950317383
2006-03-14,48.37824630737305
2006-03-15,48.2899169921875
2006-03-16,48.59615707397461
2006-03-17,48.49603271484375
2006-03-20,48.59025955200195
2006-03-21,48.39002990722656
2006-03-22,48.44893264770508
2006-03-23,48.32526779174805
2006-03-24,48.53726577758789
2006-03-27,48.43125534057617
2006-03-28,48.19565963745117
2006-03-29,48.14850616455078
2006-03-30,48.00719451904297
2006-03-31,48.04259490966797
2006-04-03,47.98944091796875
2006-04-04,47.99531173706055
2006-04-05,48.107566833496094
2006-04-06,47.97168350219727
2006-04-07,47.75309753417969
2006-04-10,47.81219482421875
2006-04-11,47.90074920654297
2006-04-12,47.7885627746582
2006-04-13,47.53453826904297
2006-04-17,47.71763610839844
2006-04-18,47.87124633789063
2006-04-19,47.73536682128906
2006-04-20,47.69398880004883
2006-04-21,47.7944450378418
2006-04-24,47.85350799560547
2006-04-25,47.55218505859375
2006-04-26,47.52855682373047
2006-04-27,47.6585578918457
2006-04-28,47.74129104614258
2006-05-01,47.48274230957031
2006-05-02,47.5598030090332
2006-05-03,47.49460983276367
2006-05-04,47.46497344970703
2006-05-05,47.57760620117188
2006-05-08,47.60133361816406
2006-05-09,47.58358001708984
2006-05-10,47.60724639892578
2006-05-11,47.524261474609375
2006-05-12,47.34634399414063
2006-05-15,47.44716644287109
2006-05-16,47.62506866455078
2006-05-17,47.4886589050293
2006-05-18,47.82666015625
2006-05-19,47.796974182128906
2006-05-22,47.86220169067383
2006-05-23,47.84444427490234
2006-05-24,47.91560745239258
2006-05-25,47.83852767944336
2006-05-26,47.88001251220703
2006-05-30,47.83852767944336
2006-05-31,47.69027328491211
2006-06-01,47.77001190185547
2006-06-02,48.139041900634766
2006-06-05,48.0438346862793
2006-06-06,48.08543395996094
2006-06-07,48.0200080871582
2006-06-08,48.08543395996094
2006-06-09,48.20442581176758
2006-06-12,48.18065643310547
2006-06-13,48.24609756469727
2006-06-14,47.92475891113281
2006-06-15,47.81765365600586
2006-06-16,47.78786849975586
2006-06-19,47.73432540893555
2006-06-20,47.69860458374024
2006-06-21,47.692665100097656
2006-06-22,47.53790664672852
2006-06-23,47.49626159667969
2006-06-26,47.46650695800781
2006-06-27,47.59150314331055
2006-06-28,47.436767578125
2006-06-29,47.63314437866211
2006-06-30,47.79980850219727
2006-07-03,47.77706527709961
2006-07-05,47.60382461547852
2006-07-06,47.75318908691406
2006-07-07,47.90255355834961
2006-07-10,47.938385009765625
2006-07-11,47.99216079711914
2006-07-12,48.03398513793945
2006-07-13,48.14148712158203
2006-07-14,48.17738723754883
2006-07-17,48.13554382324219
2006-07-18,47.950340270996094
2006-07-19,48.25503158569336
2006-07-20,48.35658645629883
2006-07-21,48.326759338378906
2006-07-24,48.326759338378906
2006-07-25,48.278934478759766
2006-07-26,48.3984489440918
2006-07-27,48.39238739013672
2006-07-28,48.52388381958008
2006-07-31,48.6015625
2006-08-01,48.612918853759766
2006-08-02,48.654930114746094
2006-08-03,48.66693115234375
2006-08-04,48.90682601928711
2006-08-07,48.8408317565918
2006-08-08,48.84684371948242
2006-08-09,48.82283020019531
2006-08-10,48.83483505249024
2006-08-11,48.67892074584961
2006-08-14,48.59493255615234
2006-08-15,48.82886505126953
2006-08-16,49.03278732299805
2006-08-17,49.0207633972168
2006-08-18,49.152713775634766
2006-08-21,49.21273422241211
2006-08-22,49.23069763183594
2006-08-23,49.18277359008789
2006-08-24,49.23069763183594
2006-08-25,49.29668426513672
2006-08-28,49.29070281982422
2006-08-29,49.33265686035156
2006-08-30,49.39264678955078
2006-08-31,49.4586296081543
2006-09-01,49.53211975097656
2006-09-05,49.36956787109375
2006-09-06,49.3333625793457
2006-09-07,49.36956787109375
2006-09-08,49.41770935058594
2006-09-11,49.327415466308594
2006-09-12,49.465850830078125
2006-09-13,49.51403045654297
2006-09-14,49.41770935058594
2006-09-15,49.38762283325195
2006-09-18,49.31532287597656
2006-09-19,49.61038589477539
2006-09-20,49.622406005859375
2006-09-21,49.977638244628906
2006-09-22,50.128150939941406
2006-09-25,50.29673004150391
2006-09-26,50.17026901245117
2006-09-27,50.15826797485352
2006-09-28,50.11005783081055
2006-09-29,50.05590057373047
2006-10-02,50.14413833618164
2006-10-03,50.138031005859375
2006-10-04,50.36773300170898
2006-10-05,50.19247055053711
2006-10-06,49.9205322265625
2006-10-09,49.98094177246094
2006-10-10,49.67875671386719
2006-10-11,49.61831283569336
2006-10-12,49.64855194091797
2006-10-13,49.56394958496094
2006-10-16,49.64855194091797
2006-10-17,49.70295333862305
2006-10-18,49.69083786010742
2006-10-19,49.64855194091797
2006-10-20,49.63645935058594
2006-10-23,49.497467041015625
2006-10-24,49.56394958496094
2006-10-25,49.7452392578125
2006-10-26,49.9144172668457
2006-10-27,50.077674865722656
2006-10-30,50.10181427001953
2006-10-31,50.32545852661133
2006-11-01,50.500144958496094
2006-11-02,50.36060333251953
2006-11-03,49.97846984863281
2006-11-06,50.02701950073242
2006-11-07,50.1968002319336
2006-11-08,50.3060302734375
2006-11-09,50.29996871948242
2006-11-10,50.40915298461914
2006-11-13,50.38488006591797
2006-11-14,50.48799514770508
2006-11-15,50.348514556884766
2006-11-16,50.22111511230469
2006-11-17,50.403076171875
2006-11-20,50.43342971801758
2006-11-21,50.5062370300293
2006-11-22,50.5850715637207
2006-11-24,50.6396484375
2006-11-27,50.68817901611328
2006-11-28,50.77919387817383
2006-11-29,50.718528747558594
2006-11-30,50.98544692993164
2006-12-01,51.10351943969727
2006-12-04,51.09743881225586
2006-12-05,51.03048324584961
2006-12-06,50.95130157470703
2006-12-07,50.93307113647461
2006-12-08,50.70171356201172
2006-12-11,50.86001968383789
2006-12-12,50.95130157470703
2006-12-13,50.68956756591797
2006-12-14,50.610389709472656
2006-12-15,50.62256240844727
2006-12-18,50.64694595336914
2006-12-19,50.63473510742188
2006-12-20,50.62256240844727
2006-12-21,50.8051643371582
2006-12-22,50.573875427246094
2006-12-26,50.610389709472656
2006-12-27,50.47545623779297
2006-12-28,50.35944747924805
2006-12-29,50.33500289916992
2007-01-03,50.4815673828125
2007-01-04,50.664737701416016
2007-01-05,50.4998779296875
2007-01-08,50.53654479980469
2007-01-09,50.52429962158203
2007-01-10,50.43883895874024
2007-01-11,50.30447769165039
2007-01-12,50.20075607299805
2007-01-16,50.29841613769531
2007-01-17,50.20075607299805
2007-01-18,50.26791000366211
2007-01-19,50.18849182128906
2007-01-22,50.28009414672852
2007-01-23,50.13353729248047
2007-01-24,50.139678955078125
2007-01-25,49.94425201416016
2007-01-26,49.93818283081055
2007-01-29,49.90151977539063
2007-01-30,49.950382232666016
2007-01-31,50.13353729248047
2007-02-01,50.097389221191406
2007-02-02,50.14030456542969
2007-02-05,50.19548797607422
2007-02-06,50.33641052246094
2007-02-07,50.44673156738281
2007-02-08,50.45903015136719
2007-02-09,50.30574798583984
2007-02-12,50.23835372924805
2007-02-13,50.20158386230469
2007-02-14,50.48965072631836
2007-02-15,50.56929016113281
2007-02-16,50.62448120117188
2007-02-20,50.68575286865234
2007-02-21,50.679630279541016
2007-02-22,50.5509147644043
2007-02-23,50.75315856933594
2007-02-26,50.91249847412109
2007-02-27,51.34156036376953
2007-02-28,51.1638069152832
2007-03-01,51.20989608764648
2007-03-02,51.37594985961914
2007-03-05,51.40671920776367
2007-03-06,51.339054107666016
2007-03-07,51.431297302246094
2007-03-08,51.42516326904297
2007-03-09,51.13614654541016
2007-03-12,51.27757263183594
2007-03-13,51.50510025024414
2007-03-14,51.43742370605469
2007-03-15,51.382118225097656
2007-03-16,51.37594985961914
2007-03-19,51.30830764770508
2007-03-20,51.382118225097656
2007-03-21,51.45590591430664
2007-03-22,51.2837028503418
2007-03-23,51.20378494262695
2007-03-26,51.246826171875
2007-03-27,51.23454284667969
2007-03-28,51.2283821105957
2007-03-29,51.1545524597168
2007-03-30,51.09312057495117
2007-04-02,51.149864196777344
2007-04-03,51.106693267822266
2007-04-04,51.18692398071289
2007-04-05,51.05725860595703
2007-04-09,50.82275772094727
2007-04-10,50.92765045166016
2007-04-11,50.86593246459961
2007-04-12,50.91529846191406
2007-04-13,50.82887649536133
2007-04-16,50.88443756103516
2007-04-17,51.10048294067383
2007-04-18,51.21781921386719
2007-04-19,51.21160888671875
2007-04-20,51.15601348876953
2007-04-23,51.26095581054688
2007-04-24,51.35973739624024
2007-04-25,51.32893753051758
2007-04-26,51.18072509765625
2007-04-27,51.18072509765625
2007-04-30,51.40298080444336
2007-05-01,51.40547180175781
2007-05-02,51.34347152709961
2007-05-03,51.28775787353516
2007-05-04,51.41785430908203
2007-05-07,51.46125411987305
2007-05-08,51.46125411987305
2007-05-09,51.29387664794922
2007-05-10,51.424049377441406
2007-05-11,51.3187141418457
2007-05-14,51.24433898925781
2007-05-15,51.23817825317383
2007-05-16,51.20716857910156
2007-05-17,51.07084274291992
2007-05-18,50.92214584350586
2007-05-21,50.99028778076172
2007-05-22,50.84779739379883
2007-05-23,50.74867630004883
2007-05-24,50.81682586669922
2007-05-25,50.76102828979492
2007-05-29,50.65568161010742
2007-05-30,50.70526123046875
2007-05-31,50.68667221069336
2007-06-01,50.46829605102539
2007-06-04,50.54916000366211
2007-06-05,50.38744354248047
2007-06-06,50.41230773925781
2007-06-07,49.90837097167969
2007-06-08,50.00167083740234
2007-06-11,49.87105178833008
2007-06-12,49.516448974609375
2007-06-13,49.67818069458008
2007-06-14,49.69063186645508
2007-06-15,49.90837097167969
2007-06-18,49.88349533081055
2007-06-19,50.12611770629883
2007-06-20,49.96438217163086
2007-06-21,49.90216064453125
2007-06-22,50.05144119262695
2007-06-25,50.213226318359375
2007-06-26,50.22568130493164
2007-06-27,50.21944427490234
2007-06-28,50.1883430480957
2007-06-29,50.44964218139648
2007-07-02,50.52648162841797
2007-07-03,50.37660217285156
2007-07-05,50.09552383422852
2007-07-06,49.97684860229492
2007-07-09,50.157989501953125
2007-07-10,50.50149154663086
2007-07-11,50.32660675048828
2007-07-12,50.18294143676758
2007-07-13,50.295372009277344
2007-07-16,50.495243072509766
2007-07-17,50.389068603515625
2007-07-18,50.5701789855957
2007-07-19,50.563961029052734
2007-07-20,50.813743591308594
2007-07-23,50.79505920410156
2007-07-24,50.93241500854492
2007-07-25,51.00114822387695
2007-07-26,51.40707015991211
2007-07-27,51.50707626342773
2007-07-30,51.37587356567383
2007-07-31,51.58819580078125
2007-08-01,51.44523620605469
2007-08-02,51.48288345336914
2007-08-03,51.81513977050781
2007-08-06,51.60825729370117
2007-08-07,51.60197067260742
2007-08-08,51.244571685791016
2007-08-09,51.53300857543945
2007-08-10,51.45779800415039
2007-08-13,51.53927612304688
2007-08-14,51.72738265991211
2007-08-15,51.821434020996094
2007-08-16,52.02213287353516
2007-08-17,52.05972290039063
2007-08-20,52.17251968383789
2007-08-21,52.398319244384766
2007-08-22,52.22896957397461
2007-08-23,52.24781036376953
2007-08-24,52.2666015625
2007-08-27,52.41082382202149
2007-08-28,52.68044662475586
2007-08-29,52.47980880737305
2007-08-30,52.7431640625
2007-08-31,52.755672454833984
2007-09-04,52.65748596191406
2007-09-05,52.98481369018555
2007-09-06,52.87151336669922
2007-09-07,53.43808364868164
2007-09-10,53.5576400756836
2007-09-11,53.44427490234375
2007-09-12,53.312129974365234
2007-09-13,52.99738693237305
2007-09-14,53.06667709350586
2007-09-17,53.09811401367188
2007-09-18,53.041481018066406
2007-09-19,52.85261535644531
2007-09-20,52.25460815429688
2007-09-21,52.51900100708008
2007-09-24,52.58822250366211
2007-09-25,52.59452819824219
2007-09-26,52.61343002319336
2007-09-27,52.78337478637695
2007-09-28,52.80227279663086
2007-10-01,52.86542892456055
2007-10-02,52.97917938232422
2007-10-03,52.94124984741211
2007-10-04,53.03606414794922
2007-10-05,52.56843566894531
2007-10-08,52.75804138183594
2007-10-09,52.5937385559082
2007-10-10,52.644317626953125
2007-10-11,52.6506233215332
2007-10-12,52.47371673583984
2007-10-15,52.5242919921875
2007-10-16,52.669559478759766
2007-10-17,52.9918098449707
2007-10-18,53.19402694702149
2007-10-19,53.64891052246094
2007-10-22,53.54783248901367
2007-10-23,53.53521347045898
2007-10-24,53.80684280395508
2007-10-25,53.762638092041016
2007-10-26,53.62995529174805
2007-10-29,53.6741828918457
2007-10-30,53.73106384277344
2007-10-31,53.37089920043945
2007-11-01,53.80647277832031
2007-11-02,53.952335357666016
2007-11-05,53.88892364501953
2007-11-06,53.79380798339844
2007-11-07,53.990352630615234
2007-11-08,54.1108512878418
2007-11-09,54.4342155456543
2007-11-12,54.52933883666992
2007-11-13,54.2503662109375
2007-11-14,54.28839111328125
2007-11-15,54.59271240234375
2007-11-16,54.59271240234375
2007-11-19,54.9858512878418
2007-11-20,54.8399772644043
2007-11-21,55.27120208740234
2007-11-23,55.10630798339844
2007-11-26,55.86085891723633
2007-11-27,55.340938568115234
2007-11-28,55.144378662109375
2007-11-29,55.455074310302734
2007-11-30,55.531158447265625
2007-12-03,55.75063705444336
2007-12-04,55.80154037475586
2007-12-05,55.59159851074219
2007-12-06,55.2989616394043
2007-12-07,54.9426383972168
2007-12-10,54.8154411315918
2007-12-11,55.56613540649414
2007-12-12,55.10175323486328
2007-12-13,54.69457626342773
2007-12-14,54.53546905517578
2007-12-17,54.85992050170898
2007-12-18,54.96812057495117
2007-12-19,55.40705871582031
2007-12-20,55.31802749633789
2007-12-21,54.917179107666016
2007-12-24,54.758148193359375
2007-12-26,54.497314453125
2007-12-27,54.86319351196289
2007-12-28,55.30382537841797
2007-12-31,55.55921936035156
2008-01-02,55.95509719848633
2008-01-03,56.07003402709961
2008-01-04,56.2169189453125
2008-01-07,56.319091796875
2008-01-08,56.440406799316406
2008-01-09,56.35097122192383
2008-01-10,56.19775390625
2008-01-11,56.55532836914063
2008-01-14,56.58084487915039
2008-01-15,56.95119857788086
2008-01-16,56.84264755249024
2008-01-17,57.30240631103516
2008-01-18,57.21943283081055
2008-01-22,57.85798645019531
2008-01-23,57.58975982666016
2008-01-24,57.0661735534668
2008-01-25,57.59614944458008
2008-01-28,57.38543319702149
2008-01-29,57.15557861328125
2008-01-30,57.13003158569336
2008-01-31,57.42375183105469
2008-02-01,57.6101188659668
2008-02-04,57.28989028930664
2008-02-05,57.69344329833984
2008-02-06,57.59095764160156
2008-02-07,56.94398880004883
2008-02-08,57.42437744140625
2008-02-11,57.55248260498047
2008-02-12,57.4307975769043
2008-02-13,57.18735885620117
2008-02-14,56.87351608276367
2008-02-15,56.9952507019043
2008-02-19,56.58526611328125
2008-02-20,56.53404235839844
2008-02-21,57.116920471191406
2008-02-22,56.95678329467773
2008-02-25,56.57892227172852
2008-02-26,56.71982955932617
2008-02-27,56.85429382324219
2008-02-28,57.520484924316406
2008-02-29,58.13545989990234
2008-03-03,57.98759841918945
2008-03-04,57.769134521484375
2008-03-05,57.51854705810547
2008-03-06,57.98122024536133
2008-03-07,58.18034362792969
2008-03-10,58.59796524047852
2008-03-11,57.9619369506836
2008-03-12,58.63011169433594
2008-03-13,58.32176208496094
2008-03-14,58.92570114135742
2008-03-17,59.221229553222656
2008-03-18,58.81642532348633
2008-03-19,59.32407760620117
2008-03-20,59.45256805419922
2008-03-24,58.40524291992188
2008-03-25,58.61086654663086
2008-03-26,58.65582275390625
2008-03-27,58.578731536865234
2008-03-28,58.80997467041016
2008-03-31,58.91282272338867
2008-04-01,58.39774703979492
2008-04-02,58.20429611206055
2008-04-03,58.20429611206055
2008-04-04,58.64916229248047
2008-04-07,58.26238250732422
2008-04-08,58.26876068115234
2008-04-09,58.61690521240234
2008-04-10,58.38482284545898
2008-04-11,58.6362533569336
2008-04-14,58.48794555664063
2008-04-15,58.22364807128906
2008-04-16,57.83039093017578
2008-04-17,57.694969177246094
2008-04-18,57.636993408203125
2008-04-21,57.64341735839844
2008-04-22,57.68855285644531
2008-04-23,57.63051986694336
2008-04-24,57.1792221069336
2008-04-25,57.101863861083984
2008-04-28,57.205055236816406
2008-04-29,57.30816650390625
2008-04-30,57.48867416381836
2008-05-01,57.48217010498047
2008-05-02,57.0166130065918
2008-05-05,57.10064697265625
2008-05-06,56.91951751708984
2008-05-07,57.145938873291016
2008-05-08,57.51456069946289
2008-05-09,57.5792236328125
2008-05-12,57.48217010498047
2008-05-13,57.00360107421875
2008-05-14,56.984222412109375
2008-05-15,57.30112075805664
2008-05-16,57.20414733886719
2008-05-19,57.33348083496094
2008-05-20,57.50811004638672
2008-05-21,57.37226104736328
2008-05-22,56.99712753295898
2008-05-23,57.24942398071289
2008-05-27,56.97129440307617
2008-05-28,56.54448318481445
2008-05-29,56.279296875
2008-05-30,56.466827392578125
2008-06-02,56.802364349365234
2008-06-03,57.10092544555664
2008-06-04,56.89328002929688
2008-06-05,56.59465789794922
2008-06-06,57.087928771972656
2008-06-09,56.67905044555664
2008-06-10,56.34157943725586
2008-06-11,56.39999008178711
2008-06-12,55.90670394897461
2008-06-13,55.77692794799805
2008-06-16,55.78342819213867
2008-06-17,55.97163391113281
2008-06-18,56.27666091918945
2008-06-19,55.95217514038086
2008-06-20,56.211761474609375
2008-06-23,56.1858024597168
2008-06-24,56.48435974121094
2008-06-25,56.47785568237305
2008-06-26,56.795894622802734
2008-06-27,57.07502365112305
2008-06-30,57.11391830444336
2008-07-01,56.95893096923828
2008-07-02,57.09568786621094
2008-07-03,57.11524200439453
2008-07-07,57.38214492797852
2008-07-08,57.52544403076172
2008-07-09,57.79894256591797
2008-07-10,57.8184814453125
2008-07-11,57.27799224853516
2008-07-14,57.58404541015625
2008-07-15,57.79239654541016
2008-07-16,57.26503372192383
2008-07-17,56.99148941040039
2008-07-18,56.79610824584961
2008-07-21,56.92635726928711
2008-07-22,56.7309799194336
2008-07-23,56.639835357666016
2008-07-24,57.12825012207031
2008-07-25,56.79610824584961
2008-07-28,57.12174987792969
2008-07-29,56.95893096923828
2008-07-30,57.06962203979492
2008-07-31,57.52544403076172
2008-08-01,57.5542106628418
2008-08-04,57.51502227783203
2008-08-05,57.220951080322266
2008-08-06,57.24055862426758
2008-08-07,57.77639389038086
2008-08-08,57.75025939941406
2008-08-11,57.46925354003906
2008-08-12,57.86781311035156
2008-08-13,57.74369430541992
2008-08-14,57.92009735107422
2008-08-15,58.135719299316406
2008-08-18,58.27949142456055
2008-08-19,58.19456481933594
2008-08-20,58.36446380615234
2008-08-21,58.24029541015625
2008-08-22,58.070404052734375
2008-08-25,58.455963134765625
2008-08-26,58.475547790527344
2008-08-27,58.56046295166016
2008-08-28,58.475547790527344
2008-08-29,58.40362930297852
2008-09-02,58.721641540527344
2008-09-03,58.86587142944336
2008-09-04,59.1608772277832
2008-09-05,59.029762268066406
2008-09-08,59.03630065917969
2008-09-09,59.30508041381836
2008-09-10,59.15433883666992
2008-09-11,59.049461364746094
2008-09-12,58.75440979003906
2008-09-15,59.88203048706055
2008-09-16,59.71157455444336
2008-09-17,60.2491340637207
2008-09-18,59.54114532470703
2008-09-19,58.47908020019531
2008-09-22,58.35446166992188
2008-09-23,58.35446166992188
2008-09-24,58.5052375793457
2008-09-25,58.32826614379883
2008-09-26,58.28894805908203
2008-09-29,59.10187911987305
2008-09-30,58.32172775268555
2008-10-01,58.73285675048828
2008-10-02,59.06181716918945
2008-10-03,59.28546524047852
2008-10-06,59.76571273803711
2008-10-07,59.719608306884766
2008-10-08,58.956581115722656
2008-10-09,58.36445617675781
2008-10-10,57.68033218383789
2008-10-13,57.285606384277344
2008-10-14,57.0158805847168
2008-10-15,57.48298263549805
2008-10-16,57.49611282348633
2008-10-17,57.85790252685547
2008-10-20,57.9171257019043
2008-10-21,58.5289306640625
2008-10-22,58.976318359375
2008-10-23,59.0551872253418
2008-10-24,58.80522537231445
2008-10-27,58.77235412597656
2008-10-28,58.29869842529297
2008-10-29,58.38422393798828
2008-10-30,57.9369010925293
2008-10-31,57.8184700012207
2008-11-03,57.910865783691406
2008-11-04,58.60417556762695
2008-11-05,58.91448211669922
2008-11-06,58.7362174987793
2008-11-07,58.52494430541992
2008-11-10,58.58436584472656
2008-11-11,58.80223846435547
2008-11-12,59.1654052734375
2008-11-13,58.7362174987793
2008-11-14,59.31723403930664
2008-11-17,59.56816482543945
2008-11-18,60.03027725219727
2008-11-19,60.67733383178711
2008-11-20,61.89886093139648
2008-11-21,61.33100128173828
2008-11-24,60.75658416748047
2008-11-25,61.799781799316406
2008-11-26,62.17607498168945
2008-11-28,62.30157470703125
2008-12-01,63.14487075805664
2008-12-02,63.47612380981445
2008-12-03,63.575462341308594
2008-12-04,63.97296524047852
2008-12-05,63.297245025634766
2008-12-08,63.05874252319336
2008-12-09,63.59536743164063
2008-12-10,63.53574752807617
2008-12-11,63.91997146606445
2008-12-12,64.09882354736328
2008-12-15,64.23793029785156
2008-12-16,65.25811767578125
2008-12-17,65.70196533203125
2008-12-18,66.14579772949219
2008-12-19,65.92717742919922
2008-12-22,65.75494384765625
2008-12-23,65.72183990478516
2008-12-24,65.65557861328125
2008-12-26,66.00666809082031
2008-12-29,66.15233612060547
2008-12-30,66.24542236328125
2008-12-31,65.51398468017578
2009-01-02,64.5764389038086
2009-01-05,64.4634017944336
2009-01-06,64.42349243164062
2009-01-07,64.436767578125
2009-01-08,64.60966491699219
2009-01-09,64.90892028808594
2009-01-12,65.31449890136719
2009-01-13,65.36103057861328
2009-01-14,65.72672271728516
2009-01-15,65.67359161376953
2009-01-16,65.0684585571289
2009-01-20,64.96873474121094
2009-01-21,64.39029693603516
2009-01-22,63.9647102355957
2009-01-23,63.97803497314453
2009-01-26,63.81842041015625
2009-01-27,64.23738098144531
2009-01-28,63.82514572143555
2009-01-29,62.99398422241211
2009-01-30,62.96735000610352
2009-02-02,63.478065490722656
2009-02-03,62.931396484375
2009-02-04,62.61125564575195
2009-02-05,62.75796890258789
2009-02-06,62.37788009643555
2009-02-09,62.2512321472168
2009-02-10,63.08470916748047
2009-02-11,63.57147979736328
2009-02-12,63.55142593383789
2009-02-13,63.05135726928711
2009-02-17,64.11151885986328
2009-02-18,63.644775390625
2009-02-19,63.29143524169922
2009-02-20,63.47141647338867
2009-02-23,63.53145980834961
2009-02-24,63.29143524169922
2009-02-25,62.71796798706055
2009-02-26,62.55794143676758
2009-02-27,62.5046272277832
2009-03-02,63.13169479370117
2009-03-03,63.05147552490234
2009-03-04,62.730560302734375
2009-03-05,63.466007232666016
2009-03-06,63.16511154174805
2009-03-09,63.19189453125
2009-03-10,62.730560302734375
2009-03-11,63.17848205566406
2009-03-12,63.35904312133789
2009-03-13,63.3122444152832
2009-03-16,62.95116424560547
2009-03-17,62.830810546875
2009-03-18,64.9836196899414
2009-03-19,64.76299285888672
2009-03-20,64.76299285888672
2009-03-23,64.5423583984375
2009-03-24,64.44876098632812
2009-03-25,64.06099700927734
2009-03-26,64.2281723022461
2009-03-27,64.18798065185547
2009-03-30,64.46215057373047
2009-03-31,64.5758056640625
2009-04-01,64.73396301269531
2009-04-02,64.31159210205078
2009-04-03,63.57412338256836
2009-04-06,63.42659759521485
2009-04-07,63.58753967285156
2009-04-08,63.90264129638672
2009-04-09,63.52718734741211
2009-04-13,63.90264129638672
2009-04-14,64.23114776611328
2009-04-15,64.29148864746094
2009-04-16,64.0367431640625
2009-04-17,63.52045440673828
2009-04-20,63.96297454833984
2009-04-21,63.71489334106445
2009-04-22,63.560733795166016
2009-04-23,63.54729843139648
2009-04-24,63.299224853515625
2009-04-27,63.560733795166016
2009-04-28,63.25227737426758
2009-04-29,62.91036605834961
2009-04-30,62.80305099487305
2009-05-01,62.60131454467773
2009-05-04,62.661842346191406
2009-05-05,62.64839553833008
2009-05-06,62.67528533935547
2009-05-07,62.150760650634766
2009-05-08,62.224708557128906
2009-05-11,62.80974578857422
2009-05-12,62.769412994384766
2009-05-13,63.05862045288086
2009-05-14,63.065311431884766
2009-05-15,62.91062545776367
2009-05-18,62.5407829284668
2009-05-19,62.45334243774414
2009-05-20,62.64839553833008
2009-05-21,61.96247482299805
2009-05-22,61.59931182861328
2009-05-26,61.18912506103516
2009-05-27,60.49645233154297
2009-05-28,60.81245803833008
2009-05-29,61.4984245300293
2009-06-01,60.49481964111328
2009-06-02,60.69713973999024
2009-06-03,61.068119049072266
2009-06-04,60.359893798828125
2009-06-05,59.75962448120117
2009-06-08,59.45611572265625
2009-06-09,59.712398529052734
2009-06-10,59.35493087768555
2009-06-11,59.75962448120117
2009-06-12,60.076690673828125
2009-06-15,60.34641647338867
2009-06-16,60.68365097045898
2009-06-17,60.52178192138672
2009-06-18,59.786617279052734
2009-06-19,60.06318283081055
2009-06-22,60.38689041137695
2009-06-23,60.5825080871582
2009-06-24,60.35321044921875
2009-06-25,61.10857772827149
2009-06-26,61.1895637512207
2009-06-29,61.31769943237305
2009-06-30,61.15583801269531
2009-07-01,61.11655426025391
2009-07-02,61.3194694519043
2009-07-06,61.360084533691406
2009-07-07,61.60358047485352
2009-07-08,62.31375503540039
2009-07-09,61.94845581054688
2009-07-10,62.33405303955078
2009-07-13,62.11080551147461
2009-07-14,61.6982536315918
2009-07-15,60.900123596191406
2009-07-16,61.2653694152832
2009-07-17,60.85279846191406
2009-07-20,61.07600784301758
2009-07-21,61.75915145874024
2009-07-22,61.3939094543457
2009-07-23,60.79868698120117
2009-07-24,60.92720413208008
2009-07-27,60.64312744140625
2009-07-28,60.76485824584961
2009-07-29,60.805423736572266
2009-07-30,61.04890060424805
2009-07-31,61.6644172668457
2009-08-03,61.009159088134766
2009-08-04,60.83281326293945
2009-08-05,60.48687744140625
2009-08-06,60.48687744140625
2009-08-07,60.08661651611328
2009-08-10,60.47325897216797
2009-08-11,60.89384460449219
2009-08-12,60.72425842285156
2009-08-13,61.19910430908203
2009-08-14,61.38902282714844
2009-08-17,61.80957794189453
2009-08-18,61.59259033203125
2009-08-19,61.8231201171875
2009-08-20,61.985958099365234
2009-08-21,61.35508346557617
2009-08-24,61.73499298095703
2009-08-25,61.89780426025391
2009-08-26,61.97920989990234
2009-08-27,61.80957794189453
2009-08-28,61.95204925537109
2009-08-31,62.135196685791016
2009-09-01,62.2964096069336
2009-09-02,62.63654708862305
2009-09-03,62.41202926635742
2009-09-04,62.03796005249024
2009-09-08,61.895137786865234
2009-09-09,61.94949722290039
2009-09-10,62.41202926635742
2009-09-11,62.59576034545898
2009-09-14,62.22842025756836
2009-09-15,62.099159240722656
2009-09-16,62.05157470703125
2009-09-17,62.35759735107422
2009-09-18,62.02436828613281
2009-09-21,61.983516693115234
2009-09-22,62.14674758911133
2009-09-23,62.28278732299805
2009-09-24,62.452857971191406
2009-09-25,62.70452499389648
2009-09-28,62.81342697143555
2009-09-29,62.78620910644531
2009-09-30,62.833744049072266
2009-10-01,63.3065185546875
2009-10-02,63.27924728393555
2009-10-05,63.272403717041016
2009-10-06,63.0677375793457
2009-10-07,63.4702033996582
2009-10-08,63.23828125
2009-10-09,62.63119888305664
2009-10-12,62.81538009643555
2009-10-13,62.95864868164063
2009-10-14,62.52887725830078
2009-10-15,62.324256896972656
2009-10-16,62.61075210571289
2009-10-19,62.70625686645508
2009-10-20,62.8494873046875
2009-10-21,62.70625686645508
2009-10-22,62.52206802368164
2009-10-23,62.21513366699219
2009-10-26,61.860443115234375
2009-10-27,62.39249420166016
2009-10-28,62.58344650268555
2009-10-29,62.2833251953125
2009-10-30,62.747169494628906
2009-11-02,62.58209228515625
2009-11-03,62.43765640258789
2009-11-04,62.26565170288086
2009-11-05,62.27936553955078
2009-11-06,62.46520233154297
2009-11-09,62.4926872253418
2009-11-10,62.54081344604492
2009-11-11,62.71968078613281
2009-11-12,62.74029922485352
2009-11-13,62.78849792480469
2009-11-16,63.125484466552734
2009-11-17,63.26307678222656
2009-11-18,63.104888916015625
2009-11-19,63.18051528930664
2009-11-20,63.17361068725586
2009-11-23,63.08425521850586
2009-11-24,63.40752029418945
2009-11-25,63.62075805664063
2009-11-27,63.909698486328125
2009-11-30,64.01284790039062
2009-12-01,63.659889221191406
2009-12-02,63.52886199951172
2009-12-03,63.23244094848633
2009-12-04,62.7636604309082
2009-12-07,62.9360237121582
2009-12-08,63.15658950805664
2009-12-09,63.032508850097656
2009-12-10,62.81880569458008
2009-12-11,62.50858688354492
2009-12-14,62.50858688354492
2009-12-15,62.308631896972656
2009-12-16,62.308631896972656
2009-12-17,62.86017227172852
2009-12-18,62.549949645996094
2009-12-21,61.9088020324707
2009-12-22,61.633033752441406
2009-12-23,61.60541915893555
2009-12-24,61.38483047485352
2009-12-28,61.21939468383789
2009-12-29,61.38100814819336
2009-12-30,61.49150085449219
2009-12-31,61.19448471069336
2010-01-04,61.34642791748047
2010-01-05,61.61577987670898
2010-01-06,61.36717224121094
2010-01-07,61.36717224121094
2010-01-08,61.443145751953125
2010-01-11,61.48460388183594
2010-01-12,61.92669296264648
2010-01-13,61.62966537475586
2010-01-14,61.919708251953125
2010-01-15,62.19601440429688
2010-01-19,62.08550262451172
2010-01-20,62.29957962036133
2010-01-21,62.52750015258789
2010-01-22,62.58280563354492
2010-01-25,62.44465637207031
2010-01-26,62.56900024414063
2010-01-27,62.42388153076172
2010-01-28,62.4032096862793
2010-01-29,62.644927978515625
2010-02-01,62.43010711669922
2010-02-02,62.53406524658203
2010-02-03,62.236087799072266
2010-02-04,62.74889373779297
2010-02-05,62.94985580444336
2010-02-08,62.8944091796875
2010-02-09,62.55485534667969
2010-02-10,62.38158798217773
2010-02-11,62.30538940429688
2010-02-12,62.45093536376953
2010-02-16,62.58950424194336
2010-02-17,62.25689315795898
2010-02-18,62.03509521484375
2010-02-19,62.06978988647461
2010-02-22,62.02128982543945
2010-02-23,62.49245834350586
2010-02-24,62.527103424072266
2010-02-25,62.75584411621094
2010-02-26,62.85282897949219
2010-03-01,62.91818237304688
2010-03-02,62.95286560058594
2010-03-03,62.890384674072266
2010-03-04,63.00155258178711
2010-03-05,62.70276641845703
2010-03-08,62.535980224609375
2010-03-09,62.695777893066406
2010-03-10,62.59156799316406
2010-03-11,62.535980224609375
2010-03-12,62.63325881958008
2010-03-15,62.63325881958008
2010-03-16,62.876461029052734
2010-03-17,62.95286560058594
2010-03-18,62.7861557006836
2010-03-19,62.70276641845703
2010-03-22,62.911231994628906
2010-03-23,62.7791748046875
2010-03-24,62.15382385253906
2010-03-25,61.92451477050781
2010-03-26,62.07048797607422
2010-03-29,61.98011779785156
2010-03-30,62.04262161254883
2010-03-31,62.18857955932617
2010-04-01,62.0595932006836
2010-04-05,61.50215148925781
2010-04-06,61.68334579467773
2010-04-07,62.06661987304688
2010-04-08,61.99694061279297
2010-04-09,62.06661987304688
2010-04-12,62.23385620117188
2010-04-13,62.352333068847656
2010-04-14,62.18511199951172
2010-04-15,62.28960800170898
2010-04-16,62.66593933105469
2010-04-19,62.51259613037109
2010-04-20,62.54049301147461
2010-04-21,62.74249267578125
2010-04-22,62.5962142944336
2010-04-23,62.42202758789063
2010-04-26,62.46381378173828
2010-04-27,63.04914474487305
2010-04-28,62.72856140136719
2010-04-29,62.833133697509766
2010-04-30,63.21642303466797
2010-05-03,63.050758361816406
2010-05-04,63.47710418701172
2010-05-05,63.72173309326172
2010-05-06,64.42060852050781
2010-05-07,64.24591827392578
2010-05-10,63.75673294067383
2010-05-11,63.833526611328125
2010-05-12,63.67276382446289
2010-05-13,63.84755706787109
2010-05-14,64.25990295410156
2010-05-17,64.1201171875
2010-05-18,64.58841705322266
2010-05-19,64.64433288574219
2010-05-20,65.27336883544922
2010-05-21,65.30831909179688
2010-05-24,65.30831909179688
2010-05-25,65.53196716308594
2010-05-26,65.39912414550781
2010-05-27,64.7771224975586
2010-05-28,65.0706558227539
2010-06-01,65.15476989746094
2010-06-02,64.78327178955078
2010-06-03,64.69219207763672
2010-06-04,65.58930206298828
2010-06-07,65.85567474365234
2010-06-08,65.65241241455078
2010-06-09,65.65945434570312
2010-06-10,65.04961395263672
2010-06-11,65.46311950683594
2010-06-14,65.40711975097656
2010-06-15,65.20380401611328
2010-06-16,65.38604736328125
2010-06-17,65.69447326660156
2010-06-18,65.561279296875
2010-06-21,65.51222229003906
2010-06-22,65.90470886230469
2010-06-23,66.15003204345703
2010-06-24,66.09394073486328
2010-06-25,66.19911193847656
2010-06-28,66.66869354248047
2010-06-29,66.95604705810547
2010-06-30,67.05416870117188
2010-07-01,67.02473449707031
2010-07-02,66.90522766113281
2010-07-06,67.06681060791016
2010-07-07,66.85601806640625
2010-07-08,66.69437408447266
2010-07-09,66.51873779296875
2010-07-12,66.63113403320312
2010-07-13,66.3009033203125
2010-07-14,66.63113403320312
2010-07-15,66.97547912597656
2010-07-16,67.36197662353516
2010-07-19,67.18628692626953
2010-07-20,67.25653839111328
2010-07-21,67.68518829345703
2010-07-22,67.31277465820312
2010-07-23,67.09495544433594
2010-07-26,67.07380676269531
2010-07-27,66.84197235107422
2010-07-28,67.13003540039062
2010-07-29,67.27058410644531
2010-07-30,67.66410064697266
2010-08-02,67.45488739013672
2010-08-03,67.7719497680664
2010-08-04,67.49009704589844
2010-08-05,67.81417083740234
2010-08-06,68.25806427001953
2010-08-09,68.24401092529297
2010-08-10,68.58921813964844
2010-08-11,68.97676086425781
2010-08-12,68.80061340332031
2010-08-13,69.09651184082031
2010-08-16,69.59674835205078
2010-08-17,69.24443817138672
2010-08-18,69.17401885986328
2010-08-19,69.48406982421875
2010-08-20,69.25855255126953
2010-08-23,69.3501968383789
2010-08-24,69.89970397949219
2010-08-25,69.58270263671875
2010-08-26,69.89970397949219
2010-08-27,69.09651184082031
2010-08-30,69.62493133544922
2010-08-31,69.9349594116211
2010-09-01,69.43132781982422
2010-09-02,69.1417007446289
2010-09-03,68.74626159667969
2010-09-07,69.29007720947266
2010-09-08,69.0993423461914
2010-09-09,68.55553436279297
2010-09-10,68.35774993896484
2010-09-13,68.68260955810547
2010-09-14,69.02875518798828
2010-09-15,68.78862762451172
2010-09-16,68.54840087890625
2010-09-17,68.70382690429688
2010-09-20,68.9157485961914
2010-09-21,69.55848693847656
2010-09-22,69.66442108154297
2010-09-23,69.76332092285156
2010-09-24,69.41722106933594
2010-09-27,69.95399475097656
2010-09-28,70.18704223632812
2010-09-29,70.01756286621094
2010-09-30,69.93279266357422
2010-10-01,69.97032928466797
2010-10-04,70.21814727783203
2010-10-05,70.23230743408203
2010-10-06,70.68543243408203
2010-10-07,70.7562026977539
2010-10-08,70.78450012207031
2010-10-11,70.85536193847656
2010-10-12,70.64997863769531
2010-10-13,70.64997863769531
2010-10-14,70.24649810791016
2010-10-15,69.94200897216797
2010-10-18,70.2748031616211
2010-10-19,70.51547241210938
2010-10-20,70.47303771972656
2010-10-21,70.08361053466797
2010-10-22,70.10485076904297
2010-10-25,70.08361053466797
2010-10-26,69.6163558959961
2010-10-27,69.21282196044922
2010-10-28,69.6163558959961
2010-10-29,69.92787170410156
2010-11-01,69.81077575683594
2010-11-02,70.0449447631836
2010-11-03,70.27208709716797
2010-11-04,70.83979034423828
2010-11-05,70.54173278808594
2010-11-08,70.56303405761719
2010-11-09,69.96688842773438
2010-11-10,70.22946166992188
2010-11-11,70.15143585205078
2010-11-12,69.56946563720703
2010-11-15,68.67529296875
2010-11-16,69.18621826171875
2010-11-17,68.98755645751953
2010-11-18,68.8243408203125
2010-11-19,68.96627807617188
2010-11-22,69.33531188964844
2010-11-23,69.47725677490234
2010-11-24,68.73210144042969
2010-11-26,69.03008270263672
2010-11-29,69.17922973632812
2010-11-30,69.2997817993164
2010-12-01,68.38847351074219
2010-12-02,68.21771240234375
2010-12-03,68.22484588623047
2010-12-06,68.65171813964844
2010-12-07,67.51344299316406
2010-12-08,66.93716430664062
2010-12-09,67.07949829101562
2010-12-10,66.51034545898438
2010-12-13,66.72374725341797
2010-12-14,66.01944732666016
2010-12-15,65.74909973144531
2010-12-16,66.1404037475586
2010-12-17,66.70951843261719
2010-12-20,66.70243835449219
2010-12-21,66.84471893310547
2010-12-22,66.65974426269531
2010-12-23,66.42497253417969
2010-12-27,66.68109130859375
2010-12-28,65.98060607910156
2010-12-29,66.72249603271484
2010-12-30,66.58692169189453
2010-12-31,66.92218017578125
2011-01-03,66.71530151367188
2011-01-04,66.8722915649414
2011-01-05,66.15185546875
2011-01-06,66.4941635131836
2011-01-07,66.93647003173828
2011-01-10,67.16470336914062
2011-01-11,66.90077209472656
2011-01-12,66.70817565917969
2011-01-13,67.15754699707031
2011-01-14,66.97209167480469
2011-01-18,66.80805206298828
2011-01-19,66.979248046875
2011-01-20,66.45855712890625
2011-01-21,66.67963409423828
2011-01-24,66.68680572509766
2011-01-25,67.02203369140625
2011-01-26,66.61546325683594
2011-01-27,66.8650894165039
2011-01-28,67.17181396484375
2011-01-31,66.9079360961914
2011-02-01,66.59683227539062
2011-02-02,66.43952178955078
2011-02-03,66.060546875
2011-02-04,65.65293884277344
2011-02-07,65.62435150146484
2011-02-08,65.17384338378906
2011-02-09,65.54561614990234
2011-02-10,65.33113098144531
2011-02-11,65.6314468383789
2011-02-14,65.65293884277344
2011-02-15,65.80313110351562
2011-02-16,65.71012115478516
2011-02-17,65.95327758789062
2011-02-18,65.93894958496094
2011-02-22,66.57542419433594
2011-02-23,66.41093444824219
2011-02-24,66.5825424194336
2011-02-25,66.79708862304688
2011-02-28,66.76848602294922
2011-03-01,66.8444595336914
2011-03-02,66.49322509765625
2011-03-03,66.0416488647461
2011-03-04,66.51473999023438
2011-03-07,66.3498764038086
2011-03-08,66.19217681884766
2011-03-09,66.57926940917969
2011-03-10,67.1455078125
2011-03-11,66.98782348632812
2011-03-14,67.13829803466797
2011-03-15,67.38200378417969
2011-03-16,67.95538330078125
2011-03-17,67.7475357055664
2011-03-18,67.70455932617188
2011-03-21,67.35332489013672
2011-03-22,67.38916778564453
2011-03-23,67.30314636230469
2011-03-24,66.95909881591797
2011-03-25,66.7799301147461
2011-03-28,66.80145263671875
2011-03-29,66.60790252685547
2011-03-30,66.83731079101562
2011-03-31,66.66526794433594
2011-04-01,66.80754089355469
2011-04-04,66.95848846435547
2011-04-05,66.62067413330078
2011-04-06,66.3332290649414
2011-04-07,66.34037780761719
2011-04-08,66.14643096923828
2011-04-11,66.23258209228516
2011-04-12,66.60633850097656
2011-04-13,66.86507415771484
2011-04-14,66.64225006103516
2011-04-15,67.13097381591797
2011-04-18,67.2962875366211
2011-04-19,67.3824691772461
2011-04-20,67.11654663085938
2011-04-21,67.16690826416016
2011-04-25,67.40401458740234
2011-04-26,67.69149780273438
2011-04-27,67.49749755859375
2011-04-28,67.75619506835938
2011-04-29,67.89271545410156
2011-05-02,67.87181854248047
2011-05-03,68.05199432373047
2011-05-04,68.22492980957031
2011-05-05,68.56352233886719
2011-05-06,68.59956359863281
2011-05-09,68.70046997070312
2011-05-10,68.36901092529297
2011-05-11,68.61396789550781
2011-05-12,68.46271514892578
2011-05-13,68.72923278808594
2011-05-16,68.89495849609375
2011-05-17,69.09671020507812
2011-05-18,68.70046997070312
2011-05-19,68.7724609375
2011-05-20,68.93820190429688
2011-05-23,69.03184509277344
2011-05-24,69.1038818359375
2011-05-25,69.11116790771484
2011-05-26,69.49299621582031
2011-05-27,69.48583221435547
2011-05-31,69.59390258789062
2011-06-01,70.16738891601562
2011-06-02,69.7484130859375
2011-06-03,70.02290344238281
2011-06-06,69.97955322265625
2011-06-07,70.10962677001953
2011-06-08,70.26126098632812
2011-06-09,69.97955322265625
2011-06-10,70.20346069335938
2011-06-13,70.05178833007812
2011-06-14,69.49565124511719
2011-06-15,70.24684143066406
2011-06-16,70.4418716430664
2011-06-17,70.39129638671875
2011-06-20,70.28292846679688
2011-06-21,70.18910217285156
2011-06-22,70.16016387939453
2011-06-23,70.52860260009766
2011-06-24,70.82476806640625
2011-06-27,70.55026245117188
2011-06-28,69.90015411376953
2011-06-29,69.48116302490234
2011-06-30,69.24283599853516
2011-07-01,69.06973266601562
2011-07-05,69.50418090820312
2011-07-06,69.62732696533203
2011-07-07,69.35941314697266
2011-07-08,70.09795379638672
2011-07-11,70.63378143310547
2011-07-12,70.73515319824219
2011-07-13,70.85100555419922
2011-07-14,70.44552612304688
2011-07-15,70.73515319824219
2011-07-18,70.69163513183594
2011-07-19,70.9596176147461
2011-07-20,70.61204528808594
2011-07-21,70.22100830078125
2011-07-22,70.48889923095703
2011-07-25,70.2645034790039
2011-07-26,70.56129455566406
2011-07-27,70.44552612304688
2011-07-28,70.58309173583984
2011-07-29,71.43746948242188
2011-08-01,71.69734191894531
2011-08-02,72.35781860351562
2011-08-03,72.41595458984375
2011-08-04,73.37399291992188
2011-08-05,72.52477264404297
2011-08-08,73.67887878417969
2011-08-09,74.10707092285156
2011-08-10,75.08696746826172
2011-08-11,73.98368835449219
2011-08-12,74.4990463256836
2011-08-15,74.22325134277344
2011-08-16,74.56439971923828
2011-08-17,75.08696746826172
2011-08-18,75.47891998291016
2011-08-19,75.55873107910156
2011-08-22,75.42083740234375
2011-08-23,75.11600494384766
2011-08-24,74.31031036376953
2011-08-25,74.76758575439453
2011-08-26,75.00711822509766
2011-08-29,74.51353454589844
2011-08-30,75.02888488769531
2011-08-31,74.76033782958984
2011-09-01,75.35615539550781
2011-09-02,76.04723358154297
2011-09-06,76.14900970458984
2011-09-07,75.74165344238281
2011-09-08,76.1126937866211
2011-09-09,76.48368835449219
2011-09-12,76.25086212158203
2011-09-13,76.02536010742188
2011-09-14,76.06903839111328
2011-09-15,75.50164794921875
2011-09-16,75.64710998535156
2011-09-19,76.26543426513672
2011-09-20,76.36725616455078
2011-09-21,76.69458770751953
2011-09-22,77.40750122070312
2011-09-23,76.767333984375
2011-09-26,76.447265625
2011-09-27,75.9381103515625
2011-09-28,75.95259857177734
2011-09-29,75.95259857177734
2011-09-30,76.43269348144531
2011-10-03,77.1405029296875
2011-10-04,76.74688720703125
2011-10-05,76.42613983154297
2011-10-06,75.89405822753906
2011-10-07,75.50048065185547
2011-10-10,74.7059555053711
2011-10-11,74.95382690429688
2011-10-12,74.6986312866211
2011-10-13,74.99751281738281
2011-10-14,74.62577056884766
2011-10-17,75.11416625976562
2011-10-18,75.03397369384766
2011-10-19,75.15052795410156
2011-10-20,74.99751281738281
2011-10-21,74.8590087890625
2011-10-24,74.82254791259766
2011-10-25,75.46403503417969
2011-10-26,74.91001892089844
2011-10-27,74.00615692138672
2011-10-28,74.4508285522461
2011-10-31,75.44940948486328
2011-11-01,76.35441589355469
2011-11-02,76.17176055908203
2011-11-03,75.81388854980469
2011-11-04,76.04029083251953
2011-11-07,76.12798309326172
2011-11-08,75.78468322753906
2011-11-09,76.4566421508789
2011-11-10,76.08413696289062
2011-11-11,75.73352813720703
2011-11-14,76.20830535888672
2011-11-15,76.10600280761719
2011-11-16,76.38359069824219
2011-11-17,76.53697204589844
2011-11-18,76.25213623046875
2011-11-21,76.4639663696289
2011-11-22,76.69762420654297
2011-11-23,76.96060943603516
2011-11-25,76.47122955322266
2011-11-28,76.47853088378906
2011-11-29,76.33248138427734
2011-11-30,75.88693237304688
2011-12-01,75.86500549316406
2011-12-02,76.20161437988281
2011-12-05,76.15766906738281
2011-12-06,75.96011352539062
2011-12-07,76.30403900146484
2011-12-08,76.69190979003906
2011-12-09,76.1650390625
2011-12-12,76.42847442626953
2011-12-13,76.77965545654297
2011-12-14,77.10176086425781
2011-12-15,77.03585052490234
2011-12-16,77.40904998779297
2011-12-19,77.67255401611328
2011-12-20,76.96998596191406
2011-12-21,76.72114562988281
2011-12-22,76.81629943847656
2011-12-23,76.50167846679688
2011-12-27,76.54490661621094
2011-12-28,77.02874755859375
2011-12-29,77.1240463256836
2011-12-30,77.39534759521484
2012-01-03,76.90409851074219
2012-01-04,76.66219329833984
2012-01-05,76.67686462402344
2012-01-06,76.97740173339844
2012-01-09,76.99214172363281
2012-01-10,76.83817291259766
2012-01-11,77.28531646728516
2012-01-12,77.1240463256836
2012-01-13,77.46863555908203
2012-01-17,77.54191589355469
2012-01-18,77.29997253417969
2012-01-19,76.83817291259766
2012-01-20,76.57421875
2012-01-23,76.40562438964844
2012-01-24,76.49357604980469
2012-01-25,76.86011505126953
2012-01-26,77.27069854736328
2012-01-27,77.50527954101562
2012-01-30,77.76923370361328
2012-01-31,78.06243896484375
2012-02-01,77.79141235351562
2012-02-02,77.90159606933594
2012-02-03,77.28467559814453
2012-02-06,77.49771118164062
2012-02-07,76.99822235107422
2012-02-08,77.03497314453125
2012-02-09,76.85869598388672
2012-02-10,77.29206848144531
2012-02-13,77.24059295654297
2012-02-14,77.40219116210938
2012-02-15,77.46096801757812
2012-02-16,77.1084213256836
2012-02-17,77.0276107788086
2012-02-21,76.74848937988281
2012-02-22,77.04967498779297
2012-02-23,77.15982818603516
2012-02-24,77.21857452392578
2012-02-27,77.47559356689453
2012-02-28,77.51234436035156
2012-02-29,77.20386505126953
2012-03-01,76.95381927490234
2012-03-02,77.2627182006836
2012-03-05,77.10823822021484
2012-03-06,77.43193054199219
2012-03-07,77.2847900390625
2012-03-08,77.05673217773438
2012-03-09,76.99787139892578
2012-03-12,76.97586822509766
2012-03-13,76.42410278320312
2012-03-14,75.54873657226562
2012-03-15,75.52668762207031
2012-03-16,75.50458526611328
2012-03-19,75.04116821289062
2012-03-20,75.07793426513672
2012-03-21,75.46045684814453
2012-03-22,75.55603790283203
2012-03-23,75.83566284179688
2012-03-26,75.74736785888672
2012-03-27,76.16663360595703
2012-03-28,76.03422546386719
2012-03-29,76.35052490234375
2012-03-30,75.97534942626953
2012-04-02,76.15733337402344
2012-04-03,75.59738159179688
2012-04-04,75.98057556152344
2012-04-05,76.31951904296875
2012-04-09,77.10059356689453
2012-04-10,77.46170806884766
2012-04-11,77.15959167480469
2012-04-12,77.00485229492188
2012-04-13,77.46907043457031
2012-04-16,77.44695281982422
2012-04-17,77.36588287353516
2012-04-18,77.52064514160156
2012-04-19,77.60908508300781
2012-04-20,77.6164321899414
2012-04-23,77.77120971679688
2012-04-24,77.57220458984375
2012-04-25,77.47645568847656
2012-04-26,77.73435974121094
2012-04-27,77.81542205810547
2012-04-30,77.8817138671875
2012-05-01,77.74002075195312
2012-05-02,77.88761138916016
2012-05-03,77.88030242919922
2012-05-04,78.19025421142578
2012-05-07,78.16806030273438
2012-05-08,78.34526062011719
2012-05-09,78.41163635253906
2012-05-10,78.30096435546875
2012-05-11,78.55928802490234
2012-05-14,78.90616607666016
2012-05-15,78.92829895019531
2012-05-16,78.98735809326172
2012-05-17,79.2824935913086
2012-05-18,79.2308578491211
2012-05-21,79.02420806884766
2012-05-22,78.8544692993164
2012-05-23,79.06116485595703
2012-05-24,78.89141082763672
2012-05-25,79.12019348144531
2012-05-29,79.05377960205078
2012-05-30,79.80663299560547
2012-05-31,80.11658477783203
2012-06-01,80.80479431152344
2012-06-04,80.33911895751953
2012-06-05,80.07293701171875
2012-06-06,79.54808044433594
2012-06-07,79.74028015136719
2012-06-08,79.79942321777344
2012-06-11,80.0138168334961
2012-06-12,79.58504486083984
2012-06-13,80.00643157958984
2012-06-14,79.79205322265625
2012-06-15,80.1617202758789
2012-06-18,80.13951110839844
2012-06-19,79.86599731445312
2012-06-20,79.70332336425781
2012-06-21,79.87339782714844
2012-06-22,79.52592468261719
2012-06-25,79.96212768554688
2012-06-26,79.78466033935547
2012-06-27,79.89547729492188
2012-06-28,80.15425109863281
2012-06-29,79.78466033935547
2012-07-02,80.1548080444336
2012-07-03,79.95496368408203
2012-07-05,80.16962432861328
2012-07-06,80.4509048461914
2012-07-09,80.67306518554688
2012-07-10,80.71007537841797
2012-07-11,80.63602447509766
2012-07-12,80.82111358642578
2012-07-13,80.75447845458984
2012-07-16,80.9321517944336
2012-07-17,80.7248764038086
2012-07-18,80.80628204345703
2012-07-19,80.68780517578125
2012-07-20,81.0062255859375
2012-07-23,81.13948059082031
2012-07-24,81.2949447631836
2012-07-25,81.33934783935547
2012-07-26,81.0876693725586
2012-07-27,80.50276184082031
2012-07-30,80.76189422607422
2012-07-31,80.90251922607422
2012-08-01,80.60747528076172
2012-08-02,80.80021667480469
2012-08-03,80.37760162353516
2012-08-06,80.42950439453125
2012-08-07,80.00691223144531
2012-08-08,79.8956527709961
2012-08-09,79.8364028930664
2012-08-10,80.06623840332031
2012-08-13,80.01428985595703
2012-08-14,79.6213607788086
2012-08-15,79.22099304199219
2012-08-16,79.0282211303711
2012-08-17,79.12458801269531
2012-08-20,79.16912841796875
2012-08-21,79.23584747314453
2012-08-22,79.85122680664062
2012-08-23,79.99205017089844
2012-08-24,79.95503234863281
2012-08-27,80.16260528564453
2012-08-28,80.1922607421875
2012-08-29,80.14035034179688
2012-08-30,80.2886734008789
2012-08-31,80.80765533447266
2012-09-04,80.62274932861328
2012-09-05,80.59305572509766
2012-09-06,80.0436782836914
2012-09-07,80.14762878417969
2012-09-10,80.18474578857422
2012-09-11,80.0362319946289
2012-09-12,79.64276123046875
2012-09-13,79.87295532226562
2012-09-14,79.12300872802734
2012-09-17,79.28636932373047
2012-09-18,79.48688507080078
2012-09-19,79.67243194580078
2012-09-20,79.7170181274414
2012-09-21,79.88776397705078
2012-09-24,80.06596374511719
2012-09-25,80.36286926269531
2012-09-26,80.6969223022461
2012-09-27,80.52620697021484
2012-09-28,80.52620697021484
2012-10-01,80.6756591796875
2012-10-02,80.62362670898438
2012-10-03,80.70540618896484
2012-10-04,80.38575744628906
2012-10-05,80.02144622802734
2012-10-08,80.28165435791016
2012-10-09,80.11809539794922
2012-10-10,80.31138610839844
2012-10-11,80.38575744628906
2012-10-12,80.39312744140625
2012-10-15,80.4155044555664
2012-10-16,80.03636932373047
2012-10-17,79.53083038330078
2012-10-18,79.38957977294922
2012-10-19,79.72410583496094
2012-10-22,79.45647430419922
2012-10-23,79.83560943603516
2012-10-24,79.66460418701172
2012-10-25,79.37470245361328
2012-10-26,79.88018035888672
2012-10-31,80.2072982788086
2012-11-01,80.04727935791016
2012-11-02,80.11426544189453
2012-11-05,80.30786895751953
2012-11-06,79.9430160522461
2012-11-07,80.6130599975586
2012-11-08,80.97036743164062
2012-11-09,80.97782135009766
2012-11-12,81.02991485595703
2012-11-13,81.12664031982422
2012-11-14,81.14903259277344
2012-11-15,81.11178588867188
2012-11-16,81.16386413574219
2012-11-19,81.00012969970703
2012-11-20,80.66516876220703
2012-11-21,80.54605865478516
2012-11-23,80.50132751464844
2012-11-26,80.6353759765625
2012-11-27,80.82147216796875
2012-11-28,80.92572021484375
2012-11-29,81.00762939453125
2012-11-30,80.9926986694336
2012-12-03,80.96063995361328
2012-12-04,81.10226440429688
2012-12-05,81.16934967041016
2012-12-06,81.21408081054688
2012-12-07,80.9830093383789
2012-12-10,81.05755615234375
2012-12-11,80.90099334716797
2012-12-12,80.55816650390625
2012-12-13,80.40164184570312
2012-12-14,80.58050537109375
2012-12-17,80.15560150146484
2012-12-18,79.84262084960938
2012-12-19,79.95439910888672
2012-12-20,80.00660705566406
2012-12-21,80.22274017333984
2012-12-24,80.14075469970703
2012-12-26,80.30570220947266
2012-12-27,80.46994018554688
2012-12-28,80.656494140625
2012-12-31,80.2310562133789
2013-01-02,79.86532592773438
2013-01-03,79.45479583740234
2013-01-04,79.49213409423828
2013-01-07,79.53690338134766
2013-01-08,79.73094940185547
2013-01-09,79.77572631835938
2013-01-10,79.54434967041016
2013-01-11,79.79817199707031
2013-01-14,79.7683334350586
2013-01-15,79.96239471435547
2013-01-16,80.06687927246094
2013-01-17,79.70114135742188
2013-01-18,79.9250259399414
2013-01-22,79.99215698242188
2013-01-23,80.0295181274414
2013-01-24,79.89517974853516
2013-01-25,79.3652572631836
2013-01-28,79.20104217529297
2013-01-29,79.08159637451172
2013-01-30,79.12638854980469
2013-01-31,79.19356536865234
2013-02-01,78.92449951171875
2013-02-04,79.38045501708984
2013-02-05,79.0964126586914
2013-02-06,79.33556365966797
2013-02-07,79.37300872802734
2013-02-08,79.43277740478516
2013-02-11,79.3504867553711
2013-02-12,79.26829528808594
2013-02-13,78.99177551269531
2013-02-14,79.32807922363281
2013-02-15,79.25341033935547
2013-02-19,79.12629699707031
2013-02-20,79.29817962646484
2013-02-21,79.45516967773438
2013-02-22,79.55233001708984
2013-02-25,80.16516876220703
2013-02-26,80.01569366455078
2013-02-27,79.97831726074219
2013-02-28,80.09041595458984
2013-03-01,80.2902603149414
2013-03-04,80.10319519042969
2013-03-05,80.02080535888672
2013-03-06,79.76641845703125
2013-03-07,79.45966339111328
2013-03-08,79.05557250976562
2013-03-11,79.09295654296875
2013-03-12,79.30998229980469
2013-03-13,79.24259948730469
2013-03-14,79.26506805419922
2013-03-15,79.54193878173828
2013-03-18,79.80384826660156
2013-03-19,80.05079650878906
2013-03-20,79.74398803710938
2013-03-21,79.9534683227539
2013-03-22,79.98345184326172
2013-03-25,80.04332733154297
2013-03-26,80.12564086914062
2013-03-27,80.46981048583984
2013-03-28,80.32014465332031
2013-04-01,80.53372955322266
2013-04-02,80.37635803222656
2013-04-03,80.71351623535156
2013-04-04,81.03569030761719
2013-04-05,81.2904281616211
2013-04-08,81.02824401855469
2013-04-09,81.05816650390625
2013-04-10,80.72098541259766
2013-04-11,80.8109359741211
2013-04-12,81.2604751586914
2013-04-15,81.4402847290039
2013-04-16,81.20805358886719
2013-04-17,81.35792541503906
2013-04-18,81.40284729003906
2013-04-19,81.35792541503906
2013-04-22,81.40284729003906
2013-04-23,81.35045623779297
2013-04-24,81.38795471191406
2013-04-25,81.2979507446289
2013-04-26,81.5902099609375
2013-04-29,81.56025695800781
2013-04-30,81.54525756835938
2013-05-01,81.81156921386719
2013-05-02,81.81156921386719
2013-05-03,81.11387634277344
2013-05-06,81.00883483886719
2013-05-07,80.89628601074219
2013-05-08,80.99383544921875
2013-05-09,80.97885131835938
2013-05-10,80.52117156982422
2013-05-13,80.37865447998047
2013-05-14,80.05607604980469
2013-05-15,80.26612854003906
2013-05-16,80.64875793457031
2013-05-17,80.2136001586914
2013-05-20,80.15354919433594
2013-05-21,80.36367797851562
2013-05-22,79.72593688964844
2013-05-23,79.80850219726562
2013-05-24,79.83844757080078
2013-05-28,78.90068817138672
2013-05-29,79.22329711914062
2013-05-30,79.23082733154297
2013-05-31,79.01323699951172
2013-06-03,79.12741088867188
2013-06-04,78.92459869384766
2013-06-05,79.30774688720703
2013-06-06,79.4053726196289
2013-06-07,78.7894058227539
2013-06-10,78.59406280517578
2013-06-11,78.7894058227539
2013-06-12,78.43628692626953
2013-06-13,79.02979278564453
2013-06-14,79.1349868774414
2013-06-17,78.94710540771484
2013-06-18,78.90206909179688
2013-06-19,77.82026672363281
2013-06-20,77.46722412109375
2013-06-21,76.64839935302734
2013-06-24,76.46053314208984
2013-06-25,76.37043762207031
2013-06-26,76.67842102050781
2013-06-27,77.0915756225586
2013-06-28,77.00147247314453
2013-07-01,77.03082275390625
2013-07-02,77.06092071533203
2013-07-03,76.91043090820312
2013-07-05,75.61653137207031
2013-07-08,76.06037139892578
2013-07-09,76.18826293945312
2013-07-10,75.91746520996094
2013-07-11,76.6772689819336
2013-07-12,76.61705780029297
2013-07-15,76.85774230957031
2013-07-16,76.89540100097656
2013-07-17,77.23388671875
2013-07-18,76.87283325195312
2013-07-19,77.2940902709961
2013-07-22,77.28655242919922
2013-07-23,77.19628143310547
2013-07-24,76.6772689819336
2013-07-25,76.79006958007812
2013-07-26,76.85774230957031
2013-07-29,76.69978332519531
2013-07-30,76.6772689819336
2013-07-31,76.72989654541016
2013-08-01,76.05268096923828
2013-08-02,76.70053100585938
2013-08-05,76.45948028564453
2013-08-06,76.48204803466797
2013-08-07,76.76074981689453
2013-08-08,76.87378692626953
2013-08-09,76.9264907836914
2013-08-12,76.77579498291016
2013-08-13,76.08284759521484
2013-08-14,76.15059661865234
2013-08-15,75.72872161865234
2013-08-16,75.43498992919922
2013-08-19,75.11104583740234
2013-08-20,75.51782989501953
2013-08-21,75.04325866699219
2013-08-22,75.01313781738281
2013-08-23,75.43498992919922
2013-08-26,75.58563995361328
2013-08-27,76.01499938964844
2013-08-28,75.70619201660156
2013-08-29,75.7815170288086
2013-08-30,75.63835144042969
2013-09-03,75.20906066894531
2013-09-04,74.96009063720703
2013-09-05,74.38674926757812
2013-09-06,74.83938598632812
2013-09-09,74.99030303955078
2013-09-10,74.64322662353516
2013-09-11,75.0204849243164
2013-09-12,75.02801513671875
2013-09-13,75.12602996826172
2013-09-16,75.29206848144531
2013-09-17,75.44291687011719
2013-09-18,76.37847137451172
2013-09-19,76.11438751220703
2013-09-20,76.18983459472656
2013-09-23,76.47652435302734
2013-09-24,76.75564575195312
2013-09-25,76.96693420410156
2013-09-26,76.8009033203125
2013-09-27,76.90656280517578
2013-09-30,77.03480529785156
2013-10-01,76.86328125
2013-10-02,76.99174499511719
2013-10-03,77.09748840332031
2013-10-04,76.88592529296875
2013-10-07,76.95397186279297
2013-10-08,76.91618347167969
2013-10-09,76.78016662597656
2013-10-10,76.61395263671875
2013-10-11,76.7273178100586
2013-10-14,76.47036743164062
2013-10-15,76.48551177978516
2013-10-16,76.85569763183594
2013-10-17,77.29396057128906
2013-10-18,77.30152893066406
2013-10-21,77.24864196777344
2013-10-22,77.78507232666016
2013-10-23,77.92105865478516
2013-10-24,77.76243591308594
2013-10-25,77.89839935302734
2013-10-28,77.8228759765625
2013-10-29,77.92862701416016
2013-10-30,77.72459411621094
2013-10-31,77.63400268554688
2013-11-01,77.20337677001953
2013-11-04,77.3547592163086
2013-11-05,77.00660705566406
2013-11-06,77.24124908447266
2013-11-07,77.44551849365234
2013-11-08,76.5753173828125
2013-11-11,76.53744506835938
2013-11-12,76.46929168701172
2013-11-13,76.78711700439453
2013-11-14,77.1579818725586
2013-11-15,77.0974349975586
2013-11-18,77.36988067626953
2013-11-19,77.08229064941406
2013-11-20,76.65847778320312
2013-11-21,76.72660827636719
2013-11-22,76.9460678100586
2013-11-25,77.00660705566406
2013-11-26,77.173095703125
2013-11-27,76.99903869628906
2013-11-29,76.95365142822266
2013-12-02,76.6231689453125
2013-12-03,76.75959014892578
2013-12-04,76.41096496582031
2013-12-05,76.2214584350586
2013-12-06,76.28962707519531
2013-12-09,76.380615234375
2013-12-10,76.69900512695312
2013-12-11,76.40336608886719
2013-12-12,76.1835708618164
2013-12-13,76.2972640991211
2013-12-16,76.25936126708984
2013-12-17,76.50189971923828
2013-12-18,76.21389770507812
2013-12-19,75.8955307006836
2013-12-20,76.13045501708984
2013-12-23,75.88793182373047
2013-12-24,75.59234619140625
2013-12-26,75.5270767211914
2013-12-27,75.48155975341797
2013-12-30,75.68647003173828
2013-12-31,75.34488677978516
2014-01-02,75.64093780517578
2014-01-03,75.59542846679688
2014-01-06,75.80792236328125
2014-01-07,75.92940521240234
2014-01-08,75.55741882324219
2014-01-09,75.7547836303711
2014-01-10,76.39253997802734
2014-01-13,76.61273956298828
2014-01-14,76.32421112060547
2014-01-15,76.25584411621094
2014-01-16,76.46849822998047
2014-01-17,76.65067291259766
2014-01-21,76.56717681884766
2014-01-22,76.35459899902344
2014-01-23,76.870849609375
2014-01-24,77.18211364746094
2014-01-27,76.94676971435547
2014-01-28,77.0606689453125
2014-01-29,77.42506408691406
2014-01-30,77.34917449951172
2014-01-31,77.65280151367188
2014-02-03,78.07491302490234
2014-02-04,77.83917236328125
2014-02-05,77.55778503417969
2014-02-06,77.4133071899414
2014-02-07,77.61864471435547
2014-02-10,77.65667724609375
2014-02-11,77.31439971923828
2014-02-12,77.13185119628906
2014-02-13,77.49694061279297
2014-02-14,77.44371795654297
2014-02-18,77.63382720947266
2014-02-19,77.48173522949219
2014-02-20,77.3980712890625
2014-02-21,77.49694061279297
2014-02-24,77.4208984375
2014-02-25,77.68708038330078
2014-02-26,77.91521453857422
2014-02-27,78.00650787353516
2014-02-28,77.9304428100586
2014-03-03,78.31586456298828
2014-03-04,77.71411895751953
2014-03-05,77.79788208007812
2014-03-06,77.46273040771484
2014-03-07,77.1275634765625
2014-03-10,77.21137237548828
2014-03-11,77.28754425048828
2014-03-12,77.59221649169922
2014-03-13,78.04927062988281
2014-03-14,78.05689239501953
2014-03-17,77.74461364746094
2014-03-18,77.93500518798828
2014-03-19,77.21137237548828
2014-03-20,77.22655487060547
2014-03-21,77.37130737304688
2014-03-24,77.4017105102539
2014-03-25,77.35606384277344
2014-03-26,77.68362426757812
2014-03-27,77.75979614257812
2014-03-28,77.48554992675781
2014-03-31,77.4931869506836
2014-04-01,77.3329086303711
2014-04-02,76.99711608886719
2014-04-03,77.0505599975586
2014-04-04,77.52373504638672
2014-04-07,77.70689392089844
2014-04-08,77.81371307373047
2014-04-09,77.79081726074219
2014-04-10,78.11902618408203
2014-04-11,78.27928924560547
2014-04-14,78.15717315673828
2014-04-15,78.24876403808594
2014-04-16,78.12667083740234
2014-04-17,77.68400573730469
2014-04-21,77.66871643066406
2014-04-22,77.63822174072266
2014-04-23,77.83663177490234
2014-04-24,77.81371307373047
2014-04-25,77.92054748535156
2014-04-28,77.80609130859375
2014-04-29,77.87477111816406
2014-04-30,78.0808334350586
2014-05-01,78.30565643310547
2014-05-02,78.4203109741211
2014-05-05,78.37445831298828
2014-05-06,78.4662094116211
2014-05-07,78.52740478515625
2014-05-08,78.61151123046875
2014-05-09,78.55029296875
2014-05-12,78.34384155273438
2014-05-13,78.6497573852539
2014-05-14,79.0091323852539
2014-05-15,79.29199981689453
2014-05-16,79.12379455566406
2014-05-19,79.02437591552734
2014-05-20,79.25376892089844
2014-05-21,79.13143920898438
2014-05-22,79.0473403930664
2014-05-23,79.2078628540039
2014-05-27,79.23082733154297
2014-05-28,79.66667175292969
2014-05-29,79.56727600097656
2014-05-30,79.50611114501953
2014-06-02,79.1423110961914
2014-06-03,78.74403381347656
2014-06-04,78.68273162841797
2014-06-05,78.79767608642578
2014-06-06,78.73637390136719
2014-06-09,78.62150573730469
2014-06-10,78.48357391357422
2014-06-11,78.59085083007812
2014-06-12,78.89720153808594
2014-06-13,78.74403381347656
2014-06-16,78.74403381347656
2014-06-17,78.41464233398438
2014-06-18,78.82826232910156
2014-06-19,78.629150390625
2014-06-20,78.7210464477539
2014-06-23,78.6674575805664
2014-06-24,78.98914337158203
2014-06-25,79.06568908691406
2014-06-26,79.27251434326172
2014-06-27,79.27251434326172
2014-06-30,79.33378601074219
2014-07-01,79.07441711425781
2014-07-02,78.75211334228516
2014-07-03,78.59102630615234
2014-07-07,78.7828369140625
2014-07-08,79.14351654052734
2014-07-09,79.15884399414062
2014-07-10,79.3276596069336
2014-07-11,79.45807647705078
2014-07-14,79.28160095214844
2014-07-15,79.2125473022461
2014-07-16,79.3276596069336
2014-07-17,79.78804016113281
2014-07-18,79.62689208984375
2014-07-21,79.64991760253906
2014-07-22,79.74967956542969
2014-07-23,79.7420425415039
2014-07-24,79.41976165771484
2014-07-25,79.7266616821289
2014-07-28,79.6346206665039
2014-07-29,79.7420425415039
2014-07-30,79.18186950683594
2014-07-31,79.15884399414062
2014-08-01,79.62472534179688
2014-08-04,79.6708755493164
2014-08-05,79.70929718017578
2014-08-06,79.77850341796875
2014-08-07,80.13983154296875
2014-08-08,80.07064056396484
2014-08-11,80.03218841552734
2014-08-12,79.9168701171875
2014-08-13,80.17827606201172
2014-08-14,80.33965301513672
2014-08-15,80.66255187988281
2014-08-18,80.40888214111328
2014-08-19,80.32430267333984
2014-08-20,80.08604431152344
2014-08-21,80.2551498413086
2014-08-22,80.26283264160156
2014-08-25,80.32430267333984
2014-08-26,80.30895233154297
2014-08-27,80.53187561035156
2014-08-28,80.63957214355469
2014-08-29,80.64720153808594
2014-09-02,80.13204956054688
2014-09-03,80.2475357055664
2014-09-04,79.96261596679688
2014-09-05,79.98566436767578
2014-09-08,79.9009017944336
2014-09-09,79.71617889404297
2014-09-10,79.51593780517578
2014-09-11,79.41578674316406
2014-09-12,79.1154556274414
2014-09-15,79.26171112060547
2014-09-16,79.2386245727539
2014-09-17,79.03841400146484
2014-09-18,78.98453521728516
2014-09-19,79.28488159179688
2014-09-22,79.45431518554688
2014-09-23,79.62374877929688
2014-09-24,79.40040588378906
2014-09-25,79.78548431396484
2014-09-26,79.61603546142578
2014-09-29,79.87016296386719
2014-09-30,79.80089569091797
2014-10-01,80.47132873535156
2014-10-02,80.232177734375
2014-10-03,80.20903778076172
2014-10-06,80.34013366699219
2014-10-07,80.81078338623047
2014-10-08,81.09626007080078
2014-10-09,80.95735931396484
2014-10-10,81.27374267578125
2014-10-13,81.69805145263672
2014-10-14,81.86006164550781
2014-10-15,82.32300567626953
2014-10-16,82.09925842285156
2014-10-17,81.86006164550781
2014-10-20,81.97582244873047
2014-10-21,81.75209045410156
2014-10-22,81.72895050048828
2014-10-23,81.3895034790039
2014-10-24,81.45889282226562
2014-10-27,81.54377746582031
2014-10-28,81.34317779541016
2014-10-29,81.0731201171875
2014-10-30,81.15800476074219
2014-10-31,81.02685546875
2014-11-03,80.99668884277344
2014-11-04,80.9889907836914
2014-11-05,81.01215362548828
2014-11-06,80.76480865478516
2014-11-07,81.28264617919922
2014-11-10,80.95030212402344
2014-11-11,80.95805358886719
2014-11-12,80.9271011352539
2014-11-13,81.0584945678711
2014-11-14,81.22856140136719
2014-11-17,81.13581085205078
2014-11-18,81.22856140136719
2014-11-19,81.01215362548828
2014-11-20,81.15899658203125
2014-11-21,81.32128143310547
2014-11-24,81.4140396118164
2014-11-25,81.61495971679688
2014-11-26,81.75410461425781
2014-11-28,82.0709228515625
2014-12-01,81.86968231201172
2014-12-02,81.50585174560547
2014-12-03,81.53680419921875
2014-12-04,81.8232421875
2014-12-05,81.36644744873047
2014-12-08,81.6374282836914
2014-12-09,81.93940734863281
2014-12-10,82.31095123291016
2014-12-11,82.17158508300781
2014-12-12,82.84516143798828
2014-12-15,82.54322052001953
2014-12-16,82.96127319335938
2014-12-17,82.38838958740234
2014-12-18,81.92387390136719
2014-12-19,82.2258071899414
2014-12-22,82.2258071899414
2014-12-23,81.54454803466797
2014-12-24,81.60345458984375
2014-12-26,81.7120132446289
2014-12-29,81.99114227294922
2014-12-30,82.08418273925781
2014-12-31,82.17723083496094
2015-01-02,82.59589385986328
2015-01-05,83.0998306274414
2015-01-06,83.65809631347656
2015-01-07,83.64256286621094
2015-01-08,83.30140686035156
2015-01-09,83.71239471435547
2015-01-12,84.00696563720703
2015-01-13,84.08451843261719
2015-01-14,84.47221374511719
2015-01-15,85.19322204589844
2015-01-16,84.56523895263672
2015-01-20,84.75904083251953
2015-01-21,84.35586547851562
2015-01-22,84.14652252197266
2015-01-23,84.697021484375
2015-01-26,84.50321960449219
2015-01-27,84.61946868896484
2015-01-28,85.27083587646484
2015-01-29,84.96835327148438
2015-01-30,85.71269989013672
2015-02-02,85.60552215576172
2015-02-03,84.88330841064453
2015-02-04,85.02303314208984
2015-02-05,84.71244812011719
2015-02-06,83.7649917602539
2015-02-09,83.72614288330078
2015-02-10,83.51644134521484
2015-02-11,83.48536682128906
2015-02-12,83.51644134521484
2015-02-13,83.23690795898438
2015-02-17,82.64663696289062
2015-02-18,83.04273986816406
2015-02-19,82.83306121826172
2015-02-20,82.78644561767578
2015-02-23,83.1670150756836
2015-02-24,83.71834564208984
2015-02-25,83.7960205078125
2015-02-26,83.29902648925781
2015-02-27,83.59407043457031
2015-03-02,82.97188568115234
2015-03-03,82.7929458618164
2015-03-04,82.85517883300781
2015-03-05,82.9018783569336
2015-03-06,82.05402374267578
2015-03-09,82.43513488769531
2015-03-10,82.78517150878906
2015-03-11,82.9329605102539
2015-03-12,83.01078796386719
2015-03-13,82.88629913330078
2015-03-16,83.17414855957031
2015-03-17,83.34521484375
2015-03-18,84.302001953125
2015-03-19,83.90525817871094
2015-03-20,84.24748229980469
2015-03-23,84.35638427734375
2015-03-24,84.61314392089844
2015-03-25,84.24748229980469
2015-03-26,83.77301788330078
2015-03-27,84.09970092773438
2015-03-30,84.0918960571289
2015-03-31,84.30977630615234
2015-04-01,84.71097564697266
2015-04-02,84.46945190429688
2015-04-06,84.5784912109375
2015-04-07,84.64859771728516
2015-04-08,84.57071685791016
2015-04-09,84.22789001464844
2015-04-10,84.20453643798828
2015-04-13,84.3759536743164
2015-04-14,84.62531280517578
2015-04-15,84.67208862304688
2015-04-16,84.73433685302734
2015-04-17,84.90572357177734
2015-04-20,84.74991607666016
2015-04-21,84.57071685791016
2015-04-22,84.07987213134766
2015-04-23,84.33699798583984
2015-04-24,84.63307189941406
2015-04-27,84.50059509277344
2015-04-28,84.11104583740234
2015-04-29,83.79939270019531
2015-04-30,83.7760238647461
2015-05-01,83.3179931640625
2015-05-04,83.1463623046875
2015-05-05,83.00591278076172
2015-05-06,82.6001968383789
2015-05-07,82.9512939453125
2015-05-08,83.271240234375
2015-05-11,82.45194244384766
2015-05-12,82.51433563232422
2015-05-13,82.40509033203125
2015-05-14,82.68596649169922
2015-05-15,83.27903747558594
2015-05-18,82.71723937988281
2015-05-19,82.35047912597656
2015-05-20,82.52996826171875
2015-05-21,83.02152252197266
2015-05-22,82.8342514038086
2015-05-26,83.34923553466797
2015-05-27,83.30238342285156
2015-05-28,83.38045501708984
2015-05-29,83.4272689819336
2015-06-01,83.05919647216797
2015-06-02,82.48087310791016
2015-06-03,81.77747344970703
2015-06-04,82.17607116699219
2015-06-05,81.58209991455078
2015-06-08,81.69935607910156
2015-06-09,81.43365478515625
2015-06-10,81.12100219726562
2015-06-11,81.76187896728516
2015-06-12,81.71495819091797
2015-06-15,81.91034698486328
2015-06-16,82.22297668457031
2015-06-17,82.26983642578125
2015-06-18,82.20729064941406
2015-06-19,82.64498138427734
2015-06-22,81.94941711425781
2015-06-23,81.69935607910156
2015-06-24,81.94161224365234
2015-06-25,81.73846435546875
2015-06-26,81.3476791381836
2015-06-29,82.29330444335938
2015-06-30,82.0666275024414
2015-07-01,81.63772583007812
2015-07-02,81.9273452758789
2015-07-06,82.50655364990234
2015-07-07,82.72575378417969
2015-07-08,83.05445098876953
2015-07-09,82.47521209716797
2015-07-10,81.90385437011719
2015-07-13,81.68468475341797
2015-07-14,81.94293975830078
2015-07-15,82.25609588623047
2015-07-16,82.22471618652344
2015-07-17,82.23255920410156
2015-07-20,82.0682373046875
2015-07-21,82.2951889038086
2015-07-22,82.3969497680664
2015-07-23,82.73351287841797
2015-07-24,82.81180572509766
2015-07-27,83.08577728271484
2015-07-28,82.85099029541016
2015-07-29,82.73351287841797
2015-07-30,82.82746887207031
2015-07-31,83.31275939941406
2015-08-03,83.5667724609375
2015-08-04,83.13557434082031
2015-08-05,82.81411743164062
2015-08-06,83.10419464111328
2015-08-07,83.43348693847656
2015-08-10,83.08854675292969
2015-08-11,83.6373062133789
2015-08-12,83.60594177246094
2015-08-13,83.38638305664062
2015-08-14,83.30020904541016
2015-08-17,83.44912719726562
2015-08-18,83.31587982177734
2015-08-19,83.82540130615234
2015-08-20,84.0527572631836
2015-08-21,84.389892578125
2015-08-24,84.53094482421875
2015-08-25,84.06841278076172
2015-08-26,83.55101776123047
2015-08-27,83.50401306152344
2015-08-28,83.51966094970703
2015-08-31,83.37857818603516
2015-09-01,83.75311279296875
2015-09-02,83.52540588378906
2015-09-03,83.72958374023438
2015-09-04,83.98866271972656
2015-09-08,83.61964416503906
2015-09-09,83.65106964111328
2015-09-10,83.4626235961914
2015-09-11,83.68243408203125
2015-09-14,83.76094055175781
2015-09-15,83.10142517089844
2015-09-16,83.07786560058594
2015-09-17,83.7688217163086
2015-09-18,84.16138458251953
2015-09-21,83.68243408203125
2015-09-22,84.09859466552734
2015-09-23,84.00436401367188
2015-09-24,84.1300048828125
2015-09-25,83.91014099121094
2015-09-28,84.38907623291016
2015-09-29,84.67961120605469
2015-09-30,84.6953125
2015-10-01,84.7613754272461
2015-10-02,85.17024993896484
2015-10-05,84.69843292236328
2015-10-06,84.87146759033203
2015-10-07,84.65914916992188
2015-10-08,84.43896484375
2015-10-09,84.48615264892578
2015-10-12,84.76923370361328
2015-10-13,84.84783935546875
2015-10-14,85.31182861328125
2015-10-15,85.0208740234375
2015-10-16,84.95005798339844
2015-10-19,84.91075134277344
2015-10-20,84.61978912353516
2015-10-21,84.91075134277344
2015-10-22,84.99725341796875
2015-10-23,84.51756286621094
2015-10-26,84.7377700805664
2015-10-27,84.95005798339844
2015-10-28,84.509765625
2015-10-29,83.99068450927734
2015-10-30,84.15587615966797
2015-11-02,83.9140396118164
2015-11-03,83.69355773925781
2015-11-04,83.60691833496094
2015-11-05,83.5517807006836
2015-11-06,82.98479461669922
2015-11-09,82.8429946899414
2015-11-10,83.0005111694336
2015-11-11,82.96116638183594
2015-11-12,83.0083999633789
2015-11-13,83.32343292236328
2015-11-16,83.43367004394531
2015-11-17,83.4100341796875
2015-11-18,83.37071228027344
2015-11-19,83.5517807006836
2015-11-20,83.44152069091797
2015-11-23,83.5517807006836
2015-11-24,83.6305923461914
2015-11-25,83.67781066894531
2015-11-27,83.76446533203125
2015-11-30,83.79596710205078
2015-12-01,84.24159240722656
2015-12-02,84.00495147705078
2015-12-03,83.12158203125
2015-12-04,83.42918395996094
2015-12-07,83.69734191894531
2015-12-08,83.74468231201172
2015-12-09,83.87092590332031
2015-12-10,83.68951416015625
2015-12-11,84.35990905761719
2015-12-14,83.73675537109375
2015-12-15,83.52378845214844
2015-12-16,83.3030014038086
2015-12-17,83.65001678466797
2015-12-18,83.94976806640625
2015-12-21,83.98918914794922
2015-12-22,83.7525634765625
2015-12-23,83.56326293945312
2015-12-24,83.71652221679688
2015-12-28,83.7322769165039
2015-12-29,83.28993225097656
2015-12-30,83.32150268554688
2015-12-31,83.41631317138672
2016-01-04,83.7718276977539
2016-01-05,83.74812316894531
2016-01-06,84.25371551513672
2016-01-07,84.4354019165039
2016-01-08,84.6487045288086
2016-01-11,84.38008880615234
2016-01-12,84.75933074951172
2016-01-13,85.0910873413086
2016-01-14,84.91732025146484
2016-01-15,85.31232452392578
2016-01-19,85.20173645019531
2016-01-20,85.62043762207031
2016-01-21,85.40711975097656
2016-01-22,85.2175064086914
2016-01-25,85.5019302368164
2016-01-26,85.56512451171875
2016-01-27,85.62834167480469
2016-01-28,85.73890686035156
2016-01-29,86.19713592529297
2016-02-01,85.99853515625
2016-02-02,86.60774993896484
2016-02-03,86.51280212402344
2016-02-04,86.71849060058594
2016-02-05,86.82926940917969
2016-02-08,87.4780044555664
2016-02-09,87.49381256103516
2016-02-10,87.75492858886719
2016-02-11,88.15837097167969
2016-02-12,87.48593139648438
2016-02-16,87.22482299804688
2016-02-17,87.01123046875
2016-02-18,87.41468811035156
2016-02-19,87.41468811035156
2016-02-22,87.32768249511719
2016-02-23,87.50172424316406
2016-02-24,87.50172424316406
2016-02-25,87.76282501220703
2016-02-26,87.3355941772461
2016-02-29,87.4780044555664
2016-03-01,86.79427337646484
2016-03-02,86.64373779296875
2016-03-03,86.7467269897461
2016-03-04,86.45357513427734
2016-03-07,86.27925872802734
2016-03-08,86.77843475341797
2016-03-09,86.43773651123047
2016-03-10,86.12879943847656
2016-03-11,85.88314819335938
2016-03-14,85.946533203125
2016-03-15,85.93067932128906
2016-03-16,86.38227081298828
2016-03-17,86.47738647460938
2016-03-18,86.62788391113281
2016-03-21,86.38227081298828
2016-03-22,86.20003509521484
2016-03-23,86.59619140625
2016-03-24,86.50908660888672
2016-03-28,86.63583374023438
2016-03-29,87.22207641601562
2016-03-30,87.10327911376953
2016-03-31,87.4201431274414
2016-04-01,87.39479064941406
2016-04-04,87.4979248046875
2016-04-05,87.84705352783203
2016-04-06,87.65662384033203
2016-04-07,88.1089096069336
2016-04-08,87.9740219116211
2016-04-11,87.95816040039062
2016-04-12,87.60901641845703
2016-04-13,87.67243957519531
2016-04-14,87.46620178222656
2016-04-15,87.7280502319336
2016-04-18,87.64079284667969
2016-04-19,87.4979248046875
2016-04-20,87.05355072021484
2016-04-21,86.91075134277344
2016-04-22,86.81552124023438
2016-04-25,86.7203140258789
2016-04-26,86.53782653808594
2016-04-27,87.01390075683594
2016-04-28,87.31538391113281
2016-04-29,87.28369903564453
2016-05-02,87.0301742553711
2016-05-03,87.5467529296875
2016-05-04,87.70565795898438
2016-05-05,87.94405364990234
2016-05-06,87.73743438720703
2016-05-09,87.90428924560547
2016-05-10,87.88839721679688
2016-05-11,88.02352905273438
2016-05-12,87.7851333618164
2016-05-13,88.11888122558594
2016-05-16,87.80097961425781
2016-05-17,87.68179321289062
2016-05-18,86.97457885742188
2016-05-19,87.0619888305664
2016-05-20,87.11761474609375
2016-05-23,87.1732177734375
2016-05-24,87.0301742553711
2016-05-25,86.99047088623047
2016-05-26,87.26058197021484
2016-05-27,87.0937728881836
2016-05-31,87.19709777832031
2016-06-01,87.1676254272461
2016-06-02,87.43817138671875
2016-06-03,88.2499771118164
2016-06-06,88.01913452148438
2016-06-07,88.14653778076172
2016-06-08,88.2499771118164
2016-06-09,88.38528442382812
2016-06-10,88.69559478759766
2016-06-13,88.87065887451172
2016-06-14,88.84679412841797
2016-06-15,89.11742401123047
2016-06-16,89.2129135131836
2016-06-17,88.9104995727539
2016-06-20,88.5284652709961
2016-06-21,88.32954406738281
2016-06-22,88.50460815429688
2016-06-23,88.08280944824219
2016-06-24,89.30045318603516
2016-06-27,90.07244110107422
2016-06-28,90.05651092529297
2016-06-29,89.69042205810547
2016-06-30,89.88937377929688
2016-07-01,90.12687683105467
2016-07-05,90.62096405029295
2016-07-06,90.63690948486328
2016-07-07,90.51738739013672
2016-07-08,90.69270324707033
2016-07-11,90.21453094482422
2016-07-12,89.68058776855469
2016-07-13,89.91169738769531
2016-07-14,89.5371322631836
2016-07-15,89.19442749023438
2016-07-18,89.1705551147461
2016-07-19,89.40962219238281
2016-07-20,89.22628021240234
2016-07-21,89.42554473876953
2016-07-22,89.35383605957031
2016-07-25,89.2820816040039
2016-07-26,89.33789825439453
2016-07-27,89.72045135498047
2016-07-28,89.76826477050781
2016-07-29,90.1109848022461
2016-08-01,89.79811096191406
2016-08-02,89.58263397216797
2016-08-03,89.6305160522461
2016-08-04,89.8459701538086
2016-08-05,89.28734588623047
2016-08-08,89.23944091796875
2016-08-09,89.55865478515625
2016-08-10,89.79811096191406
2016-08-11,89.36714172363281
2016-08-12,89.68633270263672
2016-08-15,89.42301940917969
2016-08-16,89.27137756347656
2016-08-17,89.41502380371094
2016-08-18,89.57466125488281
2016-08-19,89.27137756347656
2016-08-22,89.47090148925781
2016-08-23,89.46289825439453
2016-08-24,89.43096923828125
2016-08-25,89.28734588623047
2016-08-26,88.94413757324219
2016-08-29,89.31123352050781
2016-08-30,89.30329895019531
2016-08-31,89.19950866699219
2016-09-01,89.33939361572266
2016-09-02,89.1076431274414
2016-09-06,89.52322387695312
2016-09-07,89.57113647460938
2016-09-08,89.13159942626953
2016-09-09,88.70803833007812
2016-09-12,88.78792572021484
2016-09-13,88.46031188964844
2016-09-14,88.66011047363281
2016-09-15,88.68406677246094
2016-09-16,88.77997589111328
2016-09-19,88.62809753417969
2016-09-20,88.76397705078125
2016-09-21,88.90787506103516
2016-09-22,89.17157745361328
2016-09-23,89.21147918701172
2016-09-26,89.46732330322266
2016-09-27,89.61911010742188
2016-09-28,89.57913970947266
2016-09-29,89.6351547241211
2016-09-30,89.41133880615234
2016-10-03,89.2032699584961
2016-10-04,88.79513549804688
2016-10-05,88.59510040283203
2016-10-06,88.41101837158203
2016-10-07,88.53904724121094
2016-10-10,88.30699157714844
2016-10-11,88.28297424316406
2016-10-12,88.28297424316406
2016-10-13,88.4670181274414
2016-10-14,88.1949462890625
2016-10-17,88.38701629638672
2016-10-18,88.56303405761719
2016-10-19,88.60311889648438
2016-10-20,88.52305603027344
2016-10-21,88.61910247802734
2016-10-24,88.49903106689453
2016-10-25,88.48309326171875
2016-10-26,88.29097747802734
2016-10-27,87.98686218261719
2016-10-28,88.00284576416016
2016-10-31,88.07490539550781
2016-11-01,88.07813262939453
2016-11-02,88.34254455566406
2016-11-03,88.28646087646484
2016-11-04,88.55892181396484
2016-11-07,88.19029998779297
2016-11-08,87.87777709960938
2016-11-09,86.53949737548828
2016-11-10,86.0185775756836
2016-11-11,85.84228515625
2016-11-14,85.34546661376953
2016-11-15,85.34546661376953
2016-11-16,85.42558288574219
2016-11-17,85.04895782470703
2016-11-18,84.6723403930664
2016-11-21,84.74445343017578
2016-11-22,84.82453918457031
2016-11-23,84.52003479003906
2016-11-25,84.44795227050781
2016-11-28,84.83260345458984
2016-11-29,84.92068481445312
2016-11-30,84.35173034667969
2016-12-01,84.0300064086914
2016-12-02,84.40715789794922
2016-12-05,84.37501525878906
2016-12-06,84.40715789794922
2016-12-07,84.68802642822266
2016-12-08,84.36698913574219
2016-12-09,83.93367004394531
2016-12-12,83.9496841430664
2016-12-13,83.99787139892578
2016-12-14,83.29969024658203
2016-12-15,83.06697845458984
2016-12-16,83.17127227783203
2016-12-19,83.55648040771484
2016-12-20,83.37994384765625
2016-12-21,83.5163345336914
2016-12-22,83.48019409179688
2016-12-23,83.56056213378906
2016-12-27,83.44000244140625
2016-12-28,83.74545288085938
2016-12-29,84.00265502929688
2016-12-30,84.25183868408203
2017-01-03,84.21160888671875
2017-01-04,84.30811309814453
2017-01-05,84.85464477539062
2017-01-06,84.4688491821289
2017-01-09,84.79033660888672
2017-01-10,84.75016784667969
2017-01-11,84.84664916992188
2017-01-12,84.89486694335938
2017-01-13,84.70992279052734
2017-01-17,85.13595581054688
2017-01-18,84.53312683105469
2017-01-19,84.21160888671875
2017-01-20,84.25183868408203
2017-01-23,84.69390106201172
2017-01-24,84.37239074707031
2017-01-25,83.95441436767578
2017-01-26,84.06694793701172
2017-01-27,84.17140197753906
2017-01-30,84.14734649658203
2017-01-31,84.43669128417969
2017-02-01,84.27490234375
2017-02-02,84.30709838867188
2017-02-03,84.37147521972656
2017-02-06,84.77399444580078
2017-02-07,84.92692565917969
2017-02-08,85.27304077148438
2017-02-09,84.76593017578125
2017-02-10,84.70954895019531
2017-02-13,84.58076477050781
2017-02-14,84.27490234375
2017-02-15,84.11390686035156
2017-02-16,84.4520263671875
2017-02-17,84.67737579345703
2017-02-21,84.63710021972656
2017-02-22,84.77399444580078
2017-02-23,84.99938201904297
2017-02-24,85.39383697509766
2017-02-27,85.08790588378906
2017-02-28,85.04767608642578
2017-03-01,84.45514678955078
2017-03-02,84.2133560180664
2017-03-03,84.29399871826172
2017-03-06,84.27787017822266
2017-03-07,84.15693664550781
2017-03-08,83.87479400634766
2017-03-09,83.64102172851562
2017-03-10,83.81837463378906
2017-03-13,83.60880279541016
2017-03-14,83.69743347167969
2017-03-15,84.4310302734375
2017-03-16,84.1972427368164
2017-03-17,84.42295837402344
2017-03-20,84.6244888305664
2017-03-21,84.90660095214844
2017-03-22,85.06779479980469
2017-03-23,84.9791259765625
2017-03-24,85.02754974365234
2017-03-27,85.23710632324219
2017-03-28,84.94694519042969
2017-03-29,85.18875885009766
2017-03-30,84.94694519042969
2017-03-31,85.11619567871094
2017-04-03,85.53520202636719
2017-04-04,85.4140853881836
2017-04-05,85.57556915283203
2017-04-06,85.51904296875
2017-04-07,85.2607192993164
2017-04-10,85.4140853881836
2017-04-11,85.80967712402344
2017-04-12,86.07608795166016
2017-04-13,86.33446502685547
2017-04-17,86.19717407226562
2017-04-18,86.68965911865234
2017-04-19,86.46357727050781
2017-04-20,86.26982879638672
2017-04-21,86.31026458740234
2017-04-24,86.13265991210938
2017-04-25,85.68854522705078
2017-04-26,85.9146499633789
2017-04-27,85.97115325927734
2017-04-28,86.0599365234375
2017-05-01,85.87394714355469
2017-05-02,86.05187225341797
2017-05-03,85.87394714355469
2017-05-04,85.67993927001953
2017-05-05,85.69608306884766
2017-05-08,85.48590850830078
2017-05-09,85.38886260986328
2017-05-10,85.35651397705078
2017-05-11,85.42123413085938
2017-05-12,85.85783386230469
2017-05-15,85.80121612548828
2017-05-16,85.91441345214844
2017-05-17,86.60162353515625
2017-05-18,86.57740783691406
2017-05-19,86.55315399169922
2017-05-22,86.45612335205078
2017-05-23,86.22972106933594
2017-05-24,86.40763092041016
2017-05-25,86.45612335205078
2017-05-26,86.51274871826172
2017-05-30,86.73106384277344
2017-05-31,86.77143859863281
2017-06-01,86.7260971069336
2017-06-02,87.10671997070312
2017-06-05,86.96092224121094
2017-06-06,87.23629760742188
2017-06-07,87.07429504394531
2017-06-08,86.93666076660156
2017-06-09,86.85565948486328
2017-06-12,86.83946990966797
2017-06-13,86.8718490600586
2017-06-14,87.32534790039062
2017-06-15,87.17146301269531
2017-06-16,87.22006225585938
2017-06-19,86.97713470458984
2017-06-20,87.19578552246094
2017-06-21,87.18766784667969
2017-06-22,87.26864624023438
2017-06-23,87.29295349121094
2017-06-26,87.36583709716797
2017-06-27,86.93666076660156
2017-06-28,86.85565948486328
2017-06-29,86.5317611694336
2017-06-30,86.32933044433594
2017-07-03,86.01225280761719
2017-07-05,86.07710266113281
2017-07-06,85.91492462158203
2017-07-07,85.77703857421875
2017-07-10,85.89060974121094
2017-07-11,86.00410461425781
2017-07-12,86.25554656982422
2017-07-13,86.16632843017578
2017-07-14,86.28799438476562
2017-07-17,86.39340209960938
2017-07-18,86.70967864990234
2017-07-19,86.70967864990234
2017-07-20,86.73400115966797
2017-07-21,86.88812255859375
2017-07-24,86.83135223388672
2017-07-25,86.34475708007812
2017-07-26,86.62046813964844
2017-07-27,86.48258209228516
2017-07-28,86.62860107421875
2017-07-31,86.65291595458984
2017-08-01,86.8681411743164
2017-08-02,86.7869644165039
2017-08-03,87.08745574951172
2017-08-04,86.85193634033203
2017-08-07,86.900634765625
2017-08-08,86.82756805419922
2017-08-09,86.9331283569336
2017-08-10,87.25806427001953
2017-08-11,87.3554916381836
2017-08-14,87.14434051513672
2017-08-15,86.88440704345703
2017-08-16,87.0468521118164
2017-08-17,87.3554916381836
2017-08-18,87.3717041015625
2017-08-21,87.42858123779297
2017-08-22,87.25806427001953
2017-08-23,87.55855560302734
2017-08-24,87.42049407958984
2017-08-25,87.56664276123047
2017-08-28,87.64788818359375
2017-08-29,87.85094451904297
2017-08-30,87.77786254882812
2017-08-31,87.91593933105469
2017-09-01,87.6572494506836
2017-09-05,88.26736450195312
2017-09-06,88.05582427978516
2017-09-07,88.43815612792969
2017-09-08,88.37308502197266
2017-09-11,87.86873626708984
2017-09-12,87.6572494506836
2017-09-13,87.47832489013672
2017-09-14,87.49458312988281
2017-09-15,87.60032653808594
2017-09-18,87.25865173339844
2017-09-19,87.16104888916016
2017-09-20,86.99024200439453
2017-09-21,86.8763427734375
2017-09-22,87.0308837890625
2017-09-25,87.29121398925781
2017-09-26,87.21800231933594
2017-09-27,86.77058410644531
2017-09-28,86.7542953491211
2017-09-29,86.6485824584961
2017-10-02,86.55001068115234
2017-10-03,86.67220306396484
2017-10-04,86.64775848388672
2017-10-05,86.55815887451172
2017-10-06,86.45223236083984
2017-10-09,86.55001068115234
2017-10-10,86.58262634277344
2017-10-11,86.68032836914062
2017-10-12,86.76181030273438
2017-10-13,87.05508422851562
2017-10-16,86.90845489501953
2017-10-17,86.87586212158203
2017-10-18,86.65589141845703
2017-10-19,86.74554443359375
2017-10-20,86.38706970214844
2017-10-23,86.46856689453125
2017-10-24,86.20783233642578
2017-10-25,86.0693588256836
2017-10-26,85.95527648925781
2017-10-27,86.23223876953125
2017-10-30,86.54183959960938
2017-10-31,86.4848403930664
2017-11-01,86.53705596923828
2017-11-02,86.65129089355469
2017-11-03,86.78998565673828
2017-11-06,86.89604187011719
2017-11-07,86.92872619628906
2017-11-08,86.8226089477539
2017-11-09,86.78998565673828
2017-11-10,86.349365234375
2017-11-13,86.3085708618164
2017-11-14,86.4310073852539
2017-11-15,86.74102020263672
2017-11-16,86.52070617675781
2017-11-17,86.63497924804688
2017-11-20,86.49626922607422
2017-11-21,86.5125961303711
2017-11-22,86.78998565673828
2017-11-24,86.71656799316406
2017-11-27,86.77363586425781
2017-11-28,86.78998565673828
2017-11-29,86.5125961303711
2017-11-30,86.24330139160156
2017-12-01,86.5620346069336
2017-12-04,86.52113342285156
2017-12-05,86.5865249633789
2017-12-06,86.76630401611328
2017-12-07,86.61102294921875
2017-12-08,86.54563903808594
2017-12-11,86.48847198486328
2017-12-12,86.41496276855469
2017-12-13,86.76630401611328
2017-12-14,86.73362731933594
2017-12-15,86.71723937988281
2017-12-18,86.52113342285156
2017-12-19,86.1289291381836
2017-12-20,85.87555694580078
2017-12-21,85.93617248535156
2017-12-22,85.9688720703125
2017-12-26,86.0016098022461
2017-12-27,86.3698959350586
2017-12-28,86.2635726928711
2017-12-29,86.4026870727539
2018-01-02,86.11621856689453
2018-01-03,86.20626068115234
2018-01-04,86.16529846191406
2018-01-05,86.0589599609375
2018-01-08,86.01799774169922
2018-01-09,85.60881042480469
2018-01-10,85.58423614501953
2018-01-11,85.6415023803711
2018-01-12,85.58423614501953
2018-01-16,85.6251449584961
2018-01-17,85.4368896484375
2018-01-18,85.16681671142578
2018-01-19,84.94583129882812
2018-01-22,84.91311645507812
2018-01-23,85.15866088867188
2018-01-24,84.99493408203125
2018-01-25,85.1832046508789
2018-01-26,84.92945861816406
2018-01-29,84.71669006347656
2018-01-30,84.52025604248047
2018-01-31,84.5448226928711
2018-02-01,84.10868835449219
2018-02-02,83.79720306396484
2018-02-05,84.48578643798828
2018-02-06,84.11689758300781
2018-02-07,83.8709487915039
2018-02-08,83.94471740722656
2018-02-09,83.79720306396484
2018-02-12,83.77257537841797
2018-02-13,83.91192626953125
2018-02-14,83.40369415283203
2018-02-15,83.4282455444336
2018-02-16,83.62501525878906
2018-02-20,83.53485107421875
2018-02-21,83.28890228271484
2018-02-22,83.40369415283203
2018-02-23,83.72341918945312
2018-02-26,83.82178497314453
2018-02-27,83.55946350097656
2018-02-28,83.75616455078125
2018-03-01,84.11663818359375
2018-03-02,83.80459594726562
2018-03-05,83.69790649414062
2018-03-06,83.68970489501953
2018-03-07,83.68970489501953
2018-03-08,83.86212921142578
2018-03-09,83.68148040771484
2018-03-12,83.87855529785156
2018-03-13,84.01808166503906
2018-03-14,84.18224334716797
2018-03-15,84.14947509765625
2018-03-16,84.05094909667969
2018-03-19,83.96880340576172
2018-03-20,83.80459594726562
2018-03-21,83.86212921142578
2018-03-22,84.20692443847656
2018-03-23,84.32189178466797
2018-03-26,84.0919418334961
2018-03-27,84.56816864013672
2018-03-28,84.55175018310547
2018-03-29,84.72418975830078
2018-04-02,84.81053161621094
2018-04-03,84.53913879394531
2018-04-04,84.48983764648438
2018-04-05,84.27596282958984
2018-04-06,84.64603424072266
2018-04-09,84.66253662109375
2018-04-10,84.51447296142578
2018-04-11,84.59669494628906
2018-04-12,84.29240417480469
2018-04-13,84.3664321899414
2018-04-16,84.32526397705078
2018-04-17,84.37471008300781
2018-04-18,84.04566955566406
2018-04-19,83.8154067993164
2018-04-20,83.53578186035156
2018-04-23,83.45352935791016
2018-04-24,83.3548355102539
2018-04-25,83.17389678955078
2018-04-26,83.41239166259766
2018-04-27,83.55223083496094
2018-04-30,83.64273834228516
2018-05-01,83.51166534423828
2018-05-02,83.52816009521484
2018-05-03,83.74238586425781
2018-05-04,83.75064086914062
2018-05-07,83.70944213867188
2018-05-08,83.5693359375
2018-05-09,83.37982177734375
2018-05-10,83.55284881591797
2018-05-11,83.56108093261719
2018-05-14,83.37982177734375
2018-05-15,82.91839599609375
2018-05-16,82.74535369873047
2018-05-17,82.69593048095703
2018-05-18,83.01724243164062
2018-05-21,83.07495880126953
2018-05-22,83.04199981689453
2018-05-23,83.4209976196289
2018-05-24,83.63529205322266
2018-05-25,83.96485900878906
2018-05-29,84.87125396728516
2018-05-30,84.50867462158203
2018-05-31,84.46751403808594
2018-06-01,84.15542602539062
2018-06-04,83.85818481445312
2018-06-05,84.07286834716797
2018-06-06,83.73432922363281
2018-06-07,84.08938598632812
2018-06-08,83.97379302978516
2018-06-11,83.89120483398438
2018-06-12,83.8416976928711
2018-06-13,83.74263000488281
2018-06-14,84.00677490234375
2018-06-15,84.07286834716797
2018-06-18,84.1141357421875
2018-06-19,84.33708190917969
2018-06-20,84.06458282470703
2018-06-21,84.28751373291016
2018-06-22,84.30400848388672
2018-06-25,84.41963958740234
2018-06-26,84.46088409423828
2018-06-27,84.78290557861328
2018-06-28,84.7003173828125
2018-06-29,84.6343002319336
2018-07-02,84.57634735107422
2018-07-03,84.79143524169922
2018-07-05,84.79972076416016
2018-07-06,84.87415313720703
2018-07-09,84.65910339355469
2018-07-10,84.59288787841797
2018-07-11,84.7666015625
2018-07-12,84.73355865478516
2018-07-13,84.87415313720703
2018-07-16,84.73355865478516
2018-07-17,84.68389892578125
2018-07-18,84.61770629882812
2018-07-19,84.84932708740234
2018-07-20,84.55159759521484
2018-07-23,84.13797760009766
2018-07-24,84.19588470458984
2018-07-25,84.13797760009766
2018-07-26,84.04704284667969
2018-07-27,84.17937469482422
2018-07-30,84.07180786132812
2018-07-31,84.18757629394531
2018-08-01,83.98867797851562
2018-08-02,84.08818054199219
2018-08-03,84.30364227294922
2018-08-06,84.34510040283203
2018-08-07,84.1710433959961
2018-08-08,84.24560546875
2018-08-09,84.47769165039062
2018-08-10,84.84236907958984
2018-08-13,84.81745147705078
2018-08-14,84.73460388183594
2018-08-15,84.94182586669922
2018-08-16,84.91697692871094
2018-08-17,84.95008850097656
2018-08-20,85.21527862548828
2018-08-21,85.09925842285156
2018-08-22,85.2567367553711
2018-08-23,85.24846649169922
2018-08-24,85.27333068847656
2018-08-27,85.08267974853516
2018-08-28,84.89207458496094
2018-08-29,84.86720275878906
2018-08-30,85.0246810913086
2018-08-31,85.04126739501953
2018-09-04,84.84693908691406
2018-09-05,84.83863067626953
2018-09-06,85.0130386352539
2018-09-07,84.63104248046875
2018-09-10,84.68083953857422
2018-09-11,84.37355041503906
2018-09-12,84.47321319580078
2018-09-13,84.46491241455078
2018-09-14,84.30713653564453
2018-09-17,84.3237533569336
2018-09-18,83.97496795654297
2018-09-19,83.83377075195312
2018-09-20,83.84209442138672
2018-09-21,83.87532043457031
2018-09-24,83.78392791748047
2018-09-25,83.7009506225586
2018-09-26,83.97496795654297
2018-09-27,83.97496795654297
2018-09-28,84.01648712158203
2018-10-01,83.80347442626953
2018-10-02,84.01985168457031
2018-10-03,83.3957290649414
2018-10-04,83.17937469482422
2018-10-05,82.97968292236328
2018-10-08,83.01293182373047
2018-10-09,83.1710205078125
2018-10-10,83.2126693725586
2018-10-11,83.55381774902344
2018-10-12,83.4539794921875
2018-10-15,83.50391387939453
2018-10-16,83.49559020996094
2018-10-17,83.25425720214844
2018-10-18,83.40404510498047
2018-10-19,83.30418395996094
2018-10-22,83.3208236694336
2018-10-23,83.53716278076172
2018-10-24,83.98652648925781
2018-10-25,83.78683471679688
2018-10-26,84.16128540039062
2018-10-29,84.15294647216797
2018-10-30,83.96986389160156
2018-10-31,83.7618637084961
2018-11-01,83.83358764648438
2018-11-02,83.3665771484375
2018-11-05,83.41661834716797
2018-11-06,83.32487487792969
2018-11-07,83.32487487792969
2018-11-08,83.20814514160156
2018-11-09,83.53335571289062
2018-11-12,83.78353881835938
2018-11-13,83.85027313232422
2018-11-14,84.02536010742188
2018-11-15,84.0837631225586
2018-11-16,84.34226989746094
2018-11-19,84.46734619140625
2018-11-20,84.45068359375
2018-11-21,84.43401336669922
2018-11-23,84.48401641845703
2018-11-26,84.41728973388672
2018-11-27,84.50069427490234
2018-11-28,84.49237823486328
2018-11-29,84.70918273925781
2018-11-30,84.87590789794922
2018-12-03,85.06147003173828
2018-12-04,85.45425415039062
2018-12-06,85.67152404785156
2018-12-07,85.9222183227539
2018-12-10,85.97235870361328
2018-12-11,85.75508880615234
2018-12-12,85.52108001708984
2018-12-13,85.57123565673828
2018-12-14,85.70494842529297
2018-12-17,85.95562744140625
2018-12-18,86.1675033569336
2018-12-19,86.46898651123047
2018-12-20,86.36006927490234
2018-12-21,86.43547821044922
2018-12-24,86.65320587158203
2018-12-26,86.24285888671875
2018-12-27,86.46057891845703
2018-12-28,86.92958068847656
2018-12-31,87.256103515625
2019-01-02,87.44034576416016
2019-01-03,88.13536834716797
2019-01-04,87.42356872558594
2019-01-07,87.18074035644531
2019-01-08,86.96300506591797
2019-01-09,87.01326751708984
2019-01-10,86.97138977050781
2019-01-11,87.23098754882812
2019-01-14,87.18074035644531
2019-01-15,87.09698486328125
2019-01-16,87.04678344726562
2019-01-17,86.88770294189453
2019-01-18,86.61128997802734
2019-01-22,86.91278839111328
2019-01-23,86.87091064453125
2019-01-24,87.14725494384766
2019-01-25,86.94629669189453
2019-01-28,86.97138977050781
2019-01-29,87.22262573242188
2019-01-30,87.42356872558594
2019-01-31,87.82551574707031
2019-02-01,87.35562133789062
2019-02-04,87.16259002685547
2019-02-05,87.31366729736328
2019-02-06,87.38075256347656
2019-02-07,87.66607666015625
2019-02-08,87.78358459472656
2019-02-11,87.64928436279297
2019-02-12,87.53182220458984
2019-02-13,87.31366729736328
2019-02-14,87.72482299804688
2019-02-15,87.64093017578125
2019-02-19,87.79193878173828
2019-02-20,87.77520751953125
2019-02-21,87.51504516601562
2019-02-22,87.77520751953125
2019-02-25,87.64093017578125
2019-02-26,87.90103149414062
2019-02-27,87.59054565429688
2019-02-28,87.36400604248047
2019-03-01,87.0772933959961
2019-03-04,87.34636688232422
2019-03-05,87.39680480957031
2019-03-06,87.64063262939453
2019-03-07,87.93487548828125
2019-03-08,88.0610122680664
2019-03-11,87.99374389648438
2019-03-12,88.23751831054688
2019-03-13,88.20392608642578
2019-03-14,88.07780456542969
2019-03-15,88.35528564453125
2019-03-18,88.23751831054688
2019-03-19,88.17870330810547
2019-03-20,88.79244232177734
2019-03-21,88.75038146972656
2019-03-22,89.40618896484375
2019-03-25,89.63323974609375
2019-03-26,89.55754852294922
2019-03-27,89.81816101074219
2019-03-28,89.82657623291016
2019-03-29,89.68366241455078
2019-04-01,89.06694793701172
2019-04-02,89.2186050415039
2019-04-03,88.94059753417969
2019-04-04,89.03326416015625
2019-04-05,89.07540893554688
2019-04-08,88.93214416503906
2019-04-09,89.09225463867188
2019-04-10,89.3028564453125
2019-04-11,89.10064697265625
2019-04-12,88.6878433227539
2019-04-15,88.8057861328125
2019-04-16,88.50248718261719
2019-04-17,88.51936340332031
2019-04-18,88.72997283935547
2019-04-22,88.60359191894531
2019-04-23,88.76367950439453
2019-04-24,89.10064697265625
2019-04-25,88.99109649658203
2019-04-26,89.2270278930664
2019-04-29,89.04168701171875
2019-04-30,89.2186050415039
2019-05-01,89.17803192138672
2019-05-02,88.92485046386719
2019-05-03,89.04302978515625
2019-05-06,89.27096557617188
2019-05-07,89.57483673095703
2019-05-08,89.406005859375
2019-05-09,89.64237976074219
2019-05-10,89.58325958251953
2019-05-13,90.03067016601562
2019-05-14,89.94624328613281
2019-05-15,90.2332992553711
2019-05-16,90.0560073852539
2019-05-17,90.09825897216795
2019-05-20,89.94624328613281
2019-05-21,89.84498596191406
2019-05-22,90.11506652832033
2019-05-23,90.6638412475586
2019-05-24,90.63848876953124
2019-05-28,91.0352554321289
2019-05-29,91.00148010253906
2019-05-30,91.33075714111328
2019-05-31,91.9384994506836
2019-06-03,92.38087463378906
2019-06-04,92.04258728027344
2019-06-05,92.04258728027344
2019-06-06,92.02560424804688
2019-06-07,92.38933563232422
2019-06-10,91.93260192871094
2019-06-11,91.93260192871094
2019-06-12,92.16942596435548
2019-06-13,92.3978042602539
2019-06-14,92.4654541015625
2019-06-17,92.44855499267578
2019-06-18,92.62618255615234
2019-06-19,92.8799285888672
2019-06-20,93.03216552734376
2019-06-21,92.65152740478516
2019-06-24,92.97293090820312
2019-06-25,93.11673736572266
2019-06-26,92.73614501953124
2019-06-27,93.0152587890625
2019-06-28,93.05752563476562
2019-07-01,92.94060516357422
2019-07-02,93.27107238769533
2019-07-03,93.4489974975586
2019-07-05,92.85586547851562
2019-07-08,92.76270294189452
2019-07-09,92.7033920288086
2019-07-10,92.7541732788086
2019-07-11,92.29666137695312
2019-07-12,92.39837646484376
2019-07-15,92.5932388305664
2019-07-16,92.38986206054688
2019-07-17,92.82199096679688
2019-07-18,93.0507583618164
2019-07-19,92.88127136230467
2019-07-22,92.92366790771484
2019-07-23,92.77118682861328
2019-07-24,92.9067153930664
2019-07-25,92.74568939208984
2019-07-26,92.728759765625
2019-07-29,92.81351470947266
2019-07-30,92.85586547851562
2019-07-31,93.0931396484375
2019-08-01,94.14900970458984
2019-08-02,94.34423828125
2019-08-05,95.15911102294922
2019-08-06,95.3119125366211
2019-08-07,95.3119125366211
2019-08-08,95.32037353515624
2019-08-09,95.17609405517578
2019-08-12,95.77873229980467
2019-08-13,95.4392547607422
2019-08-14,96.07582092285156
2019-08-15,96.68695068359376
2019-08-16,96.43231964111328
2019-08-19,95.9738998413086
2019-08-20,96.39837646484376
2019-08-21,96.1437530517578
2019-08-22,95.9314956665039
2019-08-23,96.5766143798828
2019-08-26,96.48323822021484
2019-08-27,96.899169921875
2019-08-28,96.93314361572266
2019-08-29,96.74635314941406
2019-08-30,96.77181243896484
2019-09-03,96.98441314697266
2019-09-04,97.137451171875
2019-09-05,96.35525512695312
2019-09-06,96.41475677490234
2019-09-09,95.81961059570312
2019-09-10,95.1224136352539
2019-09-11,95.02887725830078
2019-09-12,94.81633758544922
2019-09-13,93.94908142089844
2019-09-16,94.35720825195312
2019-09-17,94.60379028320312
2019-09-18,94.63778686523438
2019-09-19,94.68029022216795
2019-09-20,95.22447204589844
2019-09-23,95.3604736328125
2019-09-24,95.83659362792967
2019-09-25,95.20742797851562
2019-09-26,95.41150665283205
2019-09-27,95.5475082397461
2019-09-30,95.6240463256836
2019-10-01,95.88886260986328
2019-10-02,96.22098541259766
2019-10-03,96.7232894897461
2019-10-04,96.91064453125
2019-10-07,96.58709716796876
2019-10-08,96.79147338867188
2019-10-09,96.54449462890624
2019-10-10,95.9399642944336
2019-10-11,95.28427124023438
2019-10-14,95.54824829101562
2019-10-15,95.08845520019533
2019-10-16,95.2757797241211
2019-10-17,95.24169921875
2019-10-18,95.32682800292967
2019-10-21,94.97775268554688
2019-10-22,95.19914245605467
2019-10-23,95.23318481445312
2019-10-24,95.21617126464844
2019-10-25,95.01178741455078
2019-10-28,94.65416717529295
2019-10-29,94.73931121826172
2019-10-30,95.19914245605467
2019-10-31,95.80367279052734
2019-11-01,95.62293243408205
2019-11-04,95.13684844970705
2019-11-05,94.62516021728516
2019-11-06,94.89808654785156
2019-11-07,94.13904571533205
2019-11-08,94.01114654541016
2019-11-11,94.11351776123048
2019-11-12,94.15612030029295
2019-11-13,94.4119644165039
2019-11-14,94.8895263671875
2019-11-15,94.81277465820312
2019-11-18,94.9748077392578
2019-11-19,95.15387725830078
2019-11-20,95.50350189208984
2019-11-21,95.2647476196289
2019-11-22,95.24767303466795
2019-11-25,95.29035186767578
2019-11-26,95.4693832397461
2019-11-27,95.22209930419922
2019-11-29,95.14537048339844
2019-12-02,94.80374145507812
2019-12-03,95.64920806884766
2019-12-04,95.28202056884766
2019-12-05,95.05995178222656
2019-12-06,94.76961517333984
2019-12-09,94.84647369384766
2019-12-10,94.73541259765624
2019-12-11,95.12828826904295
2019-12-12,94.37679290771484
2019-12-13,94.93187713623048
2019-12-16,94.4877471923828
2019-12-17,94.496337890625
2019-12-18,94.2401123046875
2019-12-19,94.31366729736328
2019-12-20,94.31366729736328
2019-12-23,94.22813415527344
2019-12-24,94.3906021118164
2019-12-26,94.52747344970705
2019-12-27,94.66431427001952
2019-12-30,94.60443878173828
2019-12-31,94.26232147216795
2020-01-02,94.69851684570312
2020-01-03,95.33135223388672
2020-01-06,95.2287368774414
2020-01-07,95.0918960571289
2020-01-08,94.86955261230467
2020-01-09,94.9379425048828
2020-01-10,95.14322662353516
2020-01-13,95.03205108642578
2020-01-14,95.2201690673828
2020-01-15,95.45967864990234
2020-01-16,95.262939453125
2020-01-17,95.18600463867188
2020-01-21,95.56231689453124
2020-01-22,95.5793685913086
2020-01-23,95.81883239746094
2020-01-24,96.16094207763672
2020-01-27,96.81085968017578
2020-01-28,96.4859390258789
2020-01-29,96.94774627685548
2020-01-30,97.04181671142578
2020-01-31,97.52931213378906
2020-02-03,97.44623565673828
2020-02-04,96.88097381591795
2020-02-05,96.46137237548828
2020-02-06,96.52986907958984
2020-02-07,96.99234771728516
2020-02-10,97.1807632446289
2020-02-11,96.94952392578124
2020-02-12,96.70117950439452
2020-02-13,96.78678894042967
2020-02-14,97.02657318115234
2020-02-18,97.1807632446289
2020-02-19,97.16361236572266
2020-02-20,97.44623565673828
2020-02-21,97.84015655517578
2020-02-24,98.6023178100586
2020-02-25,98.87638092041016
2020-02-26,98.824951171875
2020-02-27,99.3045425415039
2020-02-28,100.41780090332033
2020-03-02,100.3492202758789
2020-03-03,101.51531219482422
2020-03-04,101.29237365722656
2020-03-05,102.192626953125
2020-03-06,103.23006439208984
2020-03-09,104.15607452392578
2020-03-10,102.24407958984376
2020-03-11,101.22377014160156
2020-03-12,101.27519989013672
2020-03-13,100.6150360107422
2020-03-16,103.2729263305664
2020-03-17,100.68362426757812
2020-03-18,99.28605651855467
2020-03-19,99.61189270019533
2020-03-20,102.14973449707033
2020-03-23,103.35868072509766
2020-03-24,102.6556167602539
2020-03-25,102.71563720703124
2020-03-26,102.96427154541016
2020-03-27,103.72734832763672
2020-03-30,103.96745300292967
2020-03-31,104.15607452392578
2020-04-01,104.58013916015624
2020-04-02,104.59723663330078
2020-04-03,104.6745147705078
2020-04-06,104.20240783691406
2020-04-07,103.73887634277344
2020-04-08,103.6100845336914
2020-04-09,103.83328247070312
2020-04-13,103.6100845336914
2020-04-14,103.7474365234375
2020-04-15,104.6745147705078
2020-04-16,104.78611755371094
2020-04-17,104.51145935058594
2020-04-20,104.78611755371094
2020-04-21,105.07799530029295
2020-04-22,104.75177764892578
2020-04-23,104.82050323486328
2020-04-24,104.84619903564452
2020-04-27,104.28824615478516
2020-04-28,104.74322509765624
2020-04-29,104.69171142578124
2020-04-30,104.44275665283205
2020-05-01,104.5871353149414
2020-05-04,104.60430145263672
2020-05-05,104.52694702148438
2020-05-06,104.14028930664062
2020-05-07,104.77613067626952
2020-05-08,104.43245697021484
2020-05-11,104.14028930664062
2020-05-12,104.48400115966795
2020-05-13,104.69883728027344
2020-05-14,104.86209869384766
2020-05-15,104.7933578491211
2020-05-18,104.14886474609376
2020-05-19,104.44102478027344
2020-05-20,104.46682739257812
2020-05-21,104.53558349609376
2020-05-22,104.73321533203124
2020-05-26,104.45823669433594
2020-05-27,104.54413604736328
2020-05-28,104.44962310791016
2020-05-29,104.78475189208984
2020-06-01,104.74349975585938
2020-06-02,104.57144165039062
2020-06-03,103.95211029052734
2020-06-04,103.53923034667967
2020-06-05,103.02312469482422
2020-06-08,103.13494873046876
2020-06-09,103.50479125976562
2020-06-10,104.27899932861328
2020-06-11,104.64883422851562
2020-06-12,104.4166030883789
2020-06-15,104.33060455322266
2020-06-16,104.11553955078124
2020-06-17,104.27899932861328
2020-06-18,104.51122283935548
2020-06-19,104.54561614990234
2020-06-22,104.45101165771484
2020-06-23,104.4166030883789
2020-06-24,104.61442565917967
2020-06-25,104.63162994384766
2020-06-26,104.91551971435548
2020-06-29,105.01873016357422
2020-06-30,104.8294906616211
2020-07-01,104.6658935546875
2020-07-02,104.79503631591795
2020-07-06,104.64007568359376
2020-07-07,104.9758758544922
2020-07-08,104.8123016357422
2020-07-09,105.14803314208984
2020-07-10,104.94144439697266
2020-07-13,105.05332946777344
2020-07-14,105.0447235107422
2020-07-15,105.01026153564452
2020-07-16,105.08777618408205
2020-07-17,105.06194305419922
2020-07-20,105.13080596923828
2020-07-21,105.24273681640624
2020-07-22,105.27719116210938
2020-07-23,105.38050842285156
2020-07-24,105.32881927490234
2020-07-27,105.1652603149414
2020-07-28,105.41493225097656
2020-07-29,105.55268096923828
2020-07-30,105.6990203857422
2020-07-31,105.72488403320312
2020-08-03,105.67320251464844
2020-08-04,106.03508758544922
2020-08-05,105.68179321289062
2020-08-06,105.80242919921876
2020-08-07,105.5783920288086
2020-08-10,105.46638488769533
2020-08-11,105.10448455810548
2020-08-12,104.79428100585938
2020-08-13,104.5788803100586
2020-08-14,104.63058471679688
2020-08-17,104.80291748046876
2020-08-18,104.9838638305664
2020-08-19,104.84600067138672
2020-08-20,105.14756774902344
2020-08-21,105.22513580322266
2020-08-24,105.07860565185548
2020-08-25,104.82875061035156
2020-08-26,104.78567504882812
2020-08-27,104.4151840209961
2020-08-28,104.58751678466795
2020-08-31,104.69950103759766
2020-09-01,105.04269409179688
2020-09-02,105.1892547607422
2020-09-03,105.32722473144533
2020-09-04,104.7409210205078
2020-09-08,104.9650650024414
2020-09-09,104.91333770751952
2020-09-10,105.04269409179688
2020-09-11,105.20652770996094
2020-09-14,105.11166381835938
2020-09-15,105.05992889404295
2020-09-16,104.99956512451172
2020-09-17,105.03404235839844
2020-09-18,104.9392318725586
2020-09-21,105.12891387939452
2020-09-22,105.12891387939452
2020-09-23,105.12891387939452
2020-09-24,105.18065643310548
2020-09-25,105.26687622070312
2020-09-28,105.24964904785156
2020-09-29,105.32722473144533
2020-09-30,105.04269409179688
2020-10-01,105.10223388671876
2020-10-02,104.99872589111328
2020-10-05,104.33429718017578
2020-10-06,104.57589721679688
2020-10-07,104.2739028930664
2020-10-08,104.46375274658205
2020-10-09,104.41191864013672
2020-10-12,104.5241241455078
2020-10-13,104.75707244873048
2020-10-14,104.79159545898438
2020-10-15,104.67945861816406
2020-10-16,104.61906433105467
2020-10-19,104.44647216796876
2020-10-20,104.2221450805664
2020-10-21,104.08409118652344
2020-10-22,103.72168731689452
2020-10-23,103.86835479736328
2020-10-26,104.14447784423828
2020-10-27,104.37745666503906
2020-10-28,104.36884307861328
2020-10-29,103.92874908447266
2020-10-30,103.59225463867188
2020-11-02,103.77012634277344
2020-11-03,103.5370101928711
2020-11-04,104.4090347290039
2020-11-05,104.39176177978516
2020-11-06,104.03776550292967
2020-11-09,103.2693862915039
2020-11-10,102.97583770751952
2020-11-11,103.13982391357422
2020-11-12,103.72695922851562
2020-11-13,103.5888214111328
2020-11-16,103.51107788085938
2020-11-17,103.77873229980467
2020-11-18,103.74422454833984
2020-11-19,103.85646057128906
2020-11-20,104.03776550292967
2020-11-23,103.83055114746094
2020-11-24,103.66651916503906
2020-11-25,103.7010269165039
2020-11-27,104.01187133789062
2020-11-30,103.94281768798828
2020-12-01,103.38985443115234
2020-12-02,103.2170639038086
2020-12-03,103.4935531616211
2020-12-04,103.08747863769533
2020-12-07,103.40716552734376
2020-12-08,103.51083374023438
2020-12-09,103.36397552490234
2020-12-10,103.59720611572266
2020-12-11,103.80459594726562
2020-12-14,103.74408721923828
2020-12-15,103.6404037475586
2020-12-16,103.55401611328124
2020-12-17,103.4788055419922
2020-12-18,103.3923568725586
2020-12-21,103.4615249633789
2020-12-22,103.63442993164062
2020-12-23,103.41829681396484
2020-12-24,103.56526184082033
2020-12-28,103.57392120361328
2020-12-29,103.55661010742188
2020-12-30,103.62576293945312
2020-12-31,103.69493865966795
2021-01-04,103.72087097167967
2021-01-05,103.4788055419922
2021-01-06,102.87369537353516
2021-01-07,102.51061248779295
2021-01-08,102.21665954589844
2021-01-11,102.017822265625
2021-01-12,102.00055694580078
2021-01-13,102.3550033569336
2021-01-14,102.12157440185548
2021-01-15,102.39820861816406
2021-01-19,102.458740234375
2021-01-20,102.501953125
2021-01-21,102.3550033569336
2021-01-22,102.51061248779295
2021-01-25,102.9255599975586
2021-01-26,102.89095306396484
2021-01-27,103.01200103759766
2021-01-28,102.74401092529295
2021-01-29,102.56246185302734
2021-02-01,102.69048309326172
2021-02-02,102.43098449707033
2021-02-03,102.18011474609376
2021-02-04,102.1454849243164
2021-02-05,101.9292221069336
2021-02-08,101.97249603271484
2021-02-09,102.05036926269533
2021-02-10,102.30986785888672
2021-02-11,102.2319793701172
2021-02-12,101.89463806152344
2021-02-16,101.15933990478516
2021-02-17,101.22852325439452
2021-02-18,101.21988677978516
2021-02-19,100.8133316040039
2021-02-22,100.64897918701172
2021-02-23,100.72682189941406
2021-02-24,100.58840942382812
2021-02-25,99.24755859375
2021-02-26,100.13858032226562
2021-03-01,100.02601623535156
2021-03-02,100.2078094482422
2021-03-03,99.67115783691406
2021-03-04,99.17781066894533
2021-03-05,99.03929901123048
2021-03-08,98.64979553222656
2021-03-09,99.1172103881836
2021-03-10,99.3249282836914
2021-03-11,99.2903289794922
2021-03-12,98.57190704345705
2021-03-15,98.69308471679688
2021-03-16,98.67578125
2021-03-17,98.51129150390624
2021-03-18,97.89674377441406
2021-03-19,97.83615112304688
2021-03-22,98.15640258789062
2021-03-23,98.6411361694336
2021-03-24,98.77099609375
2021-03-25,98.6411361694336
2021-03-26,98.3122100830078
2021-03-29,97.97464752197266
2021-03-30,97.8880844116211
2021-03-31,97.74956512451172
2021-04-01,98.18267059326172
2021-04-05,97.90550231933594
2021-04-06,98.38182067871094
2021-04-07,98.32121276855467
2021-04-08,98.65899658203124
2021-04-09,98.39913940429688
2021-04-12,98.33853149414062
2021-04-13,98.74561309814452
2021-04-14,98.62435150146484
2021-04-15,99.2566146850586
2021-04-16,98.98810577392578
2021-04-19,98.8841781616211
2021-04-20,99.17865753173828
2021-04-21,99.23063659667967
2021-04-22,99.30859375
2021-04-23,99.17865753173828
2021-04-26,99.07472229003906
2021-04-27,98.68498992919922
2021-04-28,98.8148956298828
2021-04-29,98.64169311523438
2021-04-30,98.72828674316406
2021-05-03,98.89641571044922
2021-05-04,99.02642059326172
2021-05-05,99.14775848388672
2021-05-06,99.19108581542967
2021-05-07,99.22575378417967
2021-05-10,99.02642059326172
2021-05-11,98.86174774169922
2021-05-12,98.38509368896484
2021-05-13,98.71443939208984
2021-05-14,98.93109893798828
2021-05-17,98.83576202392578
2021-05-18,98.83576202392578
2021-05-19,98.54108428955078
2021-05-20,98.94840240478516
2021-05-21,98.98310089111328
2021-05-24,99.0783920288086
2021-05-25,99.4424057006836
2021-05-26,99.32977294921876
2021-05-27,99.15645599365234
2021-05-28,99.14775848388672
2021-06-01,99.12956237792967
2021-06-02,99.24227905273438
2021-06-03,98.99079895019533
2021-06-04,99.5371551513672
2021-06-07,99.45909881591795
2021-06-08,99.7453384399414
2021-06-09,100.05754089355467
2021-06-10,100.41307067871094
2021-06-11,100.26566314697266
2021-06-14,99.9534683227539
2021-06-15,99.9708023071289
2021-06-16,99.28563690185548
2021-06-17,99.6412353515625
2021-06-18,100.20497131347656
2021-06-21,99.88408660888672
2021-06-22,100.06621551513672
2021-06-23,99.86673736572266
2021-06-24,99.84940338134766
2021-06-25,99.6412353515625
2021-06-28,99.9534683227539
2021-06-29,100.0054702758789
2021-06-30,100.16160583496094
2021-07-01,100.0895538330078
2021-07-02,100.45407104492188
2021-07-06,100.98348236083984
2021-07-07,101.2785186767578
2021-07-08,101.53889465332033
2021-07-09,101.0268783569336
2021-07-12,100.97480010986328
2021-07-13,100.66236114501952
2021-07-14,101.0962905883789
2021-07-15,101.52154541015624
2021-07-16,101.50418853759766
2021-07-19,102.37205505371094
2021-07-20,102.24183654785156
2021-07-21,101.65170288085938
2021-07-22,101.88603973388672
2021-07-23,101.7298355102539
2021-07-26,101.660400390625
2021-07-27,102.09429168701172
2021-07-28,102.1811065673828
2021-07-29,101.86865234375
2021-07-30,102.15506744384766
2021-08-02,102.60318756103516
2021-08-03,102.62921142578124
2021-08-04,102.60318756103516
2021-08-05,102.22975158691406
2021-08-06,101.63053894042967
2021-08-09,101.41342163085938
2021-08-10,101.2223892211914
2021-08-11,101.33528137207033
2021-08-12,101.23107147216795
2021-08-13,101.8128890991211
2021-08-16,102.03870391845705
2021-08-17,101.98660278320312
2021-08-18,101.9344711303711
2021-08-19,102.1602783203125
2021-08-20,102.0647430419922
2021-08-23,102.09082794189452
2021-08-24,101.8128890991211
2021-08-25,101.41342163085938
2021-08-26,101.41342163085938
2021-08-27,101.74344635009766
2021-08-30,101.94320678710938
2021-08-31,101.75209045410156
2021-09-01,101.79559326171876
2021-09-02,101.91722869873048
2021-09-03,101.67388916015624
2021-09-07,101.27416229248048
2021-09-08,101.5522689819336
2021-09-09,101.83902740478516
2021-09-10,101.51746368408205
2021-09-13,101.63916778564452
2021-09-14,102.0215072631836
2021-09-15,101.84773254394533
2021-09-16,101.5261688232422
2021-09-17,101.2307357788086
2021-09-20,101.74343872070312
2021-09-21,101.6825942993164
2021-09-22,101.77819061279295
2021-09-23,100.8570327758789
2021-09-24,100.55290222167967
2021-09-27,100.2834930419922
2021-09-28,99.90113830566406
2021-09-29,100.0053939819336
2021-09-30,100.1270751953125
2021-10-01,100.5357894897461
2021-10-04,100.4140625
2021-10-05,100.10098266601562
2021-10-06,100.12709045410156
2021-10-07,99.72705078125
2021-10-08,99.50965881347656
2021-10-11,99.26616668701172
2021-10-12,99.71834564208984
2021-10-13,99.90972137451172
2021-10-14,100.14447021484376
2021-10-15,99.64877319335938
2021-10-18,99.50965881347656
2021-10-19,99.15309143066406
2021-10-20,99.10965728759766
2021-10-21,98.84872436523438
2021-10-22,99.10093688964844
2021-10-25,99.22266387939452
2021-10-26,99.34442901611328
2021-10-27,99.90097045898438
2021-10-28,99.64009857177734
2021-10-29,99.68357849121094
2021-11-01,99.67574310302734
2021-11-02,99.9194107055664
2021-11-03,99.60612487792967
2021-11-04,100.14564514160156
2021-11-05,100.69391632080078
2021-11-08,100.25877380371094
2021-11-09,100.72000122070312
2021-11-10,99.85848999023438
2021-11-11,99.53650665283205
2021-11-12,99.74535369873048
2021-11-15,99.35377502441406
2021-11-16,99.26673126220705
2021-11-17,99.62350463867188
2021-11-18,99.6844482421875
2021-11-19,99.95423126220705
2021-11-22,99.22319793701172
2021-11-23,98.81423950195312
2021-11-24,99.11878204345705
2021-11-26,100.39805603027344
2021-11-29,100.17176818847656
2021-11-30,100.772216796875
2021-12-01,100.96204376220705
2021-12-02,100.74435424804688
2021-12-03,101.33656311035156
2021-12-06,100.83148956298828
2021-12-07,100.4482421875
2021-12-08,100.12602996826172
2021-12-09,100.37857818603516
2021-12-10,100.4482421875
2021-12-13,100.92724609375
2021-12-14,100.75306701660156
2021-12-15,100.60497283935548
2021-12-16,100.89788818359376
2021-12-17,101.12458038330078
2021-12-20,101.0373992919922
2021-12-21,100.63639831542967
2021-12-22,100.73226928710938
2021-12-23,100.5230941772461
2021-12-27,100.55793762207033
2021-12-28,100.5405044555664
2021-12-29,100.02621459960938
2021-12-30,100.35745239257812
2021-12-31,100.244140625
2022-01-03,99.3114242553711
2022-01-04,99.25914001464844
2022-01-05,98.8407211303711
2022-01-06,98.5966567993164
2022-01-07,98.2741470336914
2022-01-10,98.24797821044922
2022-01-11,98.48332214355467
2022-01-12,98.50076293945312
2022-01-13,98.81459045410156
2022-01-14,98.13465881347656
2022-01-18,97.39373016357422
2022-01-19,97.6290512084961
2022-01-20,97.8382797241211
2022-01-21,98.40486907958984
2022-01-24,98.31771850585938
2022-01-25,98.18694305419922
2022-01-26,97.4896240234375
2022-01-27,97.89929962158205
2022-01-28,98.1259307861328
2022-01-31,98.1259307861328
2022-02-01,97.99329376220705
2022-02-02,98.19402313232422
2022-02-03,97.775146484375
2022-02-04,97.02481079101562
2022-02-07,97.0510025024414
2022-02-08,96.73688507080078
2022-02-09,96.86775970458984
2022-02-10,95.97776794433594
2022-02-11,96.97245025634766
2022-02-14,96.30062866210938
2022-02-15,96.0126953125
2022-02-16,96.21337127685548
2022-02-17,96.72817993164062
2022-02-18,97.04227447509766
2022-02-22,97.03353118896484
2022-02-23,96.5274887084961
2022-02-24,96.75431823730467
2022-02-25,96.72817993164062
2022-02-28,97.82752990722656
2022-03-01,98.7803192138672
2022-03-02,97.2957000732422
2022-03-03,97.7148666381836
2022-03-04,98.68424224853516
2022-03-07,98.26506805419922
2022-03-08,97.62753295898438
2022-03-09,97.02496337890624
2022-03-10,96.5795669555664
2022-03-11,96.5533676147461
2022-03-14,95.33071899414062
2022-03-15,95.28707885742188
2022-03-16,95.15607452392578
2022-03-17,94.97267150878906
2022-03-18,95.25214385986328
2022-03-21,94.01202392578124
2022-03-22,93.49677276611328
2022-03-23,94.12556457519533
2022-03-24,93.60160064697266
2022-03-25,92.64093780517578
2022-03-28,92.85054779052734
2022-03-29,93.31338500976562
2022-03-30,93.68016815185548
2022-03-31,93.8548355102539
2022-04-01,93.24370574951172
2022-04-04,93.18251037597656
2022-04-05,92.0721664428711
2022-04-06,91.7486801147461
2022-04-07,91.52135467529295
2022-04-08,91.05795288085938
2022-04-11,90.62084197998048
2022-04-12,91.05795288085938
2022-04-13,91.25904083251952
2022-04-14,90.43720245361328
2022-04-18,90.17493438720705
2022-04-19,89.5804214477539
2022-04-20,90.27983856201172
2022-04-21,89.781494140625
2022-04-22,89.82521057128906
2022-04-25,90.4022445678711
2022-04-26,91.0054931640625
2022-04-27,90.49842071533205
2022-04-28,90.36726379394533
2022-04-29,89.88642120361328
2022-05-02,89.21674346923828
2022-05-03,89.32178497314453
2022-05-04,89.89949798583984
2022-05-05,88.99791717529297
2022-05-06,88.4902114868164
2022-05-09,89.146728515625
2022-05-10,89.4443588256836
2022-05-11,89.9958267211914
2022-05-12,90.29344940185548
2022-05-13,89.82074737548828
2022-05-16,90.1971664428711
2022-05-17,89.51435852050781
2022-05-18,90.1533660888672
2022-05-19,90.47726440429688
2022-05-20,90.89742279052734
2022-05-23,90.345947265625
2022-05-24,91.1250457763672
2022-05-25,91.308837890625
2022-05-26,91.26510620117188
2022-05-27,91.39636993408205
2022-05-31,90.44225311279295
2022-06-01,89.93302917480469
2022-06-02,90.06452178955078
2022-06-03,89.88921356201172
2022-06-06,89.21432495117188
2022-06-07,89.57366180419922
2022-06-08,89.24064636230469
2022-06-09,89.16178131103516
2022-06-10,88.28529357910156
2022-06-13,86.71643829345703
2022-06-14,86.02405548095703
2022-06-15,87.22480010986328
2022-06-16,87.79448699951172
2022-06-17,87.82078552246094
2022-06-21,87.36502838134766
2022-06-22,88.46935272216797
2022-06-23,88.96892547607422
2022-06-24,88.65342712402344
2022-06-27,88.15385437011719
2022-06-28,88.26776885986328
2022-06-29,88.97769165039062
2022-06-30,89.6613540649414
2022-07-01,90.6225128173828
2022-07-05,90.95606994628906
2022-07-06,90.18360900878906
2022-07-07,89.630615234375
2022-07-08,89.08638000488281
2022-07-11,89.7885971069336
2022-07-12,89.99927520751953
2022-07-13,90.38550567626952
2022-07-14,89.88518524169922
2022-07-15,90.19239044189452
2022-07-18,89.9290542602539
2022-07-19,89.5165023803711
2022-07-20,89.42874908447266
2022-07-21,90.44694519042967
2022-07-22,91.48275756835938
2022-07-25,91.157958984375
2022-07-26,91.19307708740234
2022-07-27,91.3773956298828
2022-07-28,92.28150177001952
2022-07-29,92.31663513183594
2022-08-01,92.85653686523438
2022-08-02,91.57271575927734
2022-08-03,91.95082092285156
2022-08-04,92.4168930053711
2022-08-05,91.0802993774414
2022-08-08,91.61669158935548
2022-08-09,91.3441162109375
2022-08-10,91.39685821533205
2022-08-11,90.79011535644533
2022-08-12,91.15065002441406
2022-08-15,91.44085693359376
2022-08-16,91.33528900146484
2022-08-17,90.71978759765624
2022-08-18,90.89566040039062
2022-08-19,90.11305236816406
2022-08-22,89.71732330322266
2022-08-23,89.49756622314453
2022-08-24,89.19853973388672
2022-08-25,89.7701416015625
2022-08-26,89.66458129882812
2022-08-29,89.15460205078125
2022-08-30,89.12820434570312
2022-08-31,88.75889587402344
2022-09-01,88.05329895019531
2022-09-02,88.5466079711914
2022-09-06,87.55998992919922
2022-09-07,88.13262939453125
2022-09-08,87.80667114257812
2022-09-09,87.81546020507812
2022-09-12,87.60405731201172
2022-09-13,87.11076354980469
2022-09-14,87.15480041503906
2022-09-15,86.85528564453125
2022-09-16,86.92576599121094
2022-09-19,86.67913818359375
2022-09-20,86.14179229736328
2022-09-21,86.48532104492188
2022-09-22,85.18160247802734
2022-09-23,85.28731536865234
2022-09-26,83.86907196044922
2022-09-27,83.29653930664062
2022-09-28,85.17280578613281
2022-09-29,84.77641296386719
2022-09-30,84.55619049072266
2022-10-03,85.55972290039062
2022-10-04,85.7362060546875
2022-10-05,84.92425537109375
2022-10-06,84.45643615722656
2022-10-07,84.04164123535156
2022-10-10,83.54740142822266
2022-10-11,83.75921630859375
2022-10-12,84.03277587890625
2022-10-13,83.67974853515625
2022-10-14,83.21199798583984
2022-10-17,83.30022430419922
2022-10-18,83.51207733154297
2022-10-19,82.63829040527344
2022-10-20,82.02046966552734
2022-10-21,82.20581817626953
2022-10-24,82.09993743896484
2022-10-25,83.12372589111328
2022-10-26,83.54740142822266
2022-10-27,84.13871765136719
2022-10-28,83.70623779296875
2022-10-31,83.32671356201172
2022-11-01,83.31168365478516
2022-11-02,83.17018127441406
2022-11-03,82.80752563476562
2022-11-04,82.6306381225586
2022-11-07,82.33873748779297
2022-11-08,82.88714599609375
2022-11-09,83.17018127441406
2022-11-10,85.03646850585938
2022-11-11,84.85956573486328
2022-11-14,84.65614318847656
2022-11-15,85.28411102294922
2022-11-16,85.91213989257812
2022-11-17,85.32837677001953
2022-11-18,85.0276107788086
2022-11-21,84.97457885742188
2022-11-22,85.46102905273438
2022-11-23,85.92096710205078
2022-11-25,85.89445495605469
2022-11-28,85.92985534667969
2022-11-29,85.5671615600586
2022-11-30,86.33670043945312
2022-12-01,87.2796859741211
2022-12-02,87.45695495605469
2022-12-05,86.57068634033203
2022-12-06,87.10243225097656
2022-12-07,87.86460876464844
2022-12-08,87.3683090209961
2022-12-09,86.72130584716797
2022-12-12,86.59725952148438
2022-12-13,87.37718200683594
2022-12-14,87.616455078125
2022-12-15,87.78694152832031
2022-12-16,87.56494903564453
2022-12-19,86.85459899902344
2022-12-20,86.22410583496094
2022-12-21,86.33065795898438
2022-12-22,86.30401611328125
2022-12-23,85.9133071899414
2022-12-27,85.19402313232422
2022-12-28,84.98979187011719
2022-12-29,85.40715026855469
2022-12-30,85.05195617675781
2023-01-03,85.71793365478516
2023-01-04,86.37507629394531
2023-01-05,86.25074005126953
2023-01-06,87.36072540283203
2023-01-09,87.58272552490234
2023-01-10,87.03218078613281
2023-01-11,87.59160614013672
2023-01-12,88.37305450439453
2023-01-13,87.90239715576172
2023-01-17,87.62712860107422
2023-01-18,88.81703186035156
2023-01-19,88.64833068847656
2023-01-20,88.06224822998047
2023-01-23,87.77808380126953
2023-01-24,88.28424072265625
2023-01-25,88.38190460205078
2023-01-26,88.06224822998047
2023-01-27,87.92903137207031
2023-01-30,87.65375518798828
2023-01-31,88.09776306152344
2023-02-01,88.7313461303711
2023-02-02,88.69577026367188
2023-02-03,87.74358367919922
2023-02-06,86.98716735839844
2023-02-07,86.77360534667969
2023-02-08,87.09394836425781
2023-02-09,86.7024154663086
2023-02-10,86.28417205810547
2023-02-13,86.48883056640625
2023-02-14,86.09729766845703
2023-02-15,85.8392105102539
2023-02-16,85.55443572998047
2023-02-17,85.79471588134766
2023-02-21,84.86034393310547
2023-02-22,85.01158905029297
2023-02-23,85.3408432006836
2023-02-24,84.82476043701172
2023-02-27,85.08280944824219
2023-02-28,85.2162857055664
2023-03-01,84.5350112915039
2023-03-02,84.18724060058594
2023-03-03,84.8649673461914
2023-03-06,84.71338653564453
2023-03-07,84.7222900390625
2023-03-08,84.69552612304688
2023-03-09,85.22160339355469
2023-03-10,86.79105377197266
2023-03-13,87.84329223632812
2023-03-14,87.01399993896484
2023-03-15,88.27133178710938
2023-03-16,87.47769165039062
2023-03-17,88.5120849609375
2023-03-20,88.15538787841797
2023-03-21,87.38851165771484
2023-03-22,88.53886413574219
2023-03-23,89.047119140625
2023-03-24,89.0738754272461
2023-03-27,87.9770736694336
2023-03-28,87.92353820800781
2023-03-29,87.7719497680664
2023-03-30,87.90573120117188
2023-03-31,88.38723754882812
2023-04-03,88.8035888671875
2023-04-04,89.37541961669922
2023-04-05,89.75067901611328
2023-04-06,89.77750396728516
2023-04-10,88.8929443359375
2023-04-11,88.8572006225586
2023-04-12,89.11632537841797
2023-04-13,88.82147216796875
2023-04-14,88.3836669921875
2023-04-17,87.8207778930664
2023-04-18,87.96370697021484
2023-04-19,87.77609252929688
2023-04-20,88.28536987304688
2023-04-21,88.07096862792969
2023-04-24,88.49980926513672
2023-04-25,89.37541961669922
2023-04-26,89.02696990966797
2023-04-27,88.44622039794922
2023-04-28,89.107421875
2023-05-01,88.05860900878906
2023-05-02,89.20500183105469
2023-05-03,89.78717041015625
2023-05-04,89.76927185058594
2023-05-05,89.28561401367188
2023-05-08,88.7392807006836
2023-05-09,88.63182067871094
2023-05-10,89.2945785522461
2023-05-11,89.6259765625
2023-05-12,89.08856201171875
2023-05-15,88.89151763916016
2023-05-16,88.60493469238281
2023-05-17,88.31831359863281
2023-05-18,87.77200317382812
2023-05-19,87.44061279296875
2023-05-22,87.2793960571289
2023-05-23,87.42269897460938
2023-05-24,87.19879913330078
2023-05-25,86.65248107910156
2023-05-26,86.81367492675781
2023-05-30,87.49433898925781
2023-05-31,87.82573699951172
2023-06-01,88.06990814208984
2023-06-02,87.36967468261719
2023-06-05,87.34274291992188
2023-06-06,87.3966064453125
2023-06-07,86.75920867919922
2023-06-08,87.34274291992188
2023-06-09,87.02853393554688
2023-06-12,87.17217254638672
2023-06-13,86.552734375
2023-06-14,86.66943359375
2023-06-15,87.34274291992188
2023-06-16,86.96569061279297
2023-06-20,87.22603607177734
2023-06-21,87.30683135986328
2023-06-22,86.81307220458984
2023-06-23,87.17217254638672
2023-06-26,87.38761901855469
2023-06-27,87.0823745727539
2023-06-28,87.43252563476562
2023-06-29,86.5347671508789
2023-06-30,86.7232894897461
2023-07-03,86.34710693359375
2023-07-05,85.93315887451172
2023-07-06,85.23123168945312
2023-07-07,85.12323760986328
2023-07-10,85.56420135498047
2023-07-11,85.74417114257812
2023-07-12,86.58109283447266
2023-07-13,87.3010482788086
2023-07-14,86.86907958984375
2023-07-17,87.0130615234375
2023-07-18,87.11204528808594
2023-07-19,87.4090347290039
2023-07-20,86.7160873413086
2023-07-21,86.78809356689453
2023-07-24,86.58109283447266
2023-07-25,86.41912078857422
2023-07-26,86.7160873413086
2023-07-27,85.77117156982422
2023-07-28,86.05015563964844
2023-07-31,86.15813446044922
2023-08-01,85.65470123291016
2023-08-02,85.48329162597656
2023-08-03,84.85174560546875
2023-08-04,85.75394439697266
2023-08-07,85.54644775390625
2023-08-08,85.9794921875
2023-08-09,86.03362274169922
2023-08-10,85.37504577636719
2023-08-11,84.92391204833984
2023-08-14,84.78862762451172
2023-08-15,84.62621307373047
2023-08-16,84.3014144897461
2023-08-17,84.19315338134766
2023-08-18,84.44574737548828
2023-08-21,83.9224853515625
2023-08-22,83.95857238769531
2023-08-23,84.86980438232422
2023-08-24,84.55402374267578
2023-08-25,84.5269546508789
2023-08-28,84.76152801513672
2023-08-29,85.36600494384766
2023-08-30,85.35698699951172
2023-08-31,85.52838897705078
2023-09-01,85.00562286376953
2023-09-05,84.49002838134766
2023-09-06,84.27295684814453
2023-09-07,84.5624008178711
2023-09-08,84.5804672241211
2023-09-11,84.43578338623047
2023-09-12,84.5533447265625
2023-09-13,84.65283203125
2023-09-14,84.46289825439453
2023-09-15,84.20056915283203
2023-09-18,84.2820053100586
2023-09-19,83.9744644165039
2023-09-20,83.9111557006836
2023-09-21,83.28701782226562
2023-09-22,83.61266326904297
2023-09-25,82.99759674072266
2023-09-26,82.970458984375
2023-09-27,82.59960174560547
2023-09-28,82.82572174072266
2023-09-29,82.84384155273438
2023-10-02,82.17183685302734
2023-10-03,81.4916763305664
2023-10-04,82.00857543945312
2023-10-05,82.16278076171875
2023-10-06,81.68212127685547
2023-10-09,82.72505187988281
2023-10-10,82.5617904663086
2023-10-11,83.01521301269531
2023-10-12,82.21717834472656
2023-10-13,82.74317169189453
2023-10-16,82.25345611572266
2023-10-17,81.44634246826172
2023-10-18,81.06543731689453
2023-10-19,80.66641998291016
2023-10-20,81.13800811767578
2023-10-23,81.51885223388672
2023-10-24,81.66399383544922
2023-10-25,80.94758605957031
2023-10-26,81.5642318725586
2023-10-27,81.69119262695312
2023-10-30,81.41915893554688
2023-10-31,81.24681091308594
2023-11-01,82.1825942993164
2023-11-02,82.69184875488281
2023-11-03,83.32844543457031
2023-11-06,82.84644317626953
2023-11-07,83.31934356689453
2023-11-08,83.65582275390625
2023-11-09,82.82826232910156
2023-11-10,82.91921997070312
2023-11-13,82.87374114990234
2023-11-14,84.11962890625
2023-11-15,83.46485900878906
2023-11-16,84.09235382080078
2023-11-17,84.14689636230469
2023-11-20,84.26512908935547
2023-11-21,84.37423706054688
2023-11-22,84.34695434570312
2023-11-24,83.91046142578125
2023-11-27,84.54703521728516
2023-11-28,84.91989135742188
2023-11-29,85.36549377441406
2023-11-30,84.9471435546875
2023-12-01,85.74868774414062
2023-12-04,85.3930435180664
2023-12-05,85.9948501586914
2023-12-06,86.35050201416016
2023-12-07,86.22282409667969
2023-12-08,85.6666030883789
2023-12-11,85.67572784423828
2023-12-12,85.85807037353516
2023-12-13,87.1346435546875
2023-12-14,87.85894775390625
2023-12-15,87.78579711914062
2023-12-18,87.5937271118164
2023-12-19,87.75836944580078
2023-12-20,88.18818664550781
2023-12-21,88.05101013183594
2023-12-22,87.96871948242188
2023-12-26,88.02356719970703
2023-12-27,88.70948791503906
2023-12-28,88.3710708618164
2023-12-29,88.15159606933594
2024-01-02,87.82238006591797
2024-01-03,88.03273010253906
2024-01-04,87.50228881835938
2024-01-05,87.18221282958984
2024-01-08,87.47486877441406
2024-01-09,87.43828582763672
2024-01-10,87.30108642578125
2024-01-11,87.76751708984375
2024-01-12,88.00527954101562
2024-01-16,87.29196166992188
2024-01-17,87.00846862792969
2024-01-18,86.81641387939453
2024-01-19,86.8255386352539
2024-01-22,87.09078216552734
2024-01-23,86.87128448486328
2024-01-24,86.62435150146484
2024-01-25,86.99930572509766
2024-01-26,86.84382629394531
2024-01-29,87.3651123046875
2024-01-30,87.48399353027344
2024-01-31,88.21562957763672
2024-02-01,88.76201629638672
2024-02-02,87.60688781738281
2024-02-05,86.7542953491211
2024-02-06,87.22187042236328
2024-02-07,87.06599426269531
2024-02-08,86.78179931640625
2024-02-09,86.62593841552734
2024-02-12,86.70845031738281
2024-02-13,85.75502014160156
2024-02-14,86.07587432861328
2024-02-15,86.31422424316406
2024-02-16,85.93836212158203
2024-02-20,86.08505249023438
2024-02-21,85.81001281738281
2024-02-22,85.8191909790039
2024-02-23,86.21340942382812
2024-02-26,86.08505249023438
2024-02-27,85.89252471923828
2024-02-28,86.20423126220703
2024-02-29,86.37841796875
2024-03-01,86.77275848388672
2024-03-04,86.57972717285156
2024-03-05,87.11284637451172
2024-03-06,87.32427978515625
2024-03-07,87.4713363647461
2024-03-08,87.53569793701172
2024-03-11,87.4253921508789
2024-03-12,87.06690979003906
2024-03-13,86.87385559082031
2024-03-14,86.23043823242188
2024-03-15,86.08334350585938
2024-03-18,85.98224639892578
2024-03-19,86.23043823242188
2024-03-20,86.43267059326172
2024-03-21,86.44184112548828
2024-03-22,86.86467742919922
2024-03-25,86.63488006591797
2024-03-26,86.76356506347656
2024-03-27,87.09449005126953
2024-03-28,87.01177978515625
2024-04-01,86.22443389892578
2024-04-02,86.04007720947266
2024-04-03,86.14148712158203
2024-04-04,86.43647766113281
2024-04-05,85.86492156982422
2024-04-08,85.67130279541016
2024-04-09,86.01239776611328
2024-04-10,84.8692855834961
2024-04-11,84.7494125366211
2024-04-12,85.09973907470703
2024-04-15,84.55583190917969
2024-04-16,84.22395324707031
2024-04-17,84.7586441040039
2024-04-18,84.463623046875
2024-04-19,84.57427215576172
2024-04-22,84.58349609375
2024-04-23,84.69412231445312
2024-04-24,84.43597412109375
2024-04-25,84.11331176757812
2024-04-26,84.34378814697266
2024-04-29,84.68489837646484
2024-04-30,84.28846740722656
2024-05-01,84.62226867675781
2024-05-02,85.01986694335938
2024-05-03,85.49141693115234
2024-05-06,85.56539916992188
2024-05-07,85.78730773925781
2024-05-08,85.5468978881836
2024-05-09,85.8057861328125
2024-05-10,85.52840423583984
2024-05-13,85.63009643554688
2024-05-14,85.8797607421875
2024-05-15,86.52701568603516
2024-05-16,86.36058807373047
2024-05-17,86.09243774414062
2024-05-20,85.96298217773438
2024-05-21,86.18489837646484
2024-05-22,86.07394409179688
2024-05-23,85.7688217163086
2024-05-24,85.8797607421875
2024-05-28,85.39897155761719
2024-05-29,84.98287963867188
2024-05-30,85.40818786621094
2024-05-31,85.8057861328125
2024-06-03,86.36779022216797
2024-06-04,86.84078216552734
2024-06-05,87.15607452392578
2024-06-06,87.11901092529297
2024-06-07,86.20086669921875
2024-06-10,86.01538848876953
2024-06-11,86.46981811523438
2024-06-12,86.95205688476562
2024-06-13,87.52702331542969
2024-06-14,87.73107147216797
2024-06-17,87.3230209350586
2024-06-18,87.70323944091797
2024-06-20,87.48065185546875
2024-06-21,87.49922943115234
2024-06-24,87.57341003417969
2024-06-25,87.64759063720703
2024-06-26,87.11901092529297
2024-06-27,87.31372833251953
2024-06-28,86.85003662109375
2024-07-01,86.20353698730469
2024-07-02,86.52910614013672
2024-07-03,87.10585021972656
2024-07-05,87.5895767211914
2024-07-08,87.61746978759766
2024-07-09,87.49655151367188
2024-07-10,87.58027648925781
2024-07-11,88.13838958740234
2024-07-12,88.32443237304688
2024-07-15,88.0453872680664
2024-07-16,88.4360580444336
2024-07-17,88.5104751586914
2024-07-18,88.25932312011719
2024-07-19,87.98027038574219
2024-07-22,87.89654541015625
2024-07-23,87.9616470336914
2024-07-24,87.76631164550781
2024-07-25,87.9616470336914
2024-07-26,88.3802490234375
2024-07-29,88.52909851074219
2024-07-30,88.71514892578125
2024-07-31,89.36628723144531
2024-08-01,89.7479019165039
2024-08-02,91.13809204101562
2024-08-05,91.23139190673828
2024-08-06,90.41969299316406
2024-08-07,90.09310150146484
2024-08-08,89.82254791259766
2024-08-09,90.18643951416016
2024-08-12,90.43831634521484
2024-08-13,90.83954620361328
2024-08-14,90.9608383178711
2024-08-15,90.39167785644533
2024-08-16,90.56895446777344
2024-08-19,90.69024658203124
2024-08-20,91.0541000366211
2024-08-21,91.24073028564452
2024-08-22,90.82086944580078
2024-08-23,91.24073028564452
2024-08-26,91.12876892089844
2024-08-27,91.09144592285156
2024-08-28,91.0447998046875
2024-08-29,90.8861846923828
2024-08-30,90.56895446777344
2024-09-03,91.16598510742188
2024-09-04,91.6994171142578
2024-09-05,91.91465759277344
2024-09-06,92.04566955566406
2024-09-09,92.1766586303711
2024-09-10,92.56970977783205
2024-09-11,92.5041961669922
2024-09-12,92.3544692993164
2024-09-13,92.53228759765624
2024-09-16,92.7755889892578
2024-09-17,92.60713958740234
2024-09-18,92.20475006103516
2024-09-19,92.1299057006836
2024-09-20,92.10179138183594
2024-09-23,92.04566955566406
2024-09-24,92.14860534667967
2024-09-25,91.77428436279295
2024-09-26,91.7087631225586
2024-09-27,92.07373046875
2024-09-30,91.82106018066406
2024-10-01,92.15518188476562
2024-10-02,91.89239501953124
2024-10-03,91.42311096191406
2024-10-04,90.5409164428711
2024-10-07,90.21241760253906
2024-10-08,90.2874984741211
2024-10-09,89.94960021972656
2024-10-10,89.94025421142578
2024-10-11,89.96839904785156
2024-10-14,89.808837890625
2024-10-15,90.26872253417967
2024-10-16,90.40950775146484
2024-10-17,89.94025421142578
2024-10-18,90.0434799194336
2024-10-21,89.34896087646484
2024-10-22,89.26448059082031
2024-10-23,89.05799102783203
2024-10-24,89.25509643554688
2024-10-25,89.05799102783203
2024-10-28,88.85150146484375
2024-10-29,88.8890609741211
2024-10-30,88.75767517089844
2024-10-31,88.71075439453125
2024-11-01,88.1854019165039
2024-11-04,88.65614318847656
2024-11-05,88.70321655273438
2024-11-06,87.7900161743164
2024-11-07,88.49610900878906
2024-11-08,88.68437194824219
2024-11-11,88.43960571289062
2024-11-12,87.8841552734375
2024-11-13,87.82766723632812
2024-11-14,87.81825256347656
2024-11-15,87.85591125488281
2024-11-18,88.0536117553711
2024-11-19,88.24191284179688
2024-11-20,88.11009979248047
2024-11-21,88.06303405761719
2024-11-22,88.11951446533203
2024-11-25,89.07038116455078
2024-11-26,88.88209533691406
2024-11-27,89.23983764648438
2024-11-29,89.6164321899414
2024-12-02,89.60885620117188
2024-12-03,89.35389709472656
2024-12-04,89.69386291503906
2024-12-05,89.68441772460938
2024-12-06,89.96771240234375
2024-12-09,89.65608215332031
2024-12-10,89.49552154541016
2024-12-11,89.23112487792969
2024-12-12,88.89116668701172
2024-12-13,88.47566223144531
2024-12-16,88.50398254394531
2024-12-17,88.50398254394531
2024-12-18,87.8199234008789
2024-12-19,87.42196655273438
2024-12-20,87.7441177368164
2024-12-23,87.35565185546875
2024-12-24,87.40303039550781
2024-12-26,87.46935272216797
2024-12-27,87.24197387695312
2024-12-30,87.75359344482422
2024-12-31,87.592529296875
2025-01-02,87.63990020751953
2025-01-03,87.49778747558594
2025-01-06,87.41251373291016
2025-01-07,87.01456451416016
2025-01-08,87.16616821289062
2025-01-10,86.53137969970703
2025-01-13,86.37979125976562
2025-01-14,86.40821838378906
2025-01-15,87.31777954101562
2025-01-16,87.52619171142578
2025-01-17,87.592529296875
2025-01-21,87.88623046875
2025-01-22,87.65885162353516
2025-01-23,87.43145751953125
2025-01-24,87.6114730834961
2025-01-27,88.17994689941406
2025-01-28,88.1894302368164
2025-01-29,88.085205078125
2025-01-30,88.27468872070312
2025-01-31,88.13255310058594
2025-02-03,88.1953125
2025-02-04,88.4139175415039
2025-02-05,88.92718505859375
2025-02-06,88.82262420654297
2025-02-07,88.52798461914062
2025-02-10,88.50897979736328
2025-02-11,88.28085327148438
2025-02-12,87.67253875732422
2025-02-13,88.32835388183594
2025-02-14,88.6990737915039
2025-02-18,88.22382354736328
2025-02-19,88.36639404296875
2025-02-20,88.5469741821289
2025-02-21,89.06975555419922
2025-02-24,89.25984191894531
2025-02-25,89.96321868896484
2025-02-26,90.21033477783205
2025-02-27,90.10578918457033
2025-02-28,90.60003662109376
2025-03-03,90.92890167236328
2025-03-04,90.64292907714844
2025-03-05,90.13772583007812
2025-03-06,90.09005737304688
2025-03-07,89.97565460205078
2025-03-10,90.60482025146484
2025-03-11,90.28070068359376
2025-03-12,90.0137939453125
2025-03-13,90.37602996826172
2025-03-14,90.06147766113281
2025-03-17,90.13772583007812
2025-03-18,90.24256896972656
2025-03-19,90.51901245117188
2025-03-20,90.65245056152344
2025-03-21,90.57618713378906
2025-03-24,90.05191802978516
2025-03-25,90.20443725585938
2025-03-26,89.99473571777344
2025-03-27,89.91846466064453
2025-03-28,90.64292907714844
2025-03-31,90.90984344482422
2025-04-01,91.2292251586914
2025-04-02,91.14315795898438
2025-04-03,92.080322265625
2025-04-04,92.33851623535156
2025-04-07,91.23880767822266
2025-04-08,90.77977752685548
2025-04-09,90.49288940429688
2025-04-10,89.92869567871094
2025-04-11,89.42184448242188
2025-04-14,90.1390609741211
2025-04-15,90.40682983398438
2025-04-16,90.79891204833984
2025-04-17,90.54071807861328
2025-04-21,90.05301666259766
2025-04-22,90.11995697021484
2025-04-23,90.21556854248048
2025-04-24,90.70329284667967
2025-04-25,91.04754638671876
2025-04-28,91.4109344482422
2025-04-29,91.72649383544922
2025-04-30,91.86994934082033
2025-05-01,91.46987915039062
2025-05-02,90.85585021972656
2025-05-05,90.69273376464844
2025-05-06,90.9229965209961
2025-05-07,91.16284942626952
2025-05-08,90.45291137695312
2025-05-09,90.5200653076172
2025-05-12,89.94441223144531
2025-05-13,89.87724304199219
2025-05-14,89.54147338867188
2025-05-15,90.12670135498048
2025-05-16,90.1554946899414
2025-05-19,90.10750579833984
2025-05-20,89.99239349365234
2025-05-21,89.36876678466797
2025-05-22,89.70455932617188
2025-05-23,89.96361541748047
2025-05-27,90.33776092529295
2025-05-28,90.08831024169922
2025-05-29,90.4625015258789
2025-05-30,90.73110961914062
2025-06-02,90.42311096191406
2025-06-03,90.33649444580078
2025-06-04,91.00064086914062
2025-06-05,90.73110961914062
2025-06-06,90.00919342041016
2025-06-09,90.17283630371094
2025-06-10,90.32685089111328
2025-06-11,90.7022476196289
2025-06-12,91.09688568115234
2025-06-13,90.76000213623048
2025-06-16,90.5000991821289
2025-06-17,90.94290161132812
2025-06-18,91.00064086914062
2025-06-20,91.05838775634766
2025-06-23,91.37605285644533
2025-06-24,91.69371032714844
2025-06-25,91.7322006225586
2025-06-26,92.05945587158205
2025-06-27,91.81880950927734
2025-06-30,92.1845932006836
2025-07-01,92.013671875
2025-07-02,91.820556640625
2025-07-03,91.50189971923828
2025-07-07,91.2122039794922
2025-07-08,91.07704162597656
2025-07-09,91.55018615722656
2025-07-10,91.50189971923828
2025-07-11,91.07704162597656
2025-07-14,91.03842163085938
2025-07-15,90.68113708496094
2025-07-16,90.93218994140624
2025-07-17,90.90322875976562
2025-07-18,91.154296875
2025-07-21,91.47293090820312
2025-07-22,91.73365783691406
2025-07-23,91.40535736083984
2025-07-24,91.2701644897461
2025-07-25,91.48258972167967
2025-07-28,91.27980041503906
2025-07-29,91.87848663330078
2025-07-30,91.5598373413086
2025-07-31,91.63709259033205
2025-08-01,92.69208526611328
2025-08-04,92.81803131103516
2025-08-05,92.75020599365234
2025-08-06,92.68238830566406
2025-08-07,92.61458587646484
2025-08-08,92.40145874023438
2025-08-11,92.43051147460938
2025-08-12,92.41117095947266
2025-08-13,92.7405242919922
2025-08-14,92.44020080566406
2025-08-15,92.2561492919922
2025-08-18,92.1689453125
2025-08-19,92.40145874023438
2025-08-20,92.53707885742188
2025-08-21,92.2658233642578
2025-08-22,92.77926635742188
2025-08-25,92.59520721435548
2025-08-26,92.83739471435548
2025-08-27,93.01177978515624
2025-08-28,93.22492218017578
2025-08-29,93.14740753173828
2025-09-02,92.86943817138672
2025-09-03,93.19017028808594
2025-09-04,93.60812377929688
2025-09-05,94.0649185180664
2025-09-08,94.35651397705078
2025-09-09,94.1329574584961
2025-09-10,94.38567352294922
2025-09-11,94.5314483642578
2025-09-12,94.2593231201172
2025-09-15,94.4148178100586
2025-09-16,94.47313690185548
2025-09-17,94.26904296875
2025-09-18,93.9580078125
2025-09-19,93.91913604736328
2025-09-22,93.7636260986328
2025-09-23,94.02603912353516
2025-09-24,93.7733383178711
2025-09-25,93.56922912597656
2025-09-26,93.5206298828125
2025-09-29,93.79277801513672
2025-09-30,93.75389862060548
2025-10-01,94.06977081298828
2025-10-02,94.16726684570312
2025-10-03,93.9820327758789
2025-10-06,93.70905303955078
2025-10-07,93.94303131103516
2025-10-08,93.96253204345705
2025-10-09,93.89430236816406
2025-10-10,94.479248046875
2025-10-13,94.52799987792967
2025-10-14,94.77171325683594
2025-10-15,94.66446685791016
2025-10-16,95.10320281982422
2025-10-17,94.94721221923828
2025-10-20,95.0739288330078
2025-10-21,95.24942016601562
2025-10-22,95.2689208984375
2025-10-23,94.95695495605467
2025-10-24,95.044677734375
2025-10-27,95.044677734375
2025-10-28,95.13243865966795
2025-10-29,94.51824188232422
2025-10-30,94.38174438476562
2025-10-31,94.42074584960938
2025-11-03,94.3757553100586
2025-11-04,94.49312591552734
2025-11-05,94.04325103759766
2025-11-06,94.52245330810548
2025-11-07,94.56157684326172
2025-11-10,94.43444061279295
2025-11-11,94.72784423828124
2025-11-12,94.74739074707033
2025-11-13,94.47356414794922
2025-11-14,94.31708526611328
2025-11-17,94.42466735839844
2025-11-18,94.58113861083984
2025-11-19,94.51268005371094
2025-11-20,94.73761749267578
2025-11-21,95.0505828857422
2025-11-24,95.19725799560548
2025-11-25,95.44175720214844
2025-11-26,95.52000427246094
2025-11-28,95.35374450683594
2025-12-01,94.84172821044922
2025-12-02,94.92019653320312
2025-12-03,95.11637115478516
2025-12-04,94.82210540771484
2025-12-05,94.62593841552734
2025-12-08,94.42975616455078
2025-12-09,94.29242706298828
2025-12-10,94.59650421142578
2025-12-11,94.60630798339844
2025-12-12,94.35128784179688
2025-12-15,94.42975616455078
2025-12-16,94.69458770751952
2025-12-17,94.67497253417967
2025-12-18,94.92019653320312
2025-12-19,94.70664978027344
2025-12-22,94.60824584960938
2025-12-23,94.56887817382812
2025-12-24,94.8148956298828
2025-12-26,94.9034652709961
2025-12-29,95.0412368774414
2025-12-30,94.9428253173828
2025-12-31,94.62792205810548
2026-01-02,94.54920196533205
2026-01-05,94.83457946777344
2026-01-06,94.76570129394533
2026-01-07,94.9428253173828
2026-01-08,94.6574478149414
2026-01-09,94.76570129394533
2026-01-12,94.6476058959961
2026-01-13,94.76570129394533
2026-01-14,94.96250915527344
2026-01-15,94.76570129394533
2026-01-16,94.40158081054688
2026-01-20,94.02764892578124
2026-01-21,94.2736587524414
2026-01-22,94.2638168334961
2026-01-23,94.42127990722656
2026-01-26,94.55902862548828
2026-01-27,94.4508056640625
2026-01-28,94.3720703125
2026-01-29,94.47046661376952
2026-01-30,94.41143798828124
2026-02-02,94.22582244873048
2026-02-03,94.31466674804688
2026-02-04,94.29493713378906
2026-02-05,94.8478012084961
2026-02-06,94.8478012084961
2026-02-09,94.8675537109375
2026-02-10,95.28221130371094
2026-02-11,95.01564025878906
2026-02-12,95.59815216064452
2026-02-13,95.97330474853516
2026-02-17,95.9634246826172
2026-02-18,95.76597595214844
2026-02-19,95.85482788085938
2026-02-20,95.85482788085938
2026-02-23,96.20037841796876
2026-02-24,96.18063354492188
2026-02-25,96.10164642333984
2026-02-26,96.35833740234376
2026-02-27,96.74337005615234
2026-03-02,96.16217041015624
2026-03-03,96.05325317382812
2026-03-04,95.85521697998048
2026-03-05,95.55818176269533
2026-03-06,95.49877166748048
2026-03-09,95.79581451416016
2026-03-10,95.48887634277344
2026-03-11,95.05321502685548
2026-03-12,94.74626922607422
2026-03-13,94.64725494384766
2026-03-16,95.07301330566406
2026-03-17,95.24134063720705
2026-03-18,94.8056869506836
2026-03-19,94.7957763671875
2026-03-20,93.94425201416016
2026-03-23,94.24129486083984
2026-03-24,93.9244613647461
2026-03-25,94.41952514648438
2026-03-26,93.65711212158205
2026-03-27,93.66702270507812
2026-03-30,94.33040618896484
2026-03-31,94.49874114990234
2026-04-01,94.4162826538086
2026-04-02,94.63484191894533
2026-04-06,94.38648223876952
2026-04-07,94.6249008178711
2026-04-08,94.83352661132812
2026-04-09,94.80371856689452
2026-04-10,94.64476776123048
2026-04-13,94.85340118408205
2026-04-14,95.1613540649414
2026-04-15,94.95274353027344
2026-04-16,94.78385925292967
2026-04-17,95.3004379272461
2026-04-20,95.21102905273438
2026-04-21,94.79378509521484
2026-04-22,94.89312744140624
2026-04-23,94.7441177368164
2026-04-24,94.932861328125
2026-04-27,94.7143096923828
2026-04-28,94.6249008178711
2026-04-29,94.17786407470705
2026-04-30,94.35667419433594
2026-05-01,94.42843627929688
2026-05-04,94.07958984375
2026-05-05,94.21913146972656
2026-05-06,94.68758392333984
2026-05-07,94.3985366821289
2026-05-08,94.64772033691406
2026-05-11,94.32876586914062
2026-05-12,94.00981903076172
2026-05-13,94.00981903076172
2026-05-14,93.95001983642578
2026-05-15,93.2024917602539
2026-05-18,93.1626205444336
2026-05-19,92.80380249023438
2026-05-20,93.43172454833984
2026-05-21,93.49153900146484
2026-05-22,93.5712661743164
2026-05-26,93.96995544433594
2026-05-27,94.00981903076172
2026-05-28,94.2291030883789
2026-05-29,94.33873748779295
2026-06-01,93.86031341552734
2026-06-02,93.93008422851562
2026-06-03,93.6908721923828
2026-06-04,93.81048583984376
2026-06-05,93.31212615966795
2026-06-08,93.2124481201172
2026-06-09,93.47159576416016
2026-06-10,93.38189697265624
2026-06-11,94.02975463867188
2026-06-12,93.87028503417967
2026-06-15,93.96995544433594
2026-06-16,94.20915985107422
2026-06-17,93.71080780029295
2026-06-18,94.04969024658205
2026-06-22,93.6908721923828
2026-06-23,93.81048583984376
2026-06-24,94.4184799194336
2026-06-25,94.47827911376952
2026-06-26,94.7174835205078
2026-06-29,94.74738311767578
2026-06-30,94.25900268554688
2026-07-01,94.02999877929688
2026-07-02,94.12000274658203
