Date,Close
2007-05-30,70.79531860351562
2007-05-31,70.79531860351562
2007-06-01,70.81076049804688
2007-06-04,70.82620239257812
2007-06-05,70.82620239257812
2007-06-06,70.85711669921875
2007-06-07,70.84164428710938
2007-06-08,70.85711669921875
2007-06-11,70.88803100585938
2007-06-12,70.82620239257812
2007-06-13,70.88803100585938
2007-06-14,70.9189453125
2007-06-15,70.98077392578125
2007-06-18,70.99626922607422
2007-06-19,70.99626922607422
2007-06-20,71.01172637939453
2007-06-21,71.01172637939453
2007-06-22,71.07353210449219
2007-06-25,71.04261779785156
2007-06-26,71.05809783935547
2007-06-27,71.04261779785156
2007-06-28,71.07353210449219
2007-06-29,71.10448455810547
2007-07-02,71.12464141845703
2007-07-03,71.12464141845703
2007-07-05,71.12464141845703
2007-07-06,71.15568542480469
2007-07-09,71.17123413085938
2007-07-10,71.18675994873047
2007-07-11,71.18675994873047
2007-07-12,71.2022705078125
2007-07-13,71.2177734375
2007-07-16,71.23333740234375
2007-07-17,71.26436614990234
2007-07-18,71.24884033203125
2007-07-19,71.26436614990234
2007-07-20,71.29542541503906
2007-07-23,71.29542541503906
2007-07-24,71.29542541503906
2007-07-25,71.3109359741211
2007-07-26,71.32646942138672
2007-07-27,71.3575210571289
2007-07-30,71.29542541503906
2007-07-31,71.38860321044922
2007-08-01,71.36517333984375
2007-08-02,71.38075256347656
2007-08-03,71.34961700439453
2007-08-06,71.42754364013672
2007-08-07,71.44310760498047
2007-08-08,71.41197204589844
2007-08-09,71.47427368164062
2007-08-10,71.52107238769531
2007-08-13,71.53666687011719
2007-08-14,71.52107238769531
2007-08-15,71.53666687011719
2007-08-16,71.63023376464844
2007-08-17,71.67698669433594
2007-08-20,71.73930358886719
2007-08-21,71.72371673583984
2007-08-22,71.72371673583984
2007-08-23,71.67698669433594
2007-08-24,71.66140747070312
2007-08-27,71.5678482055664
2007-08-28,71.6457748413086
2007-08-29,71.6925048828125
2007-08-30,71.70816040039062
2007-08-31,71.6925048828125
2007-09-04,71.70352172851562
2007-09-05,71.71914672851562
2007-09-06,71.71914672851562
2007-09-07,71.7661361694336
2007-09-10,71.7817611694336
2007-09-11,71.70352172851562
2007-09-12,71.81305694580078
2007-09-13,71.79740142822266
2007-09-14,71.84435272216797
2007-09-17,71.87566375732422
2007-09-18,71.8287124633789
2007-09-19,71.86001586914062
2007-09-20,71.81305694580078
2007-09-21,71.84435272216797
2007-09-24,71.906982421875
2007-09-25,71.9225845336914
2007-09-26,71.84435272216797
2007-09-27,71.86001586914062
2007-09-28,71.8287124633789
2007-10-01,71.90721130371094
2007-10-02,71.8600845336914
2007-10-03,71.8758316040039
2007-10-04,71.954345703125
2007-10-05,71.8758316040039
2007-10-08,71.98576354980469
2007-10-09,71.9386215209961
2007-10-10,72.00139617919922
2007-10-11,71.98576354980469
2007-10-12,72.00139617919922
2007-10-15,71.97001647949219
2007-10-16,72.0171890258789
2007-10-17,72.04855346679688
2007-10-18,72.04855346679688
2007-10-19,72.11138153076172
2007-10-22,72.07997131347656
2007-10-23,72.07997131347656
2007-10-24,72.11138153076172
2007-10-25,72.09567260742188
2007-10-26,72.06426239013672
2007-10-29,72.12708282470703
2007-10-30,72.09567260742188
2007-10-31,72.11138153076172
2007-11-01,72.16021728515625
2007-11-02,72.20751953125
2007-11-05,72.20751953125
2007-11-06,72.20751953125
2007-11-07,72.25477600097656
2007-11-08,72.20751953125
2007-11-09,72.2705078125
2007-11-12,72.30198669433594
2007-11-13,72.28623962402344
2007-11-14,72.25477600097656
2007-11-15,72.30198669433594
2007-11-16,72.30198669433594
2007-11-19,72.33354949951172
2007-11-20,72.34928894042969
2007-11-21,72.38080596923828
2007-11-23,72.39656066894531
2007-11-26,72.34928894042969
2007-11-27,72.41230010986328
2007-11-28,72.4280776977539
2007-11-29,72.38080596923828
2007-11-30,72.39656066894531
2007-12-03,72.37916564941406
2007-12-04,72.39500427246094
2007-12-05,72.39500427246094
2007-12-06,72.41075897216797
2007-12-07,72.4739990234375
2007-12-10,72.42658996582031
2007-12-11,72.52137756347656
2007-12-12,72.50557708740234
2007-12-13,72.5372085571289
2007-12-14,72.48977661132812
2007-12-17,72.52137756347656
2007-12-18,72.52137756347656
2007-12-19,72.55299377441406
2007-12-20,72.58460235595703
2007-12-21,72.58460235595703
2007-12-24,72.58460235595703
2007-12-26,72.55299377441406
2007-12-27,72.58460235595703
2007-12-28,72.58302307128906
2007-12-31,72.5671615600586
2008-01-02,72.63056945800781
2008-01-03,72.58302307128906
2008-01-04,72.5671615600586
2008-01-07,72.63056945800781
2008-01-08,72.58302307128906
2008-01-09,72.53550720214844
2008-01-10,72.5671615600586
2008-01-11,72.59890747070312
2008-01-14,72.66223907470703
2008-01-15,72.64643096923828
2008-01-16,72.64643096923828
2008-01-17,72.6147232055664
2008-01-18,72.66223907470703
2008-01-22,72.6939468383789
2008-01-23,72.773193359375
2008-01-24,72.80486297607422
2008-01-25,72.72565460205078
2008-01-28,72.7573471069336
2008-01-29,72.82075500488281
2008-01-30,72.85242462158203
2008-01-31,72.85242462158203
2008-02-01,72.84446716308594
2008-02-04,72.86039733886719
2008-02-05,72.81271362304688
2008-02-06,72.87626647949219
2008-02-07,72.86039733886719
2008-02-08,72.86039733886719
2008-02-11,72.87626647949219
2008-02-12,72.86039733886719
2008-02-13,72.87626647949219
2008-02-14,72.89216613769531
2008-02-15,72.89216613769531
2008-02-19,72.89216613769531
2008-02-20,72.86039733886719
2008-02-21,72.92393493652344
2008-02-22,72.92393493652344
2008-02-25,72.89216613769531
2008-02-26,72.93980407714844
2008-02-27,72.95570373535156
2008-02-28,72.95570373535156
2008-02-29,72.97157287597656
2008-03-03,72.9986801147461
2008-03-04,72.9986801147461
2008-03-05,72.98271942138672
2008-03-06,73.01455688476562
2008-03-07,73.01455688476562
2008-03-10,73.01455688476562
2008-03-11,73.01455688476562
2008-03-12,73.03048706054688
2008-03-13,73.01455688476562
2008-03-14,73.11009979248047
2008-03-17,73.09415435791016
2008-03-18,73.17373657226562
2008-03-19,73.18966674804688
2008-03-20,73.17373657226562
2008-03-24,73.11009979248047
2008-03-25,73.06233978271484
2008-03-26,73.11009979248047
2008-03-27,73.12600708007812
2008-03-28,73.06233978271484
2008-03-31,73.14190673828125
2008-04-01,73.09407043457031
2008-04-02,73.09407043457031
2008-04-03,73.09407043457031
2008-04-04,73.12596130371094
2008-04-07,73.09407043457031
2008-04-08,73.14190673828125
2008-04-09,73.14190673828125
2008-04-10,73.14190673828125
2008-04-11,73.14190673828125
2008-04-14,73.1738052368164
2008-04-15,73.1738052368164
2008-04-16,73.12596130371094
2008-04-17,73.12596130371094
2008-04-18,73.07818603515625
2008-04-21,73.11005401611328
2008-04-22,73.12596130371094
2008-04-23,73.12596130371094
2008-04-24,73.14190673828125
2008-04-25,73.14190673828125
2008-04-28,73.09407043457031
2008-04-29,73.1738052368164
2008-04-30,73.09407043457031
2008-05-01,73.14834594726562
2008-05-02,73.10044860839844
2008-05-05,73.1164321899414
2008-05-06,73.08448028564453
2008-05-07,73.13240051269531
2008-05-08,73.10044860839844
2008-05-09,73.13240051269531
2008-05-12,73.13240051269531
2008-05-13,73.10044860839844
2008-05-14,73.10044860839844
2008-05-15,73.10044860839844
2008-05-16,73.1164321899414
2008-05-19,73.1164321899414
2008-05-20,73.08448028564453
2008-05-21,73.08448028564453
2008-05-22,73.13240051269531
2008-05-23,73.13240051269531
2008-05-27,73.13240051269531
2008-05-28,73.16434478759766
2008-05-29,73.13240051269531
2008-05-30,73.16434478759766
2008-06-02,73.22342681884766
2008-06-03,73.22342681884766
2008-06-04,73.2074203491211
2008-06-05,73.15953063964844
2008-06-06,73.17550659179688
2008-06-09,73.2074203491211
2008-06-10,73.25534057617188
2008-06-11,73.30333709716797
2008-06-12,73.25534057617188
2008-06-13,73.30333709716797
2008-06-16,73.30333709716797
2008-06-17,73.28734588623047
2008-06-18,73.31929779052734
2008-06-19,73.30333709716797
2008-06-20,73.33529663085938
2008-06-23,73.33529663085938
2008-06-24,73.33529663085938
2008-06-25,73.35124969482422
2008-06-26,73.35124969482422
2008-06-27,73.38321685791016
2008-06-30,73.33529663085938
2008-07-01,73.36083984375
2008-07-02,73.36083984375
2008-07-03,73.36083984375
2008-07-07,73.34484100341797
2008-07-08,73.3128890991211
2008-07-09,73.32884979248047
2008-07-10,73.39286804199219
2008-07-11,73.44084930419922
2008-07-14,73.44084930419922
2008-07-15,73.45684051513672
2008-07-16,73.47285461425781
2008-07-17,73.36083984375
2008-07-18,73.45684051513672
2008-07-21,73.39286804199219
2008-07-22,73.42487335205078
2008-07-23,73.45684051513672
2008-07-24,73.44084930419922
2008-07-25,73.45684051513672
2008-07-28,73.45684051513672
2008-07-29,73.45684051513672
2008-07-30,73.47285461425781
2008-07-31,73.47285461425781
2008-08-01,73.45044708251953
2008-08-04,73.46639251708984
2008-08-05,73.48245239257812
2008-08-06,73.45044708251953
2008-08-07,73.49847412109375
2008-08-08,73.48245239257812
2008-08-11,73.49847412109375
2008-08-12,73.45044708251953
2008-08-13,73.51449584960938
2008-08-14,73.49847412109375
2008-08-15,73.51449584960938
2008-08-18,73.46639251708984
2008-08-19,73.530517578125
2008-08-20,73.530517578125
2008-08-21,73.54650115966797
2008-08-22,73.56255340576172
2008-08-25,73.54650115966797
2008-08-26,73.56255340576172
2008-08-27,73.56255340576172
2008-08-28,73.56255340576172
2008-08-29,73.530517578125
2008-09-02,73.58345794677734
2008-09-03,73.58345794677734
2008-09-04,73.58345794677734
2008-09-05,73.59950256347656
2008-09-08,73.59950256347656
2008-09-09,73.58345794677734
2008-09-10,73.61553955078125
2008-09-11,73.59950256347656
2008-09-12,73.63158416748047
2008-09-15,73.71173858642578
2008-09-16,73.74385833740234
2008-09-17,74.06468963623047
2008-09-18,73.85613250732422
2008-09-19,73.59950256347656
2008-09-22,73.63158416748047
2008-09-23,73.87220764160156
2008-09-24,73.64759063720703
2008-09-25,73.72782897949219
2008-09-26,73.85613250732422
2008-09-29,74.177001953125
2008-09-30,73.90432739257812
2008-10-01,73.89303588867188
2008-10-02,73.86091613769531
2008-10-03,73.86091613769531
2008-10-06,73.84483337402344
2008-10-07,73.82878112792969
2008-10-08,73.76457214355469
2008-10-09,73.87699127197266
2008-10-10,73.94123840332031
2008-10-13,73.6520767211914
2008-10-14,73.78062438964844
2008-10-15,73.79667663574219
2008-10-16,73.76457214355469
2008-10-17,73.60387420654297
2008-10-20,73.78062438964844
2008-10-21,73.78062438964844
2008-10-22,73.68421173095703
2008-10-23,73.78062438964844
2008-10-24,73.70024871826172
2008-10-27,73.81270599365234
2008-10-28,73.79667663574219
2008-10-29,73.71633911132812
2008-10-30,73.81270599365234
2008-10-31,73.73241424560547
2008-11-03,73.71150207519531
2008-11-04,73.74366760253906
2008-11-05,73.7758560180664
2008-11-06,73.88837432861328
2008-11-07,73.88837432861328
2008-11-10,73.87232971191406
2008-11-11,73.87232971191406
2008-11-12,73.88837432861328
2008-11-13,73.88837432861328
2008-11-14,73.88837432861328
2008-11-17,73.92056274414062
2008-11-18,73.84014892578125
2008-11-19,73.82404327392578
2008-11-20,73.87232971191406
2008-11-21,73.85617065429688
2008-11-24,73.87232971191406
2008-11-25,73.88837432861328
2008-11-26,73.92056274414062
2008-11-28,73.69539642333984
2008-12-01,73.89810943603516
2008-12-02,73.9625244140625
2008-12-03,73.84982299804688
2008-12-04,73.81774139404297
2008-12-05,73.81774139404297
2008-12-08,73.8337631225586
2008-12-09,73.80160522460938
2008-12-10,73.84982299804688
2008-12-11,73.76941680908203
2008-12-12,73.80160522460938
2008-12-15,73.78553009033203
2008-12-16,73.8337631225586
2008-12-17,73.78553009033203
2008-12-18,73.73722076416016
2008-12-19,73.78553009033203
2008-12-22,73.88204193115234
2008-12-23,73.80160522460938
2008-12-24,73.88204193115234
2008-12-26,73.88204193115234
2008-12-29,73.62126159667969
2008-12-30,73.87882232666016
2008-12-31,73.71784973144531
2009-01-02,73.73393249511719
2009-01-05,73.73393249511719
2009-01-06,73.75001525878906
2009-01-07,73.8627700805664
2009-01-08,73.78221893310547
2009-01-09,73.8305435180664
2009-01-12,73.79833221435547
2009-01-13,73.89486694335938
2009-01-14,73.9110336303711
2009-01-15,73.92710876464844
2009-01-16,73.87882232666016
2009-01-20,73.75001525878906
2009-01-21,73.87882232666016
2009-01-22,73.89486694335938
2009-01-23,73.87882232666016
2009-01-26,73.8627700805664
2009-01-27,73.8305435180664
2009-01-28,73.79833221435547
2009-01-29,73.79833221435547
2009-01-30,73.8627700805664
2009-02-02,73.90777587890625
2009-02-03,73.84342956542969
2009-02-04,73.8917007446289
2009-02-05,73.85950469970703
2009-02-06,73.74678039550781
2009-02-09,73.84342956542969
2009-02-10,73.82731628417969
2009-02-11,73.81121063232422
2009-02-12,73.81121063232422
2009-02-13,73.87566375732422
2009-02-17,73.87566375732422
2009-02-18,73.8917007446289
2009-02-19,73.8917007446289
2009-02-20,73.8917007446289
2009-02-23,73.87566375732422
2009-02-24,73.82731628417969
2009-02-25,73.79507446289062
2009-02-26,73.81121063232422
2009-02-27,73.85950469970703
2009-03-02,73.90298461914062
2009-03-03,73.88691711425781
2009-03-04,73.88691711425781
2009-03-05,73.90298461914062
2009-03-06,73.88691711425781
2009-03-09,73.88691711425781
2009-03-10,73.88691711425781
2009-03-11,73.88691711425781
2009-03-12,73.85466766357422
2009-03-13,73.83860778808594
2009-03-16,73.82246398925781
2009-03-17,73.87078094482422
2009-03-18,73.88691711425781
2009-03-19,73.83860778808594
2009-03-20,73.87078094482422
2009-03-23,73.88691711425781
2009-03-24,73.87078094482422
2009-03-25,73.90298461914062
2009-03-26,73.88691711425781
2009-03-27,73.90298461914062
2009-03-30,73.88691711425781
2009-03-31,73.85466766357422
2009-04-01,73.86753845214844
2009-04-02,73.81922912597656
2009-04-03,73.86753845214844
2009-04-06,73.85144805908203
2009-04-07,73.85144805908203
2009-04-08,73.88365936279297
2009-04-09,73.83540344238281
2009-04-13,73.88365936279297
2009-04-14,73.85144805908203
2009-04-15,73.85144805908203
2009-04-16,73.89981079101562
2009-04-17,73.81922912597656
2009-04-20,73.85144805908203
2009-04-21,73.83540344238281
2009-04-22,73.88365936279297
2009-04-23,73.9158706665039
2009-04-24,73.9158706665039
2009-04-27,73.89981079101562
2009-04-28,73.9158706665039
2009-04-29,73.89981079101562
2009-04-30,73.89981079101562
2009-05-01,73.92394256591797
2009-05-04,73.82730102539062
2009-05-05,73.84343719482422
2009-05-06,73.82730102539062
2009-05-07,73.82730102539062
2009-05-08,73.84343719482422
2009-05-11,73.82730102539062
2009-05-12,73.89170837402344
2009-05-13,73.84343719482422
2009-05-14,73.85948181152344
2009-05-15,73.85948181152344
2009-05-18,73.90782165527344
2009-05-19,73.89170837402344
2009-05-20,73.82730102539062
2009-05-21,73.87562561035156
2009-05-22,73.89170837402344
2009-05-26,73.90782165527344
2009-05-27,73.90782165527344
2009-05-28,73.89170837402344
2009-05-29,73.90782165527344
2009-06-01,73.84986877441406
2009-06-02,73.84986877441406
2009-06-03,73.882080078125
2009-06-04,73.882080078125
2009-06-05,73.86592864990234
2009-06-08,73.882080078125
2009-06-09,73.86592864990234
2009-06-10,73.882080078125
2009-06-11,73.83373260498047
2009-06-12,73.89813995361328
2009-06-15,73.89813995361328
2009-06-16,73.91426849365234
2009-06-17,73.91426849365234
2009-06-18,73.89813995361328
2009-06-19,73.91426849365234
2009-06-22,73.91426849365234
2009-06-23,73.91426849365234
2009-06-24,73.91426849365234
2009-06-25,73.91426849365234
2009-06-26,73.91426849365234
2009-06-29,73.91426849365234
2009-06-30,73.89813995361328
2009-07-01,73.8997573852539
2009-07-02,73.91588592529297
2009-07-06,73.8997573852539
2009-07-07,73.8997573852539
2009-07-08,73.91588592529297
2009-07-09,73.8997573852539
2009-07-10,73.8997573852539
2009-07-13,73.91588592529297
2009-07-14,73.91588592529297
2009-07-15,73.8836669921875
2009-07-16,73.91588592529297
2009-07-17,73.91588592529297
2009-07-20,73.8836669921875
2009-07-21,73.8836669921875
2009-07-22,73.8997573852539
2009-07-23,73.8836669921875
2009-07-24,73.86751556396484
2009-07-27,73.86751556396484
2009-07-28,73.8836669921875
2009-07-29,73.8836669921875
2009-07-30,73.8997573852539
2009-07-31,73.85149383544922
2009-08-03,73.8707504272461
2009-08-04,73.88690185546875
2009-08-05,73.8707504272461
2009-08-06,73.8707504272461
2009-08-07,73.8707504272461
2009-08-10,73.8707504272461
2009-08-11,73.8707504272461
2009-08-12,73.90298461914062
2009-08-13,73.8707504272461
2009-08-14,73.90298461914062
2009-08-17,73.8707504272461
2009-08-18,73.90298461914062
2009-08-19,73.8707504272461
2009-08-20,73.88690185546875
2009-08-21,73.8707504272461
2009-08-24,73.8707504272461
2009-08-25,73.8707504272461
2009-08-26,73.88690185546875
2009-08-27,73.88690185546875
2009-08-28,73.90298461914062
2009-08-31,73.90298461914062
2009-09-01,73.85791015625
2009-09-02,73.92237091064453
2009-09-03,73.92237091064453
2009-09-04,73.92237091064453
2009-09-08,73.92237091064453
2009-09-09,73.87403869628906
2009-09-10,73.89012908935547
2009-09-11,73.87403869628906
2009-09-14,73.87403869628906
2009-09-15,73.87403869628906
2009-09-16,73.87403869628906
2009-09-17,73.89012908935547
2009-09-18,73.87403869628906
2009-09-21,73.92237091064453
2009-09-22,73.87403869628906
2009-09-23,73.90621948242188
2009-09-24,73.87403869628906
2009-09-25,73.90621948242188
2009-09-28,73.92237091064453
2009-09-29,73.92237091064453
2009-09-30,73.92237091064453
2009-10-01,73.87723541259766
2009-10-02,73.87723541259766
2009-10-05,73.90943908691406
2009-10-06,73.87723541259766
2009-10-07,73.90943908691406
2009-10-08,73.87723541259766
2009-10-09,73.89334869384766
2009-10-12,73.89334869384766
2009-10-13,73.89334869384766
2009-10-14,73.87723541259766
2009-10-15,73.87723541259766
2009-10-16,73.90943908691406
2009-10-19,73.89334869384766
2009-10-20,73.87723541259766
2009-10-21,73.87723541259766
2009-10-22,73.87723541259766
2009-10-23,73.87723541259766
2009-10-26,73.87723541259766
2009-10-27,73.87723541259766
2009-10-28,73.87723541259766
2009-10-29,73.89334869384766
2009-10-30,73.92559051513672
2009-11-02,73.92720031738281
2009-11-03,73.92720031738281
2009-11-04,73.91105651855469
2009-11-05,73.91105651855469
2009-11-06,73.92720031738281
2009-11-09,73.92720031738281
2009-11-10,73.8788833618164
2009-11-11,73.8788833618164
2009-11-12,73.8788833618164
2009-11-13,73.8788833618164
2009-11-16,73.8788833618164
2009-11-17,73.8788833618164
2009-11-18,73.8788833618164
2009-11-19,73.8788833618164
2009-11-20,73.8788833618164
2009-11-23,73.8788833618164
2009-11-24,73.8788833618164
2009-11-25,73.8788833618164
2009-11-27,73.89496612548828
2009-11-30,73.89496612548828
2009-12-01,73.89496612548828
2009-12-02,73.8788833618164
2009-12-03,73.8788833618164
2009-12-04,73.91105651855469
2009-12-07,73.8788833618164
2009-12-08,73.8788833618164
2009-12-09,73.91105651855469
2009-12-10,73.8788833618164
2009-12-11,73.8788833618164
2009-12-14,73.86274719238281
2009-12-15,73.86274719238281
2009-12-16,73.8788833618164
2009-12-17,73.8788833618164
2009-12-18,73.8788833618164
2009-12-21,73.8788833618164
2009-12-22,73.8788833618164
2009-12-23,73.8788833618164
2009-12-24,73.89496612548828
2009-12-28,73.8788833618164
2009-12-29,73.88532257080078
2009-12-30,73.90142822265625
2009-12-31,73.9175033569336
2010-01-04,73.88532257080078
2010-01-05,73.86920166015625
2010-01-06,73.86920166015625
2010-01-07,73.86920166015625
2010-01-08,73.86920166015625
2010-01-11,73.86920166015625
2010-01-12,73.86920166015625
2010-01-13,73.90142822265625
2010-01-14,73.88532257080078
2010-01-15,73.88532257080078
2010-01-19,73.88532257080078
2010-01-20,73.88532257080078
2010-01-21,73.88532257080078
2010-01-22,73.88532257080078
2010-01-25,73.90142822265625
2010-01-26,73.90142822265625
2010-01-27,73.9175033569336
2010-01-28,73.90142822265625
2010-01-29,73.9175033569336
2010-02-01,73.90142822265625
2010-02-02,73.88532257080078
2010-02-03,73.9175033569336
2010-02-04,73.9175033569336
2010-02-05,73.9175033569336
2010-02-08,73.9175033569336
2010-02-09,73.9175033569336
2010-02-10,73.9175033569336
2010-02-11,73.9175033569336
2010-02-12,73.9175033569336
2010-02-16,73.9175033569336
2010-02-17,73.86920166015625
2010-02-18,73.90142822265625
2010-02-19,73.86920166015625
2010-02-22,73.90142822265625
2010-02-23,73.86920166015625
2010-02-24,73.90142822265625
2010-02-25,73.90142822265625
2010-02-26,73.90142822265625
2010-03-01,73.86920166015625
2010-03-02,73.88532257080078
2010-03-03,73.86920166015625
2010-03-04,73.86920166015625
2010-03-05,73.86920166015625
2010-03-08,73.86920166015625
2010-03-09,73.86920166015625
2010-03-10,73.88532257080078
2010-03-11,73.86920166015625
2010-03-12,73.86920166015625
2010-03-15,73.86920166015625
2010-03-16,73.86920166015625
2010-03-17,73.86920166015625
2010-03-18,73.86920166015625
2010-03-19,73.86920166015625
2010-03-22,73.88532257080078
2010-03-23,73.88532257080078
2010-03-24,73.86920166015625
2010-03-25,73.90142822265625
2010-03-26,73.90142822265625
2010-03-29,73.86920166015625
2010-03-30,73.86920166015625
2010-03-31,73.90142822265625
2010-04-01,73.90142822265625
2010-04-05,73.86920166015625
2010-04-06,73.86920166015625
2010-04-07,73.86920166015625
2010-04-08,73.86920166015625
2010-04-09,73.86920166015625
2010-04-12,73.86920166015625
2010-04-13,73.86920166015625
2010-04-14,73.86920166015625
2010-04-15,73.86920166015625
2010-04-16,73.86920166015625
2010-04-19,73.88532257080078
2010-04-20,73.86920166015625
2010-04-21,73.86920166015625
2010-04-22,73.86920166015625
2010-04-23,73.86920166015625
2010-04-26,73.88532257080078
2010-04-27,73.86920166015625
2010-04-28,73.88532257080078
2010-04-29,73.88532257080078
2010-04-30,73.86920166015625
2010-05-03,73.88532257080078
2010-05-04,73.86920166015625
2010-05-05,73.88532257080078
2010-05-06,73.90142822265625
2010-05-07,73.90142822265625
2010-05-10,73.90142822265625
2010-05-11,73.90142822265625
2010-05-12,73.90142822265625
2010-05-13,73.88532257080078
2010-05-14,73.90142822265625
2010-05-17,73.90142822265625
2010-05-18,73.88532257080078
2010-05-19,73.90142822265625
2010-05-20,73.90142822265625
2010-05-21,73.90142822265625
2010-05-24,73.90142822265625
2010-05-25,73.90142822265625
2010-05-26,73.9175033569336
2010-05-27,73.88532257080078
2010-05-28,73.90142822265625
2010-06-01,73.90142822265625
2010-06-02,73.9175033569336
2010-06-03,73.88532257080078
2010-06-04,73.9175033569336
2010-06-07,73.90142822265625
2010-06-08,73.9175033569336
2010-06-09,73.9175033569336
2010-06-10,73.9175033569336
2010-06-11,73.9175033569336
2010-06-14,73.88532257080078
2010-06-15,73.88532257080078
2010-06-16,73.88532257080078
2010-06-17,73.88532257080078
2010-06-18,73.90142822265625
2010-06-21,73.88532257080078
2010-06-22,73.90142822265625
2010-06-23,73.90142822265625
2010-06-24,73.90142822265625
2010-06-25,73.90142822265625
2010-06-28,73.90142822265625
2010-06-29,73.90142822265625
2010-06-30,73.9175033569336
2010-07-01,73.90142822265625
2010-07-02,73.90142822265625
2010-07-06,73.88532257080078
2010-07-07,73.88532257080078
2010-07-08,73.90142822265625
2010-07-09,73.88532257080078
2010-07-12,73.90142822265625
2010-07-13,73.90142822265625
2010-07-14,73.90142822265625
2010-07-15,73.90142822265625
2010-07-16,73.90142822265625
2010-07-19,73.88532257080078
2010-07-20,73.88532257080078
2010-07-21,73.88532257080078
2010-07-22,73.88532257080078
2010-07-23,73.90142822265625
2010-07-26,73.86920166015625
2010-07-27,73.86920166015625
2010-07-28,73.88532257080078
2010-07-29,73.86920166015625
2010-07-30,73.88532257080078
2010-08-02,73.86920166015625
2010-08-03,73.86920166015625
2010-08-04,73.86920166015625
2010-08-05,73.86920166015625
2010-08-06,73.86920166015625
2010-08-09,73.86920166015625
2010-08-10,73.88532257080078
2010-08-11,73.90142822265625
2010-08-12,73.90142822265625
2010-08-13,73.90142822265625
2010-08-16,73.88532257080078
2010-08-17,73.90142822265625
2010-08-18,73.88532257080078
2010-08-19,73.88532257080078
2010-08-20,73.90142822265625
2010-08-23,73.88532257080078
2010-08-24,73.88532257080078
2010-08-25,73.90142822265625
2010-08-26,73.88532257080078
2010-08-27,73.88532257080078
2010-08-30,73.90142822265625
2010-08-31,73.88532257080078
2010-09-01,73.88532257080078
2010-09-02,73.90142822265625
2010-09-03,73.90142822265625
2010-09-07,73.88532257080078
2010-09-08,73.88532257080078
2010-09-09,73.88532257080078
2010-09-10,73.88532257080078
2010-09-13,73.88532257080078
2010-09-14,73.90142822265625
2010-09-15,73.90142822265625
2010-09-16,73.90142822265625
2010-09-17,73.88532257080078
2010-09-20,73.88532257080078
2010-09-21,73.88532257080078
2010-09-22,73.88532257080078
2010-09-23,73.88532257080078
2010-09-24,73.90142822265625
2010-09-27,73.90142822265625
2010-09-28,73.88532257080078
2010-09-29,73.88532257080078
2010-09-30,73.88532257080078
2010-10-01,73.88532257080078
2010-10-04,73.90142822265625
2010-10-05,73.88532257080078
2010-10-06,73.88532257080078
2010-10-07,73.88532257080078
2010-10-08,73.88532257080078
2010-10-11,73.88532257080078
2010-10-12,73.88532257080078
2010-10-13,73.88532257080078
2010-10-14,73.90142822265625
2010-10-15,73.88532257080078
2010-10-18,73.90142822265625
2010-10-19,73.88532257080078
2010-10-20,73.88532257080078
2010-10-21,73.88532257080078
2010-10-22,73.90142822265625
2010-10-25,73.88532257080078
2010-10-26,73.90142822265625
2010-10-27,73.90142822265625
2010-10-28,73.88532257080078
2010-10-29,73.90142822265625
2010-11-01,73.90142822265625
2010-11-02,73.86920166015625
2010-11-03,73.88532257080078
2010-11-04,73.88532257080078
2010-11-05,73.88532257080078
2010-11-08,73.88532257080078
2010-11-09,73.88532257080078
2010-11-10,73.88532257080078
2010-11-11,73.86920166015625
2010-11-12,73.90142822265625
2010-11-15,73.90142822265625
2010-11-16,73.90142822265625
2010-11-17,73.90142822265625
2010-11-18,73.88532257080078
2010-11-19,73.88532257080078
2010-11-22,73.88532257080078
2010-11-23,73.88532257080078
2010-11-24,73.90142822265625
2010-11-26,73.90142822265625
2010-11-29,73.90142822265625
2010-11-30,73.90142822265625
2010-12-01,73.88532257080078
2010-12-02,73.88532257080078
2010-12-03,73.90142822265625
2010-12-06,73.88532257080078
2010-12-07,73.88532257080078
2010-12-08,73.88532257080078
2010-12-09,73.90142822265625
2010-12-10,73.90142822265625
2010-12-13,73.90142822265625
2010-12-14,73.90142822265625
2010-12-15,73.88532257080078
2010-12-16,73.88532257080078
2010-12-17,73.90142822265625
2010-12-20,73.90142822265625
2010-12-21,73.90142822265625
2010-12-22,73.88532257080078
2010-12-23,73.88532257080078
2010-12-27,73.88532257080078
2010-12-28,73.90142822265625
2010-12-29,73.88532257080078
2010-12-30,73.90142822265625
2010-12-31,73.88532257080078
2011-01-03,73.90142822265625
2011-01-04,73.90142822265625
2011-01-05,73.90142822265625
2011-01-06,73.90142822265625
2011-01-07,73.88532257080078
2011-01-10,73.90142822265625
2011-01-11,73.90142822265625
2011-01-12,73.88532257080078
2011-01-13,73.88532257080078
2011-01-14,73.88532257080078
2011-01-18,73.88532257080078
2011-01-19,73.90142822265625
2011-01-20,73.90142822265625
2011-01-21,73.88532257080078
2011-01-24,73.88532257080078
2011-01-25,73.90142822265625
2011-01-26,73.88532257080078
2011-01-27,73.90142822265625
2011-01-28,73.88532257080078
2011-01-31,73.88532257080078
2011-02-01,73.88532257080078
2011-02-02,73.88532257080078
2011-02-03,73.88532257080078
2011-02-04,73.90142822265625
2011-02-07,73.88532257080078
2011-02-08,73.88532257080078
2011-02-09,73.90142822265625
2011-02-10,73.88532257080078
2011-02-11,73.88532257080078
2011-02-14,73.88532257080078
2011-02-15,73.90142822265625
2011-02-16,73.90142822265625
2011-02-17,73.90142822265625
2011-02-18,73.88532257080078
2011-02-22,73.88532257080078
2011-02-23,73.90142822265625
2011-02-24,73.90142822265625
2011-02-25,73.90142822265625
2011-02-28,73.88532257080078
2011-03-01,73.88532257080078
2011-03-02,73.90142822265625
2011-03-03,73.88532257080078
2011-03-04,73.90142822265625
2011-03-07,73.88532257080078
2011-03-08,73.88532257080078
2011-03-09,73.88532257080078
2011-03-10,73.88532257080078
2011-03-11,73.90142822265625
2011-03-14,73.90142822265625
2011-03-15,73.9175033569336
2011-03-16,73.9175033569336
2011-03-17,73.9175033569336
2011-03-18,73.9175033569336
2011-03-21,73.9175033569336
2011-03-22,73.88532257080078
2011-03-23,73.90142822265625
2011-03-24,73.88532257080078
2011-03-25,73.88532257080078
2011-03-28,73.90142822265625
2011-03-29,73.88532257080078
2011-03-30,73.90142822265625
2011-03-31,73.88532257080078
2011-04-01,73.88532257080078
2011-04-04,73.88532257080078
2011-04-05,73.88532257080078
2011-04-06,73.88532257080078
2011-04-07,73.90142822265625
2011-04-08,73.88532257080078
2011-04-11,73.88532257080078
2011-04-12,73.90142822265625
2011-04-13,73.90142822265625
2011-04-14,73.88532257080078
2011-04-15,73.90142822265625
2011-04-18,73.88532257080078
2011-04-19,73.88532257080078
2011-04-20,73.88532257080078
2011-04-21,73.88532257080078
2011-04-25,73.88532257080078
2011-04-26,73.88532257080078
2011-04-27,73.88532257080078
2011-04-28,73.88532257080078
2011-04-29,73.88532257080078
2011-05-02,73.88532257080078
2011-05-03,73.88532257080078
2011-05-04,73.9175033569336
2011-05-05,73.9175033569336
2011-05-06,73.9175033569336
2011-05-09,73.9175033569336
2011-05-10,73.9175033569336
2011-05-11,73.9175033569336
2011-05-12,73.9175033569336
2011-05-13,73.90142822265625
2011-05-16,73.90142822265625
2011-05-17,73.90142822265625
2011-05-18,73.88532257080078
2011-05-19,73.9175033569336
2011-05-20,73.90142822265625
2011-05-23,73.90142822265625
2011-05-24,73.90142822265625
2011-05-25,73.90142822265625
2011-05-26,73.90142822265625
2011-05-27,73.90142822265625
2011-05-31,73.90142822265625
2011-06-01,73.88532257080078
2011-06-02,73.88532257080078
2011-06-03,73.88532257080078
2011-06-06,73.88532257080078
2011-06-07,73.90142822265625
2011-06-08,73.90142822265625
2011-06-09,73.88532257080078
2011-06-10,73.90142822265625
2011-06-13,73.88532257080078
2011-06-14,73.90142822265625
2011-06-15,73.90142822265625
2011-06-16,73.90142822265625
2011-06-17,73.90142822265625
2011-06-20,73.90142822265625
2011-06-21,73.88532257080078
2011-06-22,73.90142822265625
2011-06-23,73.90142822265625
2011-06-24,73.88532257080078
2011-06-27,73.88532257080078
2011-06-28,73.88532257080078
2011-06-29,73.90142822265625
2011-06-30,73.90142822265625
2011-07-01,73.88532257080078
2011-07-05,73.88532257080078
2011-07-06,73.90142822265625
2011-07-07,73.88532257080078
2011-07-08,73.88532257080078
2011-07-11,73.86920166015625
2011-07-12,73.88532257080078
2011-07-13,73.90142822265625
2011-07-14,73.90142822265625
2011-07-15,73.90142822265625
2011-07-18,73.90142822265625
2011-07-19,73.90142822265625
2011-07-20,73.88532257080078
2011-07-21,73.88532257080078
2011-07-22,73.90142822265625
2011-07-25,73.90142822265625
2011-07-26,73.90142822265625
2011-07-27,73.90142822265625
2011-07-28,73.90142822265625
2011-07-29,73.90142822265625
2011-08-01,73.90142822265625
2011-08-02,73.90142822265625
2011-08-03,73.90142822265625
2011-08-04,73.90142822265625
2011-08-05,73.90142822265625
2011-08-08,73.90142822265625
2011-08-09,73.90142822265625
2011-08-10,73.90142822265625
2011-08-11,73.90142822265625
2011-08-12,73.90142822265625
2011-08-15,73.90142822265625
2011-08-16,73.90142822265625
2011-08-17,73.90142822265625
2011-08-18,73.86920166015625
2011-08-19,73.90142822265625
2011-08-22,73.86920166015625
2011-08-23,73.90142822265625
2011-08-24,73.90142822265625
2011-08-25,73.86920166015625
2011-08-26,73.90142822265625
2011-08-29,73.90142822265625
2011-08-30,73.90142822265625
2011-08-31,73.90142822265625
2011-09-01,73.90142822265625
2011-09-02,73.90142822265625
2011-09-06,73.88532257080078
2011-09-07,73.86920166015625
2011-09-08,73.86920166015625
2011-09-09,73.88532257080078
2011-09-12,73.88532257080078
2011-09-13,73.86920166015625
2011-09-14,73.86920166015625
2011-09-15,73.86920166015625
2011-09-16,73.86920166015625
2011-09-19,73.88532257080078
2011-09-20,73.88532257080078
2011-09-21,73.88532257080078
2011-09-22,73.86920166015625
2011-09-23,73.88532257080078
2011-09-26,73.88532257080078
2011-09-27,73.86920166015625
2011-09-28,73.88532257080078
2011-09-29,73.88532257080078
2011-09-30,73.88532257080078
2011-10-03,73.88532257080078
2011-10-04,73.88532257080078
2011-10-05,73.88532257080078
2011-10-06,73.86920166015625
2011-10-07,73.88532257080078
2011-10-10,73.86920166015625
2011-10-11,73.88532257080078
2011-10-12,73.86920166015625
2011-10-13,73.88532257080078
2011-10-14,73.86920166015625
2011-10-17,73.86920166015625
2011-10-18,73.88532257080078
2011-10-19,73.88532257080078
2011-10-20,73.88532257080078
2011-10-21,73.86920166015625
2011-10-24,73.86920166015625
2011-10-25,73.88532257080078
2011-10-26,73.88532257080078
2011-10-27,73.86920166015625
2011-10-28,73.86920166015625
2011-10-31,73.8530502319336
2011-11-01,73.88532257080078
2011-11-02,73.86920166015625
2011-11-03,73.8530502319336
2011-11-04,73.86920166015625
2011-11-07,73.88532257080078
2011-11-08,73.88532257080078
2011-11-09,73.86920166015625
2011-11-10,73.88532257080078
2011-11-11,73.86920166015625
2011-11-14,73.88532257080078
2011-11-15,73.86920166015625
2011-11-16,73.88532257080078
2011-11-17,73.88532257080078
2011-11-18,73.88532257080078
2011-11-21,73.88532257080078
2011-11-22,73.86920166015625
2011-11-23,73.88532257080078
2011-11-25,73.88532257080078
2011-11-28,73.88532257080078
2011-11-29,73.8530502319336
2011-11-30,73.86920166015625
2011-12-01,73.8530502319336
2011-12-02,73.86920166015625
2011-12-05,73.86920166015625
2011-12-06,73.88532257080078
2011-12-07,73.86920166015625
2011-12-08,73.86920166015625
2011-12-09,73.8530502319336
2011-12-12,73.8530502319336
2011-12-13,73.8530502319336
2011-12-14,73.86920166015625
2011-12-15,73.8530502319336
2011-12-16,73.86920166015625
2011-12-19,73.86920166015625
2011-12-20,73.86920166015625
2011-12-21,73.86920166015625
2011-12-22,73.86920166015625
2011-12-23,73.86920166015625
2011-12-27,73.8530502319336
2011-12-28,73.85626983642578
2011-12-29,73.85626983642578
2011-12-30,73.85626983642578
2012-01-03,73.84017181396484
2012-01-04,73.84017181396484
2012-01-05,73.84017181396484
2012-01-06,73.84017181396484
2012-01-09,73.85626983642578
2012-01-10,73.85626983642578
2012-01-11,73.84017181396484
2012-01-12,73.84017181396484
2012-01-13,73.84017181396484
2012-01-17,73.84017181396484
2012-01-18,73.84017181396484
2012-01-19,73.84017181396484
2012-01-20,73.84017181396484
2012-01-23,73.84017181396484
2012-01-24,73.84017181396484
2012-01-25,73.84017181396484
2012-01-26,73.84017181396484
2012-01-27,73.84017181396484
2012-01-30,73.85626983642578
2012-01-31,73.84017181396484
2012-02-01,73.84017181396484
2012-02-02,73.84017181396484
2012-02-03,73.84017181396484
2012-02-06,73.85626983642578
2012-02-07,73.84017181396484
2012-02-08,73.85626983642578
2012-02-09,73.84017181396484
2012-02-10,73.85626983642578
2012-02-13,73.84017181396484
2012-02-14,73.85626983642578
2012-02-15,73.84017181396484
2012-02-16,73.85626983642578
2012-02-17,73.84017181396484
2012-02-21,73.84017181396484
2012-02-22,73.84017181396484
2012-02-23,73.84017181396484
2012-02-24,73.85626983642578
2012-02-27,73.84017181396484
2012-02-28,73.84017181396484
2012-02-29,73.85626983642578
2012-03-01,73.84017181396484
2012-03-02,73.84017181396484
2012-03-05,73.84017181396484
2012-03-06,73.84017181396484
2012-03-07,73.84017181396484
2012-03-08,73.85626983642578
2012-03-09,73.85626983642578
2012-03-12,73.85626983642578
2012-03-13,73.85626983642578
2012-03-14,73.84017181396484
2012-03-15,73.84017181396484
2012-03-16,73.84017181396484
2012-03-19,73.85626983642578
2012-03-20,73.85626983642578
2012-03-21,73.85626983642578
2012-03-22,73.85626983642578
2012-03-23,73.85626983642578
2012-03-26,73.85626983642578
2012-03-27,73.84017181396484
2012-03-28,73.85626983642578
2012-03-29,73.84017181396484
2012-03-30,73.84017181396484
2012-04-02,73.82402038574219
2012-04-03,73.84017181396484
2012-04-04,73.82402038574219
2012-04-05,73.84017181396484
2012-04-09,73.85626983642578
2012-04-10,73.85626983642578
2012-04-11,73.85626983642578
2012-04-12,73.84017181396484
2012-04-13,73.82402038574219
2012-04-16,73.84017181396484
2012-04-17,73.84017181396484
2012-04-18,73.84017181396484
2012-04-19,73.85626983642578
2012-04-20,73.84017181396484
2012-04-23,73.85626983642578
2012-04-24,73.85626983642578
2012-04-25,73.84017181396484
2012-04-26,73.85626983642578
2012-04-27,73.84017181396484
2012-04-30,73.85626983642578
2012-05-01,73.85626983642578
2012-05-02,73.85626983642578
2012-05-03,73.84017181396484
2012-05-04,73.84017181396484
2012-05-07,73.85626983642578
2012-05-08,73.85626983642578
2012-05-09,73.85626983642578
2012-05-10,73.85626983642578
2012-05-11,73.85626983642578
2012-05-14,73.85626983642578
2012-05-15,73.85626983642578
2012-05-16,73.85626983642578
2012-05-17,73.85626983642578
2012-05-18,73.85626983642578
2012-05-21,73.85626983642578
2012-05-22,73.82402038574219
2012-05-23,73.82402038574219
2012-05-24,73.85626983642578
2012-05-25,73.85626983642578
2012-05-29,73.85626983642578
2012-05-30,73.85626983642578
2012-05-31,73.85626983642578
2012-06-01,73.85626983642578
2012-06-04,73.85626983642578
2012-06-05,73.85626983642578
2012-06-06,73.84017181396484
2012-06-07,73.84017181396484
2012-06-08,73.84017181396484
2012-06-11,73.84017181396484
2012-06-12,73.85626983642578
2012-06-13,73.85626983642578
2012-06-14,73.85626983642578
2012-06-15,73.84017181396484
2012-06-18,73.85626983642578
2012-06-19,73.82402038574219
2012-06-20,73.82402038574219
2012-06-21,73.85626983642578
2012-06-22,73.84017181396484
2012-06-25,73.85626983642578
2012-06-26,73.85626983642578
2012-06-27,73.84017181396484
2012-06-28,73.85626983642578
2012-06-29,73.82402038574219
2012-07-02,73.82402038574219
2012-07-03,73.82402038574219
2012-07-05,73.82402038574219
2012-07-06,73.82402038574219
2012-07-09,73.82402038574219
2012-07-10,73.82402038574219
2012-07-11,73.82402038574219
2012-07-12,73.82402038574219
2012-07-13,73.84017181396484
2012-07-16,73.82402038574219
2012-07-17,73.82402038574219
2012-07-18,73.82402038574219
2012-07-19,73.84017181396484
2012-07-20,73.82402038574219
2012-07-23,73.82402038574219
2012-07-24,73.84017181396484
2012-07-25,73.85626983642578
2012-07-26,73.84017181396484
2012-07-27,73.85626983642578
2012-07-30,73.85626983642578
2012-07-31,73.82402038574219
2012-08-01,73.84017181396484
2012-08-02,73.84017181396484
2012-08-03,73.84017181396484
2012-08-06,73.85626983642578
2012-08-07,73.84017181396484
2012-08-08,73.82402038574219
2012-08-09,73.82402038574219
2012-08-10,73.82402038574219
2012-08-13,73.82402038574219
2012-08-14,73.82402038574219
2012-08-15,73.82402038574219
2012-08-16,73.82402038574219
2012-08-17,73.82402038574219
2012-08-20,73.82402038574219
2012-08-21,73.82402038574219
2012-08-22,73.82402038574219
2012-08-23,73.82402038574219
2012-08-24,73.82402038574219
2012-08-27,73.82402038574219
2012-08-28,73.82402038574219
2012-08-29,73.82402038574219
2012-08-30,73.82402038574219
2012-08-31,73.82402038574219
2012-09-04,73.82402038574219
2012-09-05,73.84017181396484
2012-09-06,73.84017181396484
2012-09-07,73.82402038574219
2012-09-10,73.82402038574219
2012-09-11,73.82402038574219
2012-09-12,73.82402038574219
2012-09-13,73.82402038574219
2012-09-14,73.82402038574219
2012-09-17,73.82402038574219
2012-09-18,73.82402038574219
2012-09-19,73.82402038574219
2012-09-20,73.82402038574219
2012-09-21,73.82402038574219
2012-09-24,73.82402038574219
2012-09-25,73.82402038574219
2012-09-26,73.82402038574219
2012-09-27,73.84017181396484
2012-09-28,73.82402038574219
2012-10-01,73.82402038574219
2012-10-02,73.84017181396484
2012-10-03,73.82402038574219
2012-10-04,73.82402038574219
2012-10-05,73.82402038574219
2012-10-08,73.82402038574219
2012-10-09,73.82402038574219
2012-10-10,73.84017181396484
2012-10-11,73.84017181396484
2012-10-12,73.82402038574219
2012-10-15,73.84017181396484
2012-10-16,73.82402038574219
2012-10-17,73.84017181396484
2012-10-18,73.82402038574219
2012-10-19,73.82402038574219
2012-10-22,73.82402038574219
2012-10-23,73.84017181396484
2012-10-24,73.84017181396484
2012-10-25,73.82402038574219
2012-10-26,73.82402038574219
2012-10-31,73.84017181396484
2012-11-01,73.84017181396484
2012-11-02,73.84017181396484
2012-11-05,73.82402038574219
2012-11-06,73.82402038574219
2012-11-07,73.84017181396484
2012-11-08,73.84017181396484
2012-11-09,73.84017181396484
2012-11-12,73.84017181396484
2012-11-13,73.84017181396484
2012-11-14,73.84017181396484
2012-11-15,73.84017181396484
2012-11-16,73.84017181396484
2012-11-19,73.84017181396484
2012-11-20,73.82402038574219
2012-11-21,73.82402038574219
2012-11-23,73.82402038574219
2012-11-26,73.82402038574219
2012-11-27,73.82402038574219
2012-11-28,73.82402038574219
2012-11-29,73.82402038574219
2012-11-30,73.82402038574219
2012-12-03,73.82402038574219
2012-12-04,73.82402038574219
2012-12-05,73.82402038574219
2012-12-06,73.82402038574219
2012-12-07,73.82402038574219
2012-12-10,73.82402038574219
2012-12-11,73.82402038574219
2012-12-12,73.82402038574219
2012-12-13,73.82402038574219
2012-12-14,73.82402038574219
2012-12-17,73.82402038574219
2012-12-18,73.84017181396484
2012-12-19,73.82402038574219
2012-12-20,73.82402038574219
2012-12-21,73.82402038574219
2012-12-24,73.82402038574219
2012-12-26,73.82402038574219
2012-12-27,73.82402038574219
2012-12-28,73.84017181396484
2012-12-31,73.82402038574219
2013-01-02,73.82402038574219
2013-01-03,73.82402038574219
2013-01-04,73.84017181396484
2013-01-07,73.80793762207031
2013-01-08,73.80793762207031
2013-01-09,73.80793762207031
2013-01-10,73.80793762207031
2013-01-11,73.80793762207031
2013-01-14,73.80793762207031
2013-01-15,73.80793762207031
2013-01-16,73.80793762207031
2013-01-17,73.82402038574219
2013-01-18,73.80793762207031
2013-01-22,73.80793762207031
2013-01-23,73.80793762207031
2013-01-24,73.82402038574219
2013-01-25,73.80793762207031
2013-01-28,73.80793762207031
2013-01-29,73.80793762207031
2013-01-30,73.80793762207031
2013-01-31,73.82402038574219
2013-02-01,73.80793762207031
2013-02-04,73.80793762207031
2013-02-05,73.82402038574219
2013-02-06,73.82402038574219
2013-02-07,73.82402038574219
2013-02-08,73.82402038574219
2013-02-11,73.82402038574219
2013-02-12,73.82402038574219
2013-02-13,73.80793762207031
2013-02-14,73.82402038574219
2013-02-15,73.80793762207031
2013-02-19,73.80793762207031
2013-02-20,73.82402038574219
2013-02-21,73.80793762207031
2013-02-22,73.82402038574219
2013-02-25,73.80793762207031
2013-02-26,73.80793762207031
2013-02-27,73.82402038574219
2013-02-28,73.82402038574219
2013-03-01,73.82402038574219
2013-03-04,73.80793762207031
2013-03-05,73.82402038574219
2013-03-06,73.80793762207031
2013-03-07,73.82402038574219
2013-03-08,73.80793762207031
2013-03-11,73.82402038574219
2013-03-12,73.80793762207031
2013-03-13,73.82402038574219
2013-03-14,73.82402038574219
2013-03-15,73.82402038574219
2013-03-18,73.80793762207031
2013-03-19,73.80793762207031
2013-03-20,73.80793762207031
2013-03-21,73.80793762207031
2013-03-22,73.82402038574219
2013-03-25,73.80793762207031
2013-03-26,73.82402038574219
2013-03-27,73.80793762207031
2013-03-28,73.82402038574219
2013-04-01,73.80793762207031
2013-04-02,73.82402038574219
2013-04-03,73.80793762207031
2013-04-04,73.80793762207031
2013-04-05,73.82402038574219
2013-04-08,73.82402038574219
2013-04-09,73.82402038574219
2013-04-10,73.82402038574219
2013-04-11,73.80793762207031
2013-04-12,73.82402038574219
2013-04-15,73.82402038574219
2013-04-16,73.82402038574219
2013-04-17,73.82402038574219
2013-04-18,73.80793762207031
2013-04-19,73.82402038574219
2013-04-22,73.82402038574219
2013-04-23,73.82402038574219
2013-04-24,73.82402038574219
2013-04-25,73.80793762207031
2013-04-26,73.80793762207031
2013-04-29,73.80793762207031
2013-04-30,73.80793762207031
2013-05-01,73.80793762207031
2013-05-02,73.82402038574219
2013-05-03,73.80793762207031
2013-05-06,73.80793762207031
2013-05-07,73.80793762207031
2013-05-08,73.82402038574219
2013-05-09,73.82402038574219
2013-05-10,73.80793762207031
2013-05-13,73.82402038574219
2013-05-14,73.80793762207031
2013-05-15,73.80793762207031
2013-05-16,73.80793762207031
2013-05-17,73.82402038574219
2013-05-20,73.80793762207031
2013-05-21,73.82402038574219
2013-05-22,73.82402038574219
2013-05-23,73.82402038574219
2013-05-24,73.82402038574219
2013-05-28,73.80793762207031
2013-05-29,73.82402038574219
2013-05-30,73.80793762207031
2013-05-31,73.82402038574219
2013-06-03,73.82402038574219
2013-06-04,73.82402038574219
2013-06-05,73.82402038574219
2013-06-06,73.80793762207031
2013-06-07,73.82402038574219
2013-06-10,73.80793762207031
2013-06-11,73.82402038574219
2013-06-12,73.80793762207031
2013-06-13,73.82402038574219
2013-06-14,73.80793762207031
2013-06-17,73.80793762207031
2013-06-18,73.80793762207031
2013-06-19,73.80793762207031
2013-06-20,73.80793762207031
2013-06-21,73.82402038574219
2013-06-24,73.82402038574219
2013-06-25,73.82402038574219
2013-06-26,73.82402038574219
2013-06-27,73.80793762207031
2013-06-28,73.80793762207031
2013-07-01,73.82402038574219
2013-07-02,73.80793762207031
2013-07-03,73.82402038574219
2013-07-05,73.82402038574219
2013-07-08,73.79180908203125
2013-07-09,73.79180908203125
2013-07-10,73.79180908203125
2013-07-11,73.79180908203125
2013-07-12,73.79180908203125
2013-07-15,73.79180908203125
2013-07-16,73.79180908203125
2013-07-17,73.79180908203125
2013-07-18,73.80793762207031
2013-07-19,73.80793762207031
2013-07-22,73.80793762207031
2013-07-23,73.80793762207031
2013-07-24,73.82402038574219
2013-07-25,73.79180908203125
2013-07-26,73.79180908203125
2013-07-29,73.80793762207031
2013-07-30,73.79180908203125
2013-07-31,73.80793762207031
2013-08-01,73.79180908203125
2013-08-02,73.80793762207031
2013-08-05,73.80793762207031
2013-08-06,73.80793762207031
2013-08-07,73.79180908203125
2013-08-08,73.79180908203125
2013-08-09,73.80793762207031
2013-08-12,73.80793762207031
2013-08-13,73.80793762207031
2013-08-14,73.80793762207031
2013-08-15,73.80793762207031
2013-08-16,73.80793762207031
2013-08-19,73.79180908203125
2013-08-20,73.80793762207031
2013-08-21,73.80793762207031
2013-08-22,73.79180908203125
2013-08-23,73.80793762207031
2013-08-26,73.79180908203125
2013-08-27,73.79180908203125
2013-08-28,73.79180908203125
2013-08-29,73.80793762207031
2013-08-30,73.80793762207031
2013-09-03,73.80793762207031
2013-09-04,73.80793762207031
2013-09-05,73.80793762207031
2013-09-06,73.80793762207031
2013-09-09,73.77571105957031
2013-09-10,73.79180908203125
2013-09-11,73.79180908203125
2013-09-12,73.79180908203125
2013-09-13,73.80793762207031
2013-09-16,73.79180908203125
2013-09-17,73.79180908203125
2013-09-18,73.80793762207031
2013-09-19,73.80793762207031
2013-09-20,73.79180908203125
2013-09-23,73.79180908203125
2013-09-24,73.79180908203125
2013-09-25,73.79180908203125
2013-09-26,73.79180908203125
2013-09-27,73.79180908203125
2013-09-30,73.79180908203125
2013-10-01,73.80793762207031
2013-10-02,73.80793762207031
2013-10-03,73.80793762207031
2013-10-04,73.80793762207031
2013-10-07,73.80793762207031
2013-10-08,73.80793762207031
2013-10-09,73.79180908203125
2013-10-10,73.77571105957031
2013-10-11,73.75955200195312
2013-10-14,73.75955200195312
2013-10-15,73.75955200195312
2013-10-16,73.77571105957031
2013-10-17,73.77571105957031
2013-10-18,73.79180908203125
2013-10-21,73.79180908203125
2013-10-22,73.79180908203125
2013-10-23,73.79180908203125
2013-10-24,73.77571105957031
2013-10-25,73.79180908203125
2013-10-28,73.79180908203125
2013-10-29,73.77571105957031
2013-10-30,73.77571105957031
2013-10-31,73.77571105957031
2013-11-01,73.77571105957031
2013-11-04,73.77571105957031
2013-11-05,73.77571105957031
2013-11-06,73.79180908203125
2013-11-07,73.77571105957031
2013-11-08,73.77571105957031
2013-11-11,73.79180908203125
2013-11-12,73.79180908203125
2013-11-13,73.79180908203125
2013-11-14,73.77571105957031
2013-11-15,73.77571105957031
2013-11-18,73.77571105957031
2013-11-19,73.77571105957031
2013-11-20,73.77571105957031
2013-11-21,73.79180908203125
2013-11-22,73.77571105957031
2013-11-25,73.77571105957031
2013-11-26,73.77571105957031
2013-11-27,73.79180908203125
2013-11-29,73.75955200195312
2013-12-02,73.77571105957031
2013-12-03,73.79180908203125
2013-12-04,73.79180908203125
2013-12-05,73.79180908203125
2013-12-06,73.79180908203125
2013-12-09,73.79180908203125
2013-12-10,73.77571105957031
2013-12-11,73.79180908203125
2013-12-12,73.79180908203125
2013-12-13,73.79180908203125
2013-12-16,73.77571105957031
2013-12-17,73.77571105957031
2013-12-18,73.79180908203125
2013-12-19,73.79180908203125
2013-12-20,73.77571105957031
2013-12-23,73.77571105957031
2013-12-24,73.77571105957031
2013-12-26,73.77571105957031
2013-12-27,73.79180908203125
2013-12-30,73.79180908203125
2013-12-31,73.75955200195312
2014-01-02,73.75955200195312
2014-01-03,73.77571105957031
2014-01-06,73.75955200195312
2014-01-07,73.77571105957031
2014-01-08,73.77571105957031
2014-01-09,73.75955200195312
2014-01-10,73.77571105957031
2014-01-13,73.77571105957031
2014-01-14,73.77571105957031
2014-01-15,73.77571105957031
2014-01-16,73.77571105957031
2014-01-17,73.75955200195312
2014-01-21,73.77571105957031
2014-01-22,73.77571105957031
2014-01-23,73.77571105957031
2014-01-24,73.75955200195312
2014-01-27,73.75955200195312
2014-01-28,73.75955200195312
2014-01-29,73.77571105957031
2014-01-30,73.77571105957031
2014-01-31,73.75955200195312
2014-02-03,73.75955200195312
2014-02-04,73.77571105957031
2014-02-05,73.75955200195312
2014-02-06,73.75955200195312
2014-02-07,73.77571105957031
2014-02-10,73.75955200195312
2014-02-11,73.75955200195312
2014-02-12,73.77571105957031
2014-02-13,73.77571105957031
2014-02-14,73.77571105957031
2014-02-18,73.75955200195312
2014-02-19,73.77571105957031
2014-02-20,73.77571105957031
2014-02-21,73.75955200195312
2014-02-24,73.77571105957031
2014-02-25,73.77571105957031
2014-02-26,73.77571105957031
2014-02-27,73.75955200195312
2014-02-28,73.77571105957031
2014-03-03,73.77571105957031
2014-03-04,73.75955200195312
2014-03-05,73.77571105957031
2014-03-06,73.77571105957031
2014-03-07,73.75955200195312
2014-03-10,73.75955200195312
2014-03-11,73.75955200195312
2014-03-12,73.75955200195312
2014-03-13,73.75955200195312
2014-03-14,73.75955200195312
2014-03-17,73.75955200195312
2014-03-18,73.75955200195312
2014-03-19,73.77571105957031
2014-03-20,73.75955200195312
2014-03-21,73.77571105957031
2014-03-24,73.77571105957031
2014-03-25,73.77571105957031
2014-03-26,73.75955200195312
2014-03-27,73.75955200195312
2014-03-28,73.75955200195312
2014-03-31,73.75955200195312
2014-04-01,73.75955200195312
2014-04-02,73.75955200195312
2014-04-03,73.77571105957031
2014-04-04,73.75955200195312
2014-04-07,73.75955200195312
2014-04-08,73.75955200195312
2014-04-09,73.75955200195312
2014-04-10,73.75955200195312
2014-04-11,73.75955200195312
2014-04-14,73.75955200195312
2014-04-15,73.75955200195312
2014-04-16,73.75955200195312
2014-04-17,73.77571105957031
2014-04-21,73.75955200195312
2014-04-22,73.74344635009766
2014-04-23,73.75955200195312
2014-04-24,73.75955200195312
2014-04-25,73.75955200195312
2014-04-28,73.75955200195312
2014-04-29,73.75955200195312
2014-04-30,73.75955200195312
2014-05-01,73.74344635009766
2014-05-02,73.75955200195312
2014-05-05,73.75955200195312
2014-05-06,73.74344635009766
2014-05-07,73.74344635009766
2014-05-08,73.74344635009766
2014-05-09,73.75955200195312
2014-05-12,73.74344635009766
2014-05-13,73.75955200195312
2014-05-14,73.75955200195312
2014-05-15,73.75955200195312
2014-05-16,73.75955200195312
2014-05-19,73.75955200195312
2014-05-20,73.75955200195312
2014-05-21,73.74344635009766
2014-05-22,73.74344635009766
2014-05-23,73.75955200195312
2014-05-27,73.74344635009766
2014-05-28,73.75955200195312
2014-05-29,73.74344635009766
2014-05-30,73.75955200195312
2014-06-02,73.74344635009766
2014-06-03,73.74344635009766
2014-06-04,73.74344635009766
2014-06-05,73.74344635009766
2014-06-06,73.74344635009766
2014-06-09,73.75955200195312
2014-06-10,73.75955200195312
2014-06-11,73.74344635009766
2014-06-12,73.75955200195312
2014-06-13,73.74344635009766
2014-06-16,73.75955200195312
2014-06-17,73.74344635009766
2014-06-18,73.75955200195312
2014-06-19,73.75955200195312
2014-06-20,73.75955200195312
2014-06-23,73.75955200195312
2014-06-24,73.75955200195312
2014-06-25,73.74344635009766
2014-06-26,73.74344635009766
2014-06-27,73.75955200195312
2014-06-30,73.74344635009766
2014-07-01,73.75955200195312
2014-07-02,73.75955200195312
2014-07-03,73.74344635009766
2014-07-07,73.75955200195312
2014-07-08,73.75955200195312
2014-07-09,73.74344635009766
2014-07-10,73.74344635009766
2014-07-11,73.74344635009766
2014-07-14,73.74344635009766
2014-07-15,73.74344635009766
2014-07-16,73.74344635009766
2014-07-17,73.74344635009766
2014-07-18,73.72735595703125
2014-07-21,73.74344635009766
2014-07-22,73.72735595703125
2014-07-23,73.74344635009766
2014-07-24,73.74344635009766
2014-07-25,73.74344635009766
2014-07-28,73.74344635009766
2014-07-29,73.74344635009766
2014-07-30,73.74344635009766
2014-07-31,73.72735595703125
2014-08-01,73.74344635009766
2014-08-04,73.74344635009766
2014-08-05,73.72735595703125
2014-08-06,73.72735595703125
2014-08-07,73.74344635009766
2014-08-08,73.72735595703125
2014-08-11,73.72735595703125
2014-08-12,73.72735595703125
2014-08-13,73.74344635009766
2014-08-14,73.72735595703125
2014-08-15,73.74344635009766
2014-08-18,73.72735595703125
2014-08-19,73.74344635009766
2014-08-20,73.72735595703125
2014-08-21,73.74344635009766
2014-08-22,73.74344635009766
2014-08-25,73.74344635009766
2014-08-26,73.74344635009766
2014-08-27,73.72735595703125
2014-08-28,73.74344635009766
2014-08-29,73.74344635009766
2014-09-02,73.72735595703125
2014-09-03,73.74344635009766
2014-09-04,73.72735595703125
2014-09-05,73.74344635009766
2014-09-08,73.72735595703125
2014-09-09,73.72735595703125
2014-09-10,73.74344635009766
2014-09-11,73.72735595703125
2014-09-12,73.72735595703125
2014-09-15,73.72735595703125
2014-09-16,73.72735595703125
2014-09-17,73.72735595703125
2014-09-18,73.74344635009766
2014-09-19,73.74344635009766
2014-09-22,73.74344635009766
2014-09-23,73.74344635009766
2014-09-24,73.74344635009766
2014-09-25,73.74344635009766
2014-09-26,73.74344635009766
2014-09-29,73.72735595703125
2014-09-30,73.74344635009766
2014-10-01,73.74344635009766
2014-10-02,73.74344635009766
2014-10-03,73.71123504638672
2014-10-06,73.71123504638672
2014-10-07,73.72735595703125
2014-10-08,73.72735595703125
2014-10-09,73.72735595703125
2014-10-10,73.72735595703125
2014-10-13,73.72735595703125
2014-10-14,73.71123504638672
2014-10-15,73.71123504638672
2014-10-16,73.72735595703125
2014-10-17,73.72735595703125
2014-10-20,73.72735595703125
2014-10-21,73.71123504638672
2014-10-22,73.72735595703125
2014-10-23,73.71123504638672
2014-10-24,73.71123504638672
2014-10-27,73.71123504638672
2014-10-28,73.71123504638672
2014-10-29,73.72735595703125
2014-10-30,73.71123504638672
2014-10-31,73.72735595703125
2014-11-03,73.71123504638672
2014-11-04,73.72735595703125
2014-11-05,73.71123504638672
2014-11-06,73.72735595703125
2014-11-07,73.71123504638672
2014-11-10,73.72735595703125
2014-11-11,73.72735595703125
2014-11-12,73.72735595703125
2014-11-13,73.71123504638672
2014-11-14,73.71123504638672
2014-11-17,73.72735595703125
2014-11-18,73.71123504638672
2014-11-19,73.71123504638672
2014-11-20,73.71123504638672
2014-11-21,73.71123504638672
2014-11-24,73.72735595703125
2014-11-25,73.72735595703125
2014-11-26,73.71123504638672
2014-11-28,73.72735595703125
2014-12-01,73.71123504638672
2014-12-02,73.71123504638672
2014-12-03,73.71123504638672
2014-12-04,73.71123504638672
2014-12-05,73.72735595703125
2014-12-08,73.72735595703125
2014-12-09,73.71123504638672
2014-12-10,73.71123504638672
2014-12-11,73.71123504638672
2014-12-12,73.72735595703125
2014-12-15,73.69512176513672
2014-12-16,73.69512176513672
2014-12-17,73.69512176513672
2014-12-18,73.71123504638672
2014-12-19,73.69512176513672
2014-12-22,73.69512176513672
2014-12-23,73.69512176513672
2014-12-24,73.71123504638672
2014-12-26,73.69512176513672
2014-12-29,73.69512176513672
2014-12-30,73.69512176513672
2014-12-31,73.71123504638672
2015-01-02,73.69512176513672
2015-01-05,73.71123504638672
2015-01-06,73.69512176513672
2015-01-07,73.69512176513672
2015-01-08,73.69512176513672
2015-01-09,73.69512176513672
2015-01-12,73.69512176513672
2015-01-13,73.69512176513672
2015-01-14,73.69512176513672
2015-01-15,73.69512176513672
2015-01-16,73.69512176513672
2015-01-20,73.69512176513672
2015-01-21,73.71123504638672
2015-01-22,73.69512176513672
2015-01-23,73.71123504638672
2015-01-26,73.71123504638672
2015-01-27,73.71123504638672
2015-01-28,73.69512176513672
2015-01-29,73.69512176513672
2015-01-30,73.69512176513672
2015-02-02,73.69512176513672
2015-02-03,73.71123504638672
2015-02-04,73.69512176513672
2015-02-05,73.69512176513672
2015-02-06,73.69512176513672
2015-02-09,73.67903137207031
2015-02-10,73.69512176513672
2015-02-11,73.67903137207031
2015-02-12,73.67903137207031
2015-02-13,73.69512176513672
2015-02-17,73.69512176513672
2015-02-18,73.69512176513672
2015-02-19,73.69512176513672
2015-02-20,73.67903137207031
2015-02-23,73.69512176513672
2015-02-24,73.67903137207031
2015-02-25,73.69512176513672
2015-02-26,73.67903137207031
2015-02-27,73.69512176513672
2015-03-02,73.67903137207031
2015-03-03,73.69512176513672
2015-03-04,73.69512176513672
2015-03-05,73.69512176513672
2015-03-06,73.67903137207031
2015-03-09,73.69512176513672
2015-03-10,73.69512176513672
2015-03-11,73.69512176513672
2015-03-12,73.67903137207031
2015-03-13,73.69512176513672
2015-03-16,73.69512176513672
2015-03-17,73.69512176513672
2015-03-18,73.69512176513672
2015-03-19,73.69512176513672
2015-03-20,73.69512176513672
2015-03-23,73.67903137207031
2015-03-24,73.69512176513672
2015-03-25,73.67903137207031
2015-03-26,73.67903137207031
2015-03-27,73.67903137207031
2015-03-30,73.66288757324219
2015-03-31,73.69512176513672
2015-04-01,73.66288757324219
2015-04-02,73.67903137207031
2015-04-06,73.67903137207031
2015-04-07,73.69512176513672
2015-04-08,73.69512176513672
2015-04-09,73.67903137207031
2015-04-10,73.67903137207031
2015-04-13,73.66288757324219
2015-04-14,73.67903137207031
2015-04-15,73.66288757324219
2015-04-16,73.67903137207031
2015-04-17,73.66288757324219
2015-04-20,73.66288757324219
2015-04-21,73.67903137207031
2015-04-22,73.66288757324219
2015-04-23,73.66288757324219
2015-04-24,73.66288757324219
2015-04-27,73.67903137207031
2015-04-28,73.67903137207031
2015-04-29,73.67903137207031
2015-04-30,73.67903137207031
2015-05-01,73.66288757324219
2015-05-04,73.67903137207031
2015-05-05,73.67903137207031
2015-05-06,73.67903137207031
2015-05-07,73.66288757324219
2015-05-08,73.67903137207031
2015-05-11,73.66288757324219
2015-05-12,73.67903137207031
2015-05-13,73.67903137207031
2015-05-14,73.66288757324219
2015-05-15,73.66288757324219
2015-05-18,73.66288757324219
2015-05-19,73.66288757324219
2015-05-20,73.66288757324219
2015-05-21,73.67903137207031
2015-05-22,73.67903137207031
2015-05-26,73.67903137207031
2015-05-27,73.67903137207031
2015-05-28,73.66288757324219
2015-05-29,73.66288757324219
2015-06-01,73.66288757324219
2015-06-02,73.67903137207031
2015-06-03,73.67903137207031
2015-06-04,73.66288757324219
2015-06-05,73.66288757324219
2015-06-08,73.64677429199219
2015-06-09,73.64677429199219
2015-06-10,73.66288757324219
2015-06-11,73.67903137207031
2015-06-12,73.66288757324219
2015-06-15,73.67903137207031
2015-06-16,73.64677429199219
2015-06-17,73.67903137207031
2015-06-18,73.64677429199219
2015-06-19,73.64677429199219
2015-06-22,73.66288757324219
2015-06-23,73.64677429199219
2015-06-24,73.64677429199219
2015-06-25,73.66288757324219
2015-06-26,73.64677429199219
2015-06-29,73.66288757324219
2015-06-30,73.66288757324219
2015-07-01,73.66288757324219
2015-07-02,73.66288757324219
2015-07-06,73.66288757324219
2015-07-07,73.64677429199219
2015-07-08,73.64677429199219
2015-07-09,73.64677429199219
2015-07-10,73.64677429199219
2015-07-13,73.64677429199219
2015-07-14,73.66288757324219
2015-07-15,73.64677429199219
2015-07-16,73.64677429199219
2015-07-17,73.66288757324219
2015-07-20,73.64677429199219
2015-07-21,73.66288757324219
2015-07-22,73.64677429199219
2015-07-23,73.64677429199219
2015-07-24,73.66288757324219
2015-07-27,73.64677429199219
2015-07-28,73.64677429199219
2015-07-29,73.66288757324219
2015-07-30,73.66288757324219
2015-07-31,73.66288757324219
2015-08-03,73.66288757324219
2015-08-04,73.64677429199219
2015-08-05,73.64677429199219
2015-08-06,73.64677429199219
2015-08-07,73.64677429199219
2015-08-10,73.66288757324219
2015-08-11,73.64677429199219
2015-08-12,73.64677429199219
2015-08-13,73.64677429199219
2015-08-14,73.63064575195312
2015-08-17,73.63064575195312
2015-08-18,73.64677429199219
2015-08-19,73.66288757324219
2015-08-20,73.64677429199219
2015-08-21,73.64677429199219
2015-08-24,73.64677429199219
2015-08-25,73.64677429199219
2015-08-26,73.66288757324219
2015-08-27,73.64677429199219
2015-08-28,73.66288757324219
2015-08-31,73.66288757324219
2015-09-01,73.66288757324219
2015-09-02,73.64677429199219
2015-09-03,73.66288757324219
2015-09-04,73.64677429199219
2015-09-08,73.64677429199219
2015-09-09,73.64677429199219
2015-09-10,73.63064575195312
2015-09-11,73.64677429199219
2015-09-14,73.64677429199219
2015-09-15,73.63064575195312
2015-09-16,73.63064575195312
2015-09-17,73.63064575195312
2015-09-18,73.63064575195312
2015-09-21,73.64677429199219
2015-09-22,73.64677429199219
2015-09-23,73.63064575195312
2015-09-24,73.63064575195312
2015-09-25,73.63064575195312
2015-09-28,73.64677429199219
2015-09-29,73.64677429199219
2015-09-30,73.63064575195312
2015-10-01,73.64677429199219
2015-10-02,73.64677429199219
2015-10-05,73.63064575195312
2015-10-06,73.63064575195312
2015-10-07,73.63064575195312
2015-10-08,73.63064575195312
2015-10-09,73.63064575195312
2015-10-12,73.63064575195312
2015-10-13,73.63064575195312
2015-10-14,73.63064575195312
2015-10-15,73.63064575195312
2015-10-16,73.63064575195312
2015-10-19,73.63064575195312
2015-10-20,73.61453247070312
2015-10-21,73.63064575195312
2015-10-22,73.63064575195312
2015-10-23,73.63064575195312
2015-10-26,73.61453247070312
2015-10-27,73.61453247070312
2015-10-28,73.61453247070312
2015-10-29,73.61453247070312
2015-10-30,73.61453247070312
2015-11-02,73.61453247070312
2015-11-03,73.63064575195312
2015-11-04,73.61453247070312
2015-11-05,73.61453247070312
2015-11-06,73.61453247070312
2015-11-09,73.63064575195312
2015-11-10,73.61453247070312
2015-11-11,73.63064575195312
2015-11-12,73.63064575195312
2015-11-13,73.61453247070312
2015-11-16,73.63064575195312
2015-11-17,73.61453247070312
2015-11-18,73.61453247070312
2015-11-19,73.63064575195312
2015-11-20,73.61453247070312
2015-11-23,73.63064575195312
2015-11-24,73.61453247070312
2015-11-25,73.61453247070312
2015-11-27,73.63064575195312
2015-11-30,73.63064575195312
2015-12-01,73.61453247070312
2015-12-02,73.61453247070312
2015-12-03,73.63064575195312
2015-12-04,73.63064575195312
2015-12-07,73.63064575195312
2015-12-08,73.61453247070312
2015-12-09,73.59840393066406
2015-12-10,73.61453247070312
2015-12-11,73.63064575195312
2015-12-14,73.63064575195312
2015-12-15,73.61453247070312
2015-12-16,73.63064575195312
2015-12-17,73.61453247070312
2015-12-18,73.63064575195312
2015-12-21,73.61453247070312
2015-12-22,73.61453247070312
2015-12-23,73.61453247070312
2015-12-24,73.63064575195312
2015-12-28,73.61453247070312
2015-12-29,73.61453247070312
2015-12-30,73.63064575195312
2015-12-31,73.61453247070312
2016-01-04,73.63064575195312
2016-01-05,73.63064575195312
2016-01-06,73.59840393066406
2016-01-07,73.61453247070312
2016-01-08,73.61453247070312
2016-01-11,73.61453247070312
2016-01-12,73.63064575195312
2016-01-13,73.61453247070312
2016-01-14,73.59840393066406
2016-01-15,73.59840393066406
2016-01-19,73.61453247070312
2016-01-20,73.61453247070312
2016-01-21,73.63064575195312
2016-01-22,73.59840393066406
2016-01-25,73.61453247070312
2016-01-26,73.59840393066406
2016-01-27,73.61453247070312
2016-01-28,73.61453247070312
2016-01-29,73.63064575195312
2016-02-01,73.59840393066406
2016-02-02,73.59840393066406
2016-02-03,73.61453247070312
2016-02-04,73.63064575195312
2016-02-05,73.63064575195312
2016-02-08,73.61453247070312
2016-02-09,73.63064575195312
2016-02-10,73.61453247070312
2016-02-11,73.63064575195312
2016-02-12,73.61453247070312
2016-02-16,73.61453247070312
2016-02-17,73.61453247070312
2016-02-18,73.63064575195312
2016-02-19,73.63064575195312
2016-02-22,73.63064575195312
2016-02-23,73.61453247070312
2016-02-24,73.63064575195312
2016-02-25,73.61453247070312
2016-02-26,73.61453247070312
2016-02-29,73.63064575195312
2016-03-01,73.63064575195312
2016-03-02,73.61453247070312
2016-03-03,73.63064575195312
2016-03-04,73.63064575195312
2016-03-07,73.63064575195312
2016-03-08,73.61453247070312
2016-03-09,73.63064575195312
2016-03-10,73.63064575195312
2016-03-11,73.61453247070312
2016-03-14,73.61453247070312
2016-03-15,73.61453247070312
2016-03-16,73.63064575195312
2016-03-17,73.61453247070312
2016-03-18,73.61453247070312
2016-03-21,73.63064575195312
2016-03-22,73.63064575195312
2016-03-23,73.61453247070312
2016-03-24,73.63064575195312
2016-03-28,73.63064575195312
2016-03-29,73.63064575195312
2016-03-30,73.63064575195312
2016-03-31,73.63064575195312
2016-04-01,73.63064575195312
2016-04-04,73.63064575195312
2016-04-05,73.64677429199219
2016-04-06,73.64677429199219
2016-04-07,73.63064575195312
2016-04-08,73.64677429199219
2016-04-11,73.63064575195312
2016-04-12,73.63064575195312
2016-04-13,73.64677429199219
2016-04-14,73.64677429199219
2016-04-15,73.63064575195312
2016-04-18,73.64677429199219
2016-04-19,73.64677429199219
2016-04-20,73.64677429199219
2016-04-21,73.63064575195312
2016-04-22,73.64677429199219
2016-04-25,73.63064575195312
2016-04-26,73.64677429199219
2016-04-27,73.64677429199219
2016-04-28,73.64677429199219
2016-04-29,73.66288757324219
2016-05-02,73.64677429199219
2016-05-03,73.66288757324219
2016-05-04,73.64677429199219
2016-05-05,73.64677429199219
2016-05-06,73.66288757324219
2016-05-09,73.66288757324219
2016-05-10,73.66288757324219
2016-05-11,73.63064575195312
2016-05-12,73.63064575195312
2016-05-13,73.63064575195312
2016-05-16,73.63064575195312
2016-05-17,73.63064575195312
2016-05-18,73.64677429199219
2016-05-19,73.63064575195312
2016-05-20,73.64677429199219
2016-05-23,73.66288757324219
2016-05-24,73.63064575195312
2016-05-25,73.64677429199219
2016-05-26,73.64677429199219
2016-05-27,73.66288757324219
2016-05-31,73.66288757324219
2016-06-01,73.66288757324219
2016-06-02,73.64677429199219
2016-06-03,73.66288757324219
2016-06-06,73.67903137207031
2016-06-07,73.67903137207031
2016-06-08,73.67903137207031
2016-06-09,73.64677429199219
2016-06-10,73.64677429199219
2016-06-13,73.64677429199219
2016-06-14,73.64677429199219
2016-06-15,73.64677429199219
2016-06-16,73.66288757324219
2016-06-17,73.64677429199219
2016-06-20,73.66288757324219
2016-06-21,73.66288757324219
2016-06-22,73.66288757324219
2016-06-23,73.66288757324219
2016-06-24,73.64677429199219
2016-06-27,73.64677429199219
2016-06-28,73.64677429199219
2016-06-29,73.64677429199219
2016-06-30,73.64677429199219
2016-07-01,73.67903137207031
2016-07-05,73.67903137207031
2016-07-06,73.66288757324219
2016-07-07,73.67903137207031
2016-07-08,73.66288757324219
2016-07-11,73.67903137207031
2016-07-12,73.64677429199219
2016-07-13,73.66288757324219
2016-07-14,73.67903137207031
2016-07-15,73.66288757324219
2016-07-18,73.66288757324219
2016-07-19,73.67903137207031
2016-07-20,73.67903137207031
2016-07-21,73.67903137207031
2016-07-22,73.67903137207031
2016-07-25,73.66288757324219
2016-07-26,73.66288757324219
2016-07-27,73.67903137207031
2016-07-28,73.66288757324219
2016-07-29,73.67903137207031
2016-08-01,73.66288757324219
2016-08-02,73.67903137207031
2016-08-03,73.66288757324219
2016-08-04,73.66288757324219
2016-08-05,73.66288757324219
2016-08-08,73.66288757324219
2016-08-09,73.66288757324219
2016-08-10,73.66288757324219
2016-08-11,73.66288757324219
2016-08-12,73.66288757324219
2016-08-15,73.66288757324219
2016-08-16,73.66288757324219
2016-08-17,73.66288757324219
2016-08-18,73.67903137207031
2016-08-19,73.66288757324219
2016-08-22,73.66288757324219
2016-08-23,73.66288757324219
2016-08-24,73.67903137207031
2016-08-25,73.66288757324219
2016-08-26,73.66288757324219
2016-08-29,73.67903137207031
2016-08-30,73.67903137207031
2016-08-31,73.67903137207031
2016-09-01,73.67903137207031
2016-09-02,73.69512176513672
2016-09-06,73.69512176513672
2016-09-07,73.67903137207031
2016-09-08,73.67903137207031
2016-09-09,73.69512176513672
2016-09-12,73.66288757324219
2016-09-13,73.67903137207031
2016-09-14,73.67903137207031
2016-09-15,73.67903137207031
2016-09-16,73.67903137207031
2016-09-19,73.67903137207031
2016-09-20,73.67903137207031
2016-09-21,73.67903137207031
2016-09-22,73.69512176513672
2016-09-23,73.69512176513672
2016-09-26,73.69512176513672
2016-09-27,73.67903137207031
2016-09-28,73.67903137207031
2016-09-29,73.67903137207031
2016-09-30,73.69512176513672
2016-10-03,73.67903137207031
2016-10-04,73.69512176513672
2016-10-05,73.69512176513672
2016-10-06,73.69512176513672
2016-10-07,73.69512176513672
2016-10-10,73.69512176513672
2016-10-11,73.67903137207031
2016-10-12,73.69512176513672
2016-10-13,73.67903137207031
2016-10-14,73.67903137207031
2016-10-17,73.67903137207031
2016-10-18,73.67903137207031
2016-10-19,73.69512176513672
2016-10-20,73.67903137207031
2016-10-21,73.67903137207031
2016-10-24,73.67903137207031
2016-10-25,73.67903137207031
2016-10-26,73.69512176513672
2016-10-27,73.67903137207031
2016-10-28,73.69512176513672
2016-10-31,73.71123504638672
2016-11-01,73.69512176513672
2016-11-02,73.71123504638672
2016-11-03,73.69512176513672
2016-11-04,73.71123504638672
2016-11-07,73.69512176513672
2016-11-08,73.71123504638672
2016-11-09,73.67903137207031
2016-11-10,73.67903137207031
2016-11-11,73.64677429199219
2016-11-14,73.67903137207031
2016-11-15,73.69512176513672
2016-11-16,73.69512176513672
2016-11-17,73.71123504638672
2016-11-18,73.69512176513672
2016-11-21,73.67903137207031
2016-11-22,73.67903137207031
2016-11-23,73.67903137207031
2016-11-25,73.69512176513672
2016-11-28,73.67903137207031
2016-11-29,73.67903137207031
2016-11-30,73.67903137207031
2016-12-01,73.71285247802734
2016-12-02,73.69673919677734
2016-12-05,73.69673919677734
2016-12-06,73.71285247802734
2016-12-07,73.71285247802734
2016-12-08,73.71285247802734
2016-12-09,73.71285247802734
2016-12-12,73.69673919677734
2016-12-13,73.71285247802734
2016-12-14,73.71285247802734
2016-12-15,73.71285247802734
2016-12-16,73.69673919677734
2016-12-19,73.71285247802734
2016-12-20,73.69673919677734
2016-12-21,73.71285247802734
2016-12-22,73.69673919677734
2016-12-23,73.69673919677734
2016-12-27,73.71285247802734
2016-12-28,73.71125793457031
2016-12-29,73.72737121582031
2016-12-30,73.69514465332031
2017-01-03,73.72737121582031
2017-01-04,73.72737121582031
2017-01-05,73.71125793457031
2017-01-06,73.72737121582031
2017-01-09,73.72737121582031
2017-01-10,73.71125793457031
2017-01-11,73.72737121582031
2017-01-12,73.72737121582031
2017-01-13,73.72737121582031
2017-01-17,73.72737121582031
2017-01-18,73.71125793457031
2017-01-19,73.71125793457031
2017-01-20,73.72737121582031
2017-01-23,73.71125793457031
2017-01-24,73.71125793457031
2017-01-25,73.72737121582031
2017-01-26,73.74352264404297
2017-01-27,73.71125793457031
2017-01-30,73.74352264404297
2017-01-31,73.72737121582031
2017-02-01,73.73221588134766
2017-02-02,73.73221588134766
2017-02-03,73.71610260009766
2017-02-06,73.74835968017578
2017-02-07,73.74835968017578
2017-02-08,73.74835968017578
2017-02-09,73.74835968017578
2017-02-10,73.73221588134766
2017-02-13,73.73221588134766
2017-02-14,73.74835968017578
2017-02-15,73.73221588134766
2017-02-16,73.73221588134766
2017-02-17,73.74835968017578
2017-02-21,73.73221588134766
2017-02-22,73.73221588134766
2017-02-23,73.73221588134766
2017-02-24,73.73221588134766
2017-02-27,73.73221588134766
2017-02-28,73.76447296142578
2017-03-01,73.7354736328125
2017-03-02,73.7354736328125
2017-03-03,73.7515640258789
2017-03-06,73.76769256591797
2017-03-07,73.7354736328125
2017-03-08,73.7354736328125
2017-03-09,73.7354736328125
2017-03-10,73.7515640258789
2017-03-13,73.7354736328125
2017-03-14,73.7354736328125
2017-03-15,73.7515640258789
2017-03-16,73.76769256591797
2017-03-17,73.76769256591797
2017-03-20,73.7515640258789
2017-03-21,73.76769256591797
2017-03-22,73.76769256591797
2017-03-23,73.7515640258789
2017-03-24,73.76769256591797
2017-03-27,73.76769256591797
2017-03-28,73.76769256591797
2017-03-29,73.76769256591797
2017-03-30,73.76769256591797
2017-03-31,73.7515640258789
2017-04-03,73.7580337524414
2017-04-04,73.7580337524414
2017-04-05,73.7580337524414
2017-04-06,73.7580337524414
2017-04-07,73.7580337524414
2017-04-10,73.7580337524414
2017-04-11,73.77417755126953
2017-04-12,73.7580337524414
2017-04-13,73.77417755126953
2017-04-17,73.77417755126953
2017-04-18,73.79029846191406
2017-04-19,73.79029846191406
2017-04-20,73.79029846191406
2017-04-21,73.79029846191406
2017-04-24,73.77417755126953
2017-04-25,73.77417755126953
2017-04-26,73.79029846191406
2017-04-27,73.77417755126953
2017-04-28,73.80647277832031
2017-05-01,73.8016128540039
2017-05-02,73.78545379638672
2017-05-03,73.78545379638672
2017-05-04,73.8016128540039
2017-05-05,73.78545379638672
2017-05-08,73.8016128540039
2017-05-09,73.8016128540039
2017-05-10,73.81774139404297
2017-05-11,73.81774139404297
2017-05-12,73.8016128540039
2017-05-15,73.81774139404297
2017-05-16,73.81774139404297
2017-05-17,73.83392333984375
2017-05-18,73.83392333984375
2017-05-19,73.81774139404297
2017-05-22,73.83392333984375
2017-05-23,73.83392333984375
2017-05-24,73.81774139404297
2017-05-25,73.83392333984375
2017-05-26,73.85005187988281
2017-05-30,73.81774139404297
2017-05-31,73.81774139404297
2017-06-01,73.84522247314453
2017-06-02,73.82905578613281
2017-06-05,73.84522247314453
2017-06-06,73.82905578613281
2017-06-07,73.86136627197266
2017-06-08,73.84522247314453
2017-06-09,73.86136627197266
2017-06-12,73.84522247314453
2017-06-13,73.86136627197266
2017-06-14,73.84522247314453
2017-06-15,73.84522247314453
2017-06-16,73.87754821777344
2017-06-19,73.86136627197266
2017-06-20,73.86136627197266
2017-06-21,73.87754821777344
2017-06-22,73.8936996459961
2017-06-23,73.87754821777344
2017-06-26,73.86136627197266
2017-06-27,73.86136627197266
2017-06-28,73.8936996459961
2017-06-29,73.87754821777344
2017-06-30,73.8936996459961
2017-07-03,73.90174102783203
2017-07-05,73.88561248779297
2017-07-06,73.90174102783203
2017-07-07,73.90174102783203
2017-07-10,73.90174102783203
2017-07-11,73.90174102783203
2017-07-12,73.88561248779297
2017-07-13,73.88561248779297
2017-07-14,73.91792297363281
2017-07-17,73.90174102783203
2017-07-18,73.90174102783203
2017-07-19,73.90174102783203
2017-07-20,73.90174102783203
2017-07-21,73.90174102783203
2017-07-24,73.90174102783203
2017-07-25,73.90174102783203
2017-07-26,73.91792297363281
2017-07-27,73.93409729003906
2017-07-28,73.91792297363281
2017-07-31,73.91792297363281
2017-08-01,73.93734741210938
2017-08-02,73.95352935791016
2017-08-03,73.95352935791016
2017-08-04,73.95352935791016
2017-08-07,73.95352935791016
2017-08-08,73.95352935791016
2017-08-09,73.95352935791016
2017-08-10,73.95352935791016
2017-08-11,73.96968841552734
2017-08-14,73.95352935791016
2017-08-15,73.96968841552734
2017-08-16,73.95352935791016
2017-08-17,73.96968841552734
2017-08-18,73.95352935791016
2017-08-21,73.96968841552734
2017-08-22,73.98588562011719
2017-08-23,73.98588562011719
2017-08-24,73.98588562011719
2017-08-25,73.96968841552734
2017-08-28,73.98588562011719
2017-08-29,73.98588562011719
2017-08-30,73.98588562011719
2017-08-31,74.0020523071289
2017-09-01,74.00691223144531
2017-09-05,73.97450256347656
2017-09-06,74.00691223144531
2017-09-07,74.00691223144531
2017-09-08,73.99072265625
2017-09-11,73.99072265625
2017-09-12,74.02308654785156
2017-09-13,74.02308654785156
2017-09-14,74.00691223144531
2017-09-15,74.00691223144531
2017-09-18,74.00691223144531
2017-09-19,74.03929138183594
2017-09-20,74.03929138183594
2017-09-21,74.03929138183594
2017-09-22,74.03929138183594
2017-09-25,74.03929138183594
2017-09-26,74.03929138183594
2017-09-27,74.03929138183594
2017-09-28,74.02308654785156
2017-09-29,74.05547332763672
2017-10-02,74.05868530273438
2017-10-03,74.05868530273438
2017-10-04,74.04253387451172
2017-10-05,74.05868530273438
2017-10-06,74.04253387451172
2017-10-09,74.04253387451172
2017-10-10,74.04253387451172
2017-10-11,74.04253387451172
2017-10-12,74.07489013671875
2017-10-13,74.07489013671875
2017-10-16,74.05868530273438
2017-10-17,74.07489013671875
2017-10-18,74.07489013671875
2017-10-19,74.07489013671875
2017-10-20,74.0910873413086
2017-10-23,74.07489013671875
2017-10-24,74.1073226928711
2017-10-25,74.1073226928711
2017-10-26,74.1073226928711
2017-10-27,74.1073226928711
2017-10-30,74.0910873413086
2017-10-31,74.1073226928711
2017-11-01,74.11541748046875
2017-11-02,74.09918975830078
2017-11-03,74.09918975830078
2017-11-06,74.11541748046875
2017-11-07,74.11541748046875
2017-11-08,74.11541748046875
2017-11-09,74.09918975830078
2017-11-10,74.11541748046875
2017-11-13,74.11541748046875
2017-11-14,74.11541748046875
2017-11-15,74.11541748046875
2017-11-16,74.13159942626953
2017-11-17,74.11541748046875
2017-11-20,74.13159942626953
2017-11-21,74.1478042602539
2017-11-22,74.1478042602539
2017-11-24,74.13159942626953
2017-11-27,74.13159942626953
2017-11-28,74.16402435302734
2017-11-29,74.1478042602539
2017-11-30,74.1478042602539
2017-12-01,74.15269470214844
2017-12-04,74.16081237792969
2017-12-05,74.16889190673828
2017-12-06,74.16081237792969
2017-12-07,74.16889190673828
2017-12-08,74.17700958251953
2017-12-11,74.16889190673828
2017-12-12,74.17700958251953
2017-12-13,74.16889190673828
2017-12-14,74.17700958251953
2017-12-15,74.18512725830078
2017-12-18,74.19322967529297
2017-12-19,74.19486999511719
2017-12-20,74.19486999511719
2017-12-21,74.19486999511719
2017-12-22,74.21112060546875
2017-12-26,74.20296478271484
2017-12-27,74.21923828125
2017-12-28,74.21923828125
2017-12-29,74.20296478271484
2018-01-02,74.21112060546875
2018-01-03,74.22735595703125
2018-01-04,74.23542785644531
2018-01-05,74.23542785644531
2018-01-08,74.2435302734375
2018-01-09,74.2435302734375
2018-01-10,74.2435302734375
2018-01-11,74.23542785644531
2018-01-12,74.25983428955078
2018-01-16,74.2435302734375
2018-01-17,74.25983428955078
2018-01-18,74.25983428955078
2018-01-19,74.26793670654297
2018-01-22,74.27603149414062
2018-01-23,74.27603149414062
2018-01-24,74.28414916992188
2018-01-25,74.28414916992188
2018-01-26,74.3004150390625
2018-01-29,74.28414916992188
2018-01-30,74.29232788085938
2018-01-31,74.3004150390625
2018-02-01,74.29719543457031
2018-02-02,74.30525970458984
2018-02-05,74.29719543457031
2018-02-06,74.30525970458984
2018-02-07,74.31342315673828
2018-02-08,74.30525970458984
2018-02-09,74.32152557373047
2018-02-12,74.32152557373047
2018-02-13,74.32152557373047
2018-02-14,74.32152557373047
2018-02-15,74.32965850830078
2018-02-16,74.33781433105469
2018-02-20,74.33781433105469
2018-02-21,74.32965850830078
2018-02-22,74.33781433105469
2018-02-23,74.35405731201172
2018-02-26,74.33781433105469
2018-02-27,74.35405731201172
2018-02-28,74.3621597290039
2018-03-01,74.36947631835938
2018-03-02,74.37760162353516
2018-03-05,74.37760162353516
2018-03-06,74.37760162353516
2018-03-07,74.37760162353516
2018-03-08,74.36947631835938
2018-03-09,74.38573455810547
2018-03-12,74.39387512207031
2018-03-13,74.39387512207031
2018-03-14,74.39387512207031
2018-03-15,74.38573455810547
2018-03-16,74.40201568603516
2018-03-19,74.40201568603516
2018-03-20,74.39387512207031
2018-03-21,74.41014862060547
2018-03-22,74.41828155517578
2018-03-23,74.42642211914062
2018-03-26,74.41828155517578
2018-03-27,74.43453979492188
2018-03-28,74.44270324707031
2018-03-29,74.45893096923828
2018-04-02,74.4548568725586
2018-04-03,74.44676208496094
2018-04-04,74.46302032470703
2018-04-05,74.47114562988281
2018-04-06,74.47114562988281
2018-04-09,74.47929382324219
2018-04-10,74.47114562988281
2018-04-11,74.48745727539062
2018-04-12,74.48745727539062
2018-04-13,74.48745727539062
2018-04-16,74.50373077392578
2018-04-17,74.50373077392578
2018-04-18,74.4955825805664
2018-04-19,74.51187133789062
2018-04-20,74.51187133789062
2018-04-23,74.51187133789062
2018-04-24,74.52000427246094
2018-04-25,74.52818298339844
2018-04-26,74.5362777709961
2018-04-27,74.54443359375
2018-04-30,74.5362777709961
2018-05-01,74.54199981689453
2018-05-02,74.55015563964844
2018-05-03,74.55015563964844
2018-05-04,74.56644439697266
2018-05-07,74.56644439697266
2018-05-08,74.57462310791016
2018-05-09,74.57462310791016
2018-05-10,74.57462310791016
2018-05-11,74.57462310791016
2018-05-14,74.57462310791016
2018-05-15,74.59092712402344
2018-05-16,74.59907531738281
2018-05-17,74.59907531738281
2018-05-18,74.60721588134766
2018-05-21,74.60721588134766
2018-05-22,74.60721588134766
2018-05-23,74.61540222167969
2018-05-24,74.63166046142578
2018-05-25,74.63984680175781
2018-05-29,74.63984680175781
2018-05-30,74.63166046142578
2018-05-31,74.64795684814453
2018-06-01,74.65288543701172
2018-06-04,74.66102600097656
2018-06-05,74.66102600097656
2018-06-06,74.65288543701172
2018-06-07,74.66102600097656
2018-06-08,74.67738342285156
2018-06-11,74.6855239868164
2018-06-12,74.6855239868164
2018-06-13,74.67738342285156
2018-06-14,74.70187377929688
2018-06-15,74.70187377929688
2018-06-18,74.69369506835938
2018-06-19,74.70999908447266
2018-06-20,74.70187377929688
2018-06-21,74.70999908447266
2018-06-22,74.71820831298828
2018-06-25,74.73450469970703
2018-06-26,74.72634887695312
2018-06-27,74.74264526367188
2018-06-28,74.74264526367188
2018-06-29,74.7590103149414
2018-07-02,74.74835968017578
2018-07-03,74.76470184326172
2018-07-05,74.76470184326172
2018-07-06,74.78108978271484
2018-07-09,74.78108978271484
2018-07-10,74.78922271728516
2018-07-11,74.78922271728516
2018-07-12,74.78922271728516
2018-07-13,74.79743194580078
2018-07-16,74.80561828613281
2018-07-17,74.80561828613281
2018-07-18,74.81375885009766
2018-07-19,74.82197570800781
2018-07-20,74.83012390136719
2018-07-23,74.82197570800781
2018-07-24,74.83827209472656
2018-07-25,74.83012390136719
2018-07-26,74.83827209472656
2018-07-27,74.8546371459961
2018-07-30,74.84644317626953
2018-07-31,74.86283874511719
2018-08-01,74.86691284179688
2018-08-02,74.87507629394531
2018-08-03,74.87507629394531
2018-08-06,74.8833236694336
2018-08-07,74.89148712158203
2018-08-08,74.8833236694336
2018-08-09,74.89148712158203
2018-08-10,74.90786743164062
2018-08-13,74.91605377197266
2018-08-14,74.89964294433594
2018-08-15,74.91605377197266
2018-08-16,74.91605377197266
2018-08-17,74.92420959472656
2018-08-20,74.92420959472656
2018-08-21,74.93241882324219
2018-08-22,74.93241882324219
2018-08-23,74.95695495605469
2018-08-24,74.95695495605469
2018-08-27,74.96516418457031
2018-08-28,74.96516418457031
2018-08-29,74.95695495605469
2018-08-30,74.98971557617188
2018-08-31,74.98149871826172
2018-09-04,74.98811340332031
2018-09-05,74.9798812866211
2018-09-06,74.99629211425781
2018-09-07,75.0126953125
2018-09-10,75.0126953125
2018-09-11,75.02088165283203
2018-09-12,75.02088165283203
2018-09-13,75.02088165283203
2018-09-14,75.02908325195312
2018-09-17,75.04548645019531
2018-09-18,75.04548645019531
2018-09-19,75.04548645019531
2018-09-20,75.06188201904297
2018-09-21,75.06188201904297
2018-09-24,75.07008361816406
2018-09-25,75.07008361816406
2018-09-26,75.07008361816406
2018-09-27,75.08648681640625
2018-09-28,75.08648681640625
2018-10-01,75.09138488769531
2018-10-02,75.0996322631836
2018-10-03,75.0996322631836
2018-10-04,75.11604309082031
2018-10-05,75.12425994873047
2018-10-08,75.12425994873047
2018-10-09,75.11604309082031
2018-10-10,75.13248443603516
2018-10-11,75.14066314697266
2018-10-12,75.14066314697266
2018-10-15,75.14889526367188
2018-10-16,75.15709686279297
2018-10-17,75.15709686279297
2018-10-18,75.15709686279297
2018-10-19,75.16533660888672
2018-10-22,75.18171691894531
2018-10-23,75.18171691894531
2018-10-24,75.1899642944336
2018-10-25,75.19818878173828
2018-10-26,75.20641326904297
2018-10-29,75.20641326904297
2018-10-30,75.20641326904297
2018-10-31,75.21455383300781
2018-11-01,75.23104095458984
2018-11-02,75.23104095458984
2018-11-05,75.2392578125
2018-11-06,75.2392578125
2018-11-07,75.24750518798828
2018-11-08,75.2557144165039
2018-11-09,75.27217102050781
2018-11-12,75.26395416259766
2018-11-13,75.27217102050781
2018-11-14,75.26395416259766
2018-11-15,75.28863525390625
2018-11-16,75.29685974121094
2018-11-19,75.28863525390625
2018-11-20,75.30506134033203
2018-11-21,75.32154846191406
2018-11-23,75.32154846191406
2018-11-26,75.32976531982422
2018-11-27,75.32976531982422
2018-11-28,75.33792877197266
2018-11-29,75.34619140625
2018-11-30,75.35443878173828
2018-12-03,75.35193634033203
2018-12-04,75.36019134521484
2018-12-06,75.37667846679688
2018-12-07,75.38491821289062
2018-12-10,75.39317321777344
2018-12-11,75.38491821289062
2018-12-12,75.4013900756836
2018-12-13,75.40959167480469
2018-12-14,75.41787719726562
2018-12-17,75.42610931396484
2018-12-18,75.42610931396484
2018-12-19,75.41785430908203
2018-12-20,75.43437194824219
2018-12-21,75.4509048461914
2018-12-24,75.4591293334961
2018-12-26,75.4509048461914
2018-12-27,75.47562408447266
2018-12-28,75.4838638305664
2018-12-31,75.49214172363281
2019-01-02,75.4838638305664
2019-01-03,75.50867462158203
2019-01-04,75.51689910888672
2019-01-07,75.51689910888672
2019-01-08,75.51689910888672
2019-01-09,75.51689910888672
2019-01-10,75.52513885498047
2019-01-11,75.54163360595703
2019-01-14,75.53340911865234
2019-01-15,75.54994201660156
2019-01-16,75.55818939208984
2019-01-17,75.5746841430664
2019-01-18,75.5746841430664
2019-01-22,75.58294677734375
2019-01-23,75.58294677734375
2019-01-24,75.60770416259766
2019-01-25,75.59941864013672
2019-01-28,75.60770416259766
2019-01-29,75.60770416259766
2019-01-30,75.62419128417969
2019-01-31,75.62419128417969
2019-02-01,75.63162994384766
2019-02-04,75.6399154663086
2019-02-05,75.6399154663086
2019-02-06,75.65648651123047
2019-02-07,75.65648651123047
2019-02-08,75.6729965209961
2019-02-11,75.66473388671875
2019-02-12,75.68126678466797
2019-02-13,75.68126678466797
2019-02-14,75.69783782958984
2019-02-15,75.69783782958984
2019-02-19,75.71431732177734
2019-02-20,75.71431732177734
2019-02-21,75.72264099121094
2019-02-22,75.73918914794922
2019-02-25,75.73091888427734
2019-02-26,75.73918914794922
2019-02-27,75.74740600585938
2019-02-28,75.76397705078125
2019-03-01,75.77224731445312
2019-03-04,75.76397705078125
2019-03-05,75.77224731445312
2019-03-06,75.78053283691406
2019-03-07,75.797119140625
2019-03-08,75.80538940429688
2019-03-11,75.80538940429688
2019-03-12,75.81367492675781
2019-03-13,75.82196807861328
2019-03-14,75.82196807861328
2019-03-15,75.83023834228516
2019-03-18,75.83856201171875
2019-03-19,75.83856201171875
2019-03-20,75.83856201171875
2019-03-21,75.86341857910156
2019-03-22,75.86341857910156
2019-03-25,75.86341857910156
2019-03-26,75.87171936035156
2019-03-27,75.87999725341797
2019-03-28,75.89653778076172
2019-03-29,75.89653778076172
2019-04-01,75.90982818603516
2019-04-02,75.90151977539062
2019-04-03,75.90982818603516
2019-04-04,75.93473815917969
2019-04-05,75.93473815917969
2019-04-08,75.93473815917969
2019-04-09,75.94302368164062
2019-04-10,75.94302368164062
2019-04-11,75.96792602539062
2019-04-12,75.96792602539062
2019-04-15,75.97623443603516
2019-04-16,75.97623443603516
2019-04-17,75.99285888671875
2019-04-18,76.0011215209961
2019-04-22,76.0011215209961
2019-04-23,76.0011215209961
2019-04-24,76.01776123046875
2019-04-25,76.0343246459961
2019-04-26,76.02607727050781
2019-04-29,76.0343246459961
2019-04-30,76.04263305664062
2019-05-01,76.04595184326172
2019-05-02,76.05430603027344
2019-05-03,76.0625991821289
2019-05-06,76.07093811035156
2019-05-07,76.07925415039062
2019-05-08,76.07925415039062
2019-05-09,76.08757781982422
2019-05-10,76.10420227050781
2019-05-13,76.09588623046875
2019-05-14,76.10420227050781
2019-05-15,76.11253356933594
2019-05-16,76.12086486816406
2019-05-17,76.1291732788086
2019-05-20,76.13746643066406
2019-05-21,76.13746643066406
2019-05-22,76.15409088134766
2019-05-23,76.1707763671875
2019-05-24,76.1707763671875
2019-05-28,76.17902374267578
2019-05-29,76.17902374267578
2019-05-30,76.20401763916016
2019-05-31,76.20401763916016
2019-06-03,76.20067596435547
2019-06-04,76.21735382080078
2019-06-05,76.21735382080078
2019-06-06,76.24235534667969
2019-06-07,76.23403930664062
2019-06-10,76.25067138671875
2019-06-11,76.24235534667969
2019-06-12,76.25067138671875
2019-06-13,76.27566528320312
2019-06-14,76.28398895263672
2019-06-17,76.28398895263672
2019-06-18,76.28398895263672
2019-06-19,76.30068969726562
2019-06-20,76.30900573730469
2019-06-21,76.30900573730469
2019-06-24,76.31736755371094
2019-06-25,76.31736755371094
2019-06-26,76.3340072631836
2019-06-27,76.3340072631836
2019-06-28,76.34234619140625
2019-07-01,76.33819580078125
2019-07-02,76.34651947021484
2019-07-03,76.37158203125
2019-07-05,76.36322021484375
2019-07-08,76.36322021484375
2019-07-09,76.37158203125
2019-07-10,76.37991333007812
2019-07-11,76.39661407470703
2019-07-12,76.40497589111328
2019-07-15,76.40497589111328
2019-07-16,76.413330078125
2019-07-17,76.413330078125
2019-07-18,76.43836975097656
2019-07-19,76.43836975097656
2019-07-22,76.43836975097656
2019-07-23,76.43000030517578
2019-07-24,76.44670867919922
2019-07-25,76.46337127685547
2019-07-26,76.455078125
2019-07-29,76.47174835205078
2019-07-30,76.47174835205078
2019-07-31,76.48009490966797
2019-08-01,76.50102996826172
2019-08-02,76.50102996826172
2019-08-05,76.49263763427734
2019-08-06,76.50102996826172
2019-08-07,76.51771545410156
2019-08-08,76.52608489990234
2019-08-09,76.51771545410156
2019-08-12,76.53446197509766
2019-08-13,76.54281616210938
2019-08-14,76.53446197509766
2019-08-15,76.56790924072266
2019-08-16,76.55953979492188
2019-08-19,76.55953979492188
2019-08-20,76.56790924072266
2019-08-21,76.55953979492188
2019-08-22,76.58464813232422
2019-08-23,76.5762939453125
2019-08-26,76.58464813232422
2019-08-27,76.59294891357422
2019-08-28,76.58464813232422
2019-08-29,76.60133361816406
2019-08-30,76.6097183227539
2019-09-03,76.6247787475586
2019-09-04,76.61640167236328
2019-09-05,76.6247787475586
2019-09-06,76.63317108154297
2019-09-09,76.63317108154297
2019-09-10,76.64991760253906
2019-09-11,76.64155578613281
2019-09-12,76.6583023071289
2019-09-13,76.6583023071289
2019-09-16,76.6583023071289
2019-09-17,76.66668701171875
2019-09-18,76.68343353271484
2019-09-19,76.68343353271484
2019-09-20,76.69180297851562
2019-09-23,76.70856475830078
2019-09-24,76.70856475830078
2019-09-25,76.70856475830078
2019-09-26,76.72533416748047
2019-09-27,76.72533416748047
2019-09-30,76.73371887207031
2019-10-01,76.7311782836914
2019-10-02,76.7311782836914
2019-10-03,76.75636291503906
2019-10-04,76.75636291503906
2019-10-07,76.76473999023438
2019-10-08,76.76473999023438
2019-10-09,76.76473999023438
2019-10-10,76.78153228759766
2019-10-11,76.7899398803711
2019-10-14,76.78153228759766
2019-10-15,76.7899398803711
2019-10-16,76.7983169555664
2019-10-17,76.80669403076172
2019-10-18,76.80669403076172
2019-10-21,76.81507873535156
2019-10-22,76.81507873535156
2019-10-23,76.81507873535156
2019-10-24,76.83187103271484
2019-10-25,76.83187103271484
2019-10-28,76.82347106933594
2019-10-29,76.84027099609375
2019-10-30,76.84867095947266
2019-10-31,76.85704803466797
2019-11-01,76.85621643066406
2019-11-04,76.86461639404297
2019-11-05,76.85621643066406
2019-11-06,76.86461639404297
2019-11-07,76.88140869140625
2019-11-08,76.88140869140625
2019-11-11,76.88140869140625
2019-11-12,76.88983917236328
2019-11-13,76.88983917236328
2019-11-14,76.8982162475586
2019-11-15,76.88983917236328
2019-11-18,76.90662384033203
2019-11-19,76.8982162475586
2019-11-20,76.90662384033203
2019-11-21,76.90662384033203
2019-11-22,76.9150390625
2019-11-25,76.9150390625
2019-11-26,76.92343139648438
2019-11-27,76.94023895263672
2019-11-29,76.94023895263672
2019-12-02,76.94612121582031
2019-12-03,76.93770599365234
2019-12-04,76.94612121582031
2019-12-05,76.96296691894531
2019-12-06,76.96296691894531
2019-12-09,76.97138977050781
2019-12-10,76.97138977050781
2019-12-11,76.97138977050781
2019-12-12,76.98821258544922
2019-12-13,76.97138977050781
2019-12-16,76.98821258544922
2019-12-17,76.97977447509766
2019-12-18,76.9966049194336
2019-12-19,77.0050277709961
2019-12-20,77.00926208496094
2019-12-23,77.00926208496094
2019-12-24,77.01764678955078
2019-12-26,77.02608489990234
2019-12-27,77.01764678955078
2019-12-30,77.02608489990234
2019-12-31,77.02608489990234
2020-01-02,77.05137634277344
2020-01-03,77.05137634277344
2020-01-06,77.0429458618164
2020-01-07,77.0429458618164
2020-01-08,77.059814453125
2020-01-09,77.0682373046875
2020-01-10,77.0682373046875
2020-01-13,77.0682373046875
2020-01-14,77.0682373046875
2020-01-15,77.0766372680664
2020-01-16,77.09349060058594
2020-01-17,77.08507537841797
2020-01-21,77.09349060058594
2020-01-22,77.09349060058594
2020-01-23,77.10191345214844
2020-01-24,77.10191345214844
2020-01-27,77.11033630371094
2020-01-28,77.11033630371094
2020-01-29,77.11875915527344
2020-01-30,77.11875915527344
2020-01-31,77.11875915527344
2020-02-03,77.1255111694336
2020-02-04,77.1255111694336
2020-02-05,77.14236450195312
2020-02-06,77.15081024169922
2020-02-07,77.15081024169922
2020-02-10,77.14236450195312
2020-02-11,77.15081024169922
2020-02-12,77.15925598144531
2020-02-13,77.16765594482422
2020-02-14,77.16765594482422
2020-02-18,77.17613220214844
2020-02-19,77.17613220214844
2020-02-20,77.17613220214844
2020-02-21,77.19300079345703
2020-02-24,77.18456268310547
2020-02-25,77.18456268310547
2020-02-26,77.20143127441406
2020-02-27,77.21826934814453
2020-02-28,77.2098617553711
2020-03-02,77.2326431274414
2020-03-03,77.24951171875
2020-03-04,77.28330993652344
2020-03-05,77.30018615722656
2020-03-06,77.30018615722656
2020-03-09,77.3339614868164
2020-03-10,77.31710815429688
2020-03-11,77.3339614868164
2020-03-12,77.3423843383789
2020-03-13,77.35930633544922
2020-03-16,77.36773681640625
2020-03-17,77.36773681640625
2020-03-18,77.38463592529297
2020-03-19,77.36773681640625
2020-03-20,77.39306640625
2020-03-23,77.37620544433594
2020-03-24,77.37620544433594
2020-03-25,77.37620544433594
2020-03-26,77.37620544433594
2020-03-27,77.35930633544922
2020-03-30,77.35930633544922
2020-03-31,77.36773681640625
2020-04-01,77.36099243164062
2020-04-02,77.36944580078125
2020-04-03,77.34407806396484
2020-04-06,77.35254669189453
2020-04-07,77.33563995361328
2020-04-08,77.34407806396484
2020-04-09,77.32718658447266
2020-04-13,77.34407806396484
2020-04-14,77.35254669189453
2020-04-15,77.34407806396484
2020-04-16,77.33563995361328
2020-04-17,77.35254669189453
2020-04-20,77.34407806396484
2020-04-21,77.34407806396484
2020-04-22,77.34407806396484
2020-04-23,77.35254669189453
2020-04-24,77.34407806396484
2020-04-27,77.34407806396484
2020-04-28,77.34407806396484
2020-04-29,77.33563995361328
2020-04-30,77.35254669189453
2020-05-01,77.33900451660156
2020-05-04,77.33900451660156
2020-05-05,77.33900451660156
2020-05-06,77.34746551513672
2020-05-07,77.33900451660156
2020-05-08,77.33900451660156
2020-05-11,77.34746551513672
2020-05-12,77.34746551513672
2020-05-13,77.34746551513672
2020-05-14,77.35590362548828
2020-05-15,77.33900451660156
2020-05-18,77.33900451660156
2020-05-19,77.33900451660156
2020-05-20,77.33900451660156
2020-05-21,77.34746551513672
2020-05-22,77.33900451660156
2020-05-26,77.34746551513672
2020-05-27,77.33900451660156
2020-05-28,77.33900451660156
2020-05-29,77.33900451660156
2020-06-01,77.34746551513672
2020-06-02,77.34746551513672
2020-06-03,77.34746551513672
2020-06-04,77.34746551513672
2020-06-05,77.33057403564453
2020-06-08,77.33900451660156
2020-06-09,77.33900451660156
2020-06-10,77.34746551513672
2020-06-11,77.33057403564453
2020-06-12,77.34746551513672
2020-06-15,77.34746551513672
2020-06-16,77.34746551513672
2020-06-17,77.34746551513672
2020-06-18,77.33900451660156
2020-06-19,77.33900451660156
2020-06-22,77.33900451660156
2020-06-23,77.33900451660156
2020-06-24,77.33900451660156
2020-06-25,77.34746551513672
2020-06-26,77.33900451660156
2020-06-29,77.33900451660156
2020-06-30,77.33900451660156
2020-07-01,77.33900451660156
2020-07-02,77.34746551513672
2020-07-06,77.33900451660156
2020-07-07,77.33900451660156
2020-07-08,77.33900451660156
2020-07-09,77.33900451660156
2020-07-10,77.34746551513672
2020-07-13,77.34746551513672
2020-07-14,77.34746551513672
2020-07-15,77.34746551513672
2020-07-16,77.33900451660156
2020-07-17,77.34746551513672
2020-07-20,77.34746551513672
2020-07-21,77.34746551513672
2020-07-22,77.33900451660156
2020-07-23,77.34746551513672
2020-07-24,77.33900451660156
2020-07-27,77.33900451660156
2020-07-28,77.34746551513672
2020-07-29,77.34746551513672
2020-07-30,77.33900451660156
2020-07-31,77.34746551513672
2020-08-03,77.33900451660156
2020-08-04,77.34746551513672
2020-08-05,77.33900451660156
2020-08-06,77.33900451660156
2020-08-07,77.34746551513672
2020-08-10,77.34746551513672
2020-08-11,77.33900451660156
2020-08-12,77.33900451660156
2020-08-13,77.34746551513672
2020-08-14,77.33900451660156
2020-08-17,77.33900451660156
2020-08-18,77.34746551513672
2020-08-19,77.34746551513672
2020-08-20,77.34746551513672
2020-08-21,77.34746551513672
2020-08-24,77.34746551513672
2020-08-25,77.33900451660156
2020-08-26,77.33900451660156
2020-08-27,77.33900451660156
2020-08-28,77.34746551513672
2020-08-31,77.34746551513672
2020-09-01,77.34746551513672
2020-09-02,77.34746551513672
2020-09-03,77.33900451660156
2020-09-04,77.34746551513672
2020-09-08,77.34746551513672
2020-09-09,77.33900451660156
2020-09-10,77.33900451660156
2020-09-11,77.33057403564453
2020-09-14,77.34746551513672
2020-09-15,77.33057403564453
2020-09-16,77.34746551513672
2020-09-17,77.34746551513672
2020-09-18,77.33057403564453
2020-09-21,77.33057403564453
2020-09-22,77.33057403564453
2020-09-23,77.33057403564453
2020-09-24,77.33900451660156
2020-09-25,77.33057403564453
2020-09-28,77.33900451660156
2020-09-29,77.33900451660156
2020-09-30,77.33057403564453
2020-10-01,77.33057403564453
2020-10-02,77.33057403564453
2020-10-05,77.33057403564453
2020-10-06,77.33900451660156
2020-10-07,77.33057403564453
2020-10-08,77.33057403564453
2020-10-09,77.33057403564453
2020-10-12,77.33900451660156
2020-10-13,77.33057403564453
2020-10-14,77.33057403564453
2020-10-15,77.33057403564453
2020-10-16,77.33900451660156
2020-10-19,77.33900451660156
2020-10-20,77.33057403564453
2020-10-21,77.33057403564453
2020-10-22,77.33900451660156
2020-10-23,77.33900451660156
2020-10-26,77.33900451660156
2020-10-27,77.33057403564453
2020-10-28,77.33057403564453
2020-10-29,77.33900451660156
2020-10-30,77.33900451660156
2020-11-02,77.33900451660156
2020-11-03,77.33900451660156
2020-11-04,77.33057403564453
2020-11-05,77.33900451660156
2020-11-06,77.33057403564453
2020-11-09,77.33900451660156
2020-11-10,77.33057403564453
2020-11-11,77.33057403564453
2020-11-12,77.33057403564453
2020-11-13,77.33900451660156
2020-11-16,77.33900451660156
2020-11-17,77.33900451660156
2020-11-18,77.33900451660156
2020-11-19,77.33900451660156
2020-11-20,77.33900451660156
2020-11-23,77.33900451660156
2020-11-24,77.33900451660156
2020-11-25,77.33057403564453
2020-11-27,77.33900451660156
2020-11-30,77.33057403564453
2020-12-01,77.32465362548828
2020-12-02,77.33309936523438
2020-12-03,77.33309936523438
2020-12-04,77.341552734375
2020-12-07,77.32465362548828
2020-12-08,77.32465362548828
2020-12-09,77.32465362548828
2020-12-10,77.32465362548828
2020-12-11,77.33309936523438
2020-12-14,77.32465362548828
2020-12-15,77.32465362548828
2020-12-16,77.33309936523438
2020-12-17,77.33309936523438
2020-12-18,77.33309936523438
2020-12-21,77.33309936523438
2020-12-22,77.33309936523438
2020-12-23,77.32465362548828
2020-12-24,77.33309936523438
2020-12-28,77.33309936523438
2020-12-29,77.33309936523438
2020-12-30,77.32465362548828
2020-12-31,77.33309936523438
2021-01-04,77.33309936523438
2021-01-05,77.32465362548828
2021-01-06,77.33309936523438
2021-01-07,77.33309936523438
2021-01-08,77.32465362548828
2021-01-11,77.33309936523438
2021-01-12,77.32465362548828
2021-01-13,77.32465362548828
2021-01-14,77.33309936523438
2021-01-15,77.33309936523438
2021-01-19,77.33309936523438
2021-01-20,77.33309936523438
2021-01-21,77.33309936523438
2021-01-22,77.32465362548828
2021-01-25,77.33309936523438
2021-01-26,77.32465362548828
2021-01-27,77.32465362548828
2021-01-28,77.33309936523438
2021-01-29,77.33309936523438
2021-02-01,77.33309936523438
2021-02-02,77.32465362548828
2021-02-03,77.32465362548828
2021-02-04,77.33309936523438
2021-02-05,77.33309936523438
2021-02-08,77.33309936523438
2021-02-09,77.33309936523438
2021-02-10,77.32465362548828
2021-02-11,77.33309936523438
2021-02-12,77.32465362548828
2021-02-16,77.33309936523438
2021-02-17,77.33309936523438
2021-02-18,77.32465362548828
2021-02-19,77.33309936523438
2021-02-22,77.32465362548828
2021-02-23,77.32465362548828
2021-02-24,77.31620025634766
2021-02-25,77.32465362548828
2021-02-26,77.32465362548828
2021-03-01,77.31620025634766
2021-03-02,77.31620025634766
2021-03-03,77.32465362548828
2021-03-04,77.32465362548828
2021-03-05,77.32465362548828
2021-03-08,77.31620025634766
2021-03-09,77.31620025634766
2021-03-10,77.31620025634766
2021-03-11,77.32465362548828
2021-03-12,77.31620025634766
2021-03-15,77.31620025634766
2021-03-16,77.31620025634766
2021-03-17,77.32465362548828
2021-03-18,77.31620025634766
2021-03-19,77.31620025634766
2021-03-22,77.31620025634766
2021-03-23,77.32465362548828
2021-03-24,77.31620025634766
2021-03-25,77.31620025634766
2021-03-26,77.31620025634766
2021-03-29,77.31620025634766
2021-03-30,77.32465362548828
2021-03-31,77.31620025634766
2021-04-01,77.32465362548828
2021-04-05,77.31620025634766
2021-04-06,77.30773162841797
2021-04-07,77.30773162841797
2021-04-08,77.31620025634766
2021-04-09,77.30773162841797
2021-04-12,77.30773162841797
2021-04-13,77.30773162841797
2021-04-14,77.30773162841797
2021-04-15,77.31620025634766
2021-04-16,77.31620025634766
2021-04-19,77.30773162841797
2021-04-20,77.30773162841797
2021-04-21,77.30773162841797
2021-04-22,77.31620025634766
2021-04-23,77.31620025634766
2021-04-26,77.30773162841797
2021-04-27,77.31620025634766
2021-04-28,77.30773162841797
2021-04-29,77.30773162841797
2021-04-30,77.31620025634766
2021-05-03,77.31620025634766
2021-05-04,77.30773162841797
2021-05-05,77.31620025634766
2021-05-06,77.31620025634766
2021-05-07,77.30773162841797
2021-05-10,77.30773162841797
2021-05-11,77.30773162841797
2021-05-12,77.29932403564453
2021-05-13,77.29932403564453
2021-05-14,77.29932403564453
2021-05-17,77.30773162841797
2021-05-18,77.30773162841797
2021-05-19,77.29932403564453
2021-05-20,77.29932403564453
2021-05-21,77.30773162841797
2021-05-24,77.29932403564453
2021-05-25,77.29932403564453
2021-05-26,77.29932403564453
2021-05-27,77.30773162841797
2021-05-28,77.30773162841797
2021-06-01,77.29932403564453
2021-06-02,77.29932403564453
2021-06-03,77.29932403564453
2021-06-04,77.30773162841797
2021-06-07,77.2908706665039
2021-06-08,77.2908706665039
2021-06-09,77.2908706665039
2021-06-10,77.2908706665039
2021-06-11,77.29932403564453
2021-06-14,77.2908706665039
2021-06-15,77.2908706665039
2021-06-16,77.29932403564453
2021-06-17,77.2908706665039
2021-06-18,77.29932403564453
2021-06-21,77.2908706665039
2021-06-22,77.2908706665039
2021-06-23,77.2908706665039
2021-06-24,77.29932403564453
2021-06-25,77.29932403564453
2021-06-28,77.2908706665039
2021-06-29,77.2908706665039
2021-06-30,77.2908706665039
2021-07-01,77.29932403564453
2021-07-02,77.2908706665039
2021-07-06,77.28241729736328
2021-07-07,77.28241729736328
2021-07-08,77.2908706665039
2021-07-09,77.2908706665039
2021-07-12,77.2908706665039
2021-07-13,77.2908706665039
2021-07-14,77.28241729736328
2021-07-15,77.2908706665039
2021-07-16,77.2908706665039
2021-07-19,77.28241729736328
2021-07-20,77.28241729736328
2021-07-21,77.28241729736328
2021-07-22,77.2908706665039
2021-07-23,77.28241729736328
2021-07-26,77.2908706665039
2021-07-27,77.28241729736328
2021-07-28,77.28241729736328
2021-07-29,77.2908706665039
2021-07-30,77.28241729736328
2021-08-02,77.28241729736328
2021-08-03,77.28241729736328
2021-08-04,77.28241729736328
2021-08-05,77.28241729736328
2021-08-06,77.2908706665039
2021-08-09,77.2908706665039
2021-08-10,77.28241729736328
2021-08-11,77.28241729736328
2021-08-12,77.28241729736328
2021-08-13,77.2908706665039
2021-08-16,77.27395629882812
2021-08-17,77.27395629882812
2021-08-18,77.27395629882812
2021-08-19,77.2908706665039
2021-08-20,77.2908706665039
2021-08-23,77.27395629882812
2021-08-24,77.27395629882812
2021-08-25,77.27395629882812
2021-08-26,77.28241729736328
2021-08-27,77.28241729736328
2021-08-30,77.28241729736328
2021-08-31,77.27395629882812
2021-09-01,77.27395629882812
2021-09-02,77.2908706665039
2021-09-03,77.27395629882812
2021-09-07,77.27395629882812
2021-09-08,77.27395629882812
2021-09-09,77.27395629882812
2021-09-10,77.28241729736328
2021-09-13,77.28241729736328
2021-09-14,77.27395629882812
2021-09-15,77.27395629882812
2021-09-16,77.28241729736328
2021-09-17,77.27395629882812
2021-09-20,77.28241729736328
2021-09-21,77.27395629882812
2021-09-22,77.27395629882812
2021-09-23,77.28241729736328
2021-09-24,77.27395629882812
2021-09-27,77.27395629882812
2021-09-28,77.27395629882812
2021-09-29,77.28241729736328
2021-09-30,77.28241729736328
2021-10-01,77.28241729736328
2021-10-04,77.26551818847656
2021-10-05,77.27395629882812
2021-10-06,77.27395629882812
2021-10-07,77.27395629882812
2021-10-08,77.27395629882812
2021-10-11,77.27395629882812
2021-10-12,77.27395629882812
2021-10-13,77.27395629882812
2021-10-14,77.26551818847656
2021-10-15,77.27395629882812
2021-10-18,77.26551818847656
2021-10-19,77.26551818847656
2021-10-20,77.26551818847656
2021-10-21,77.26551818847656
2021-10-22,77.26551818847656
2021-10-25,77.27395629882812
2021-10-26,77.25707244873047
2021-10-27,77.25707244873047
2021-10-28,77.27395629882812
2021-10-29,77.27395629882812
2021-11-01,77.27395629882812
2021-11-02,77.25707244873047
2021-11-03,77.25707244873047
2021-11-04,77.26551818847656
2021-11-05,77.26551818847656
2021-11-08,77.27395629882812
2021-11-09,77.25707244873047
2021-11-10,77.25707244873047
2021-11-11,77.26551818847656
2021-11-12,77.26551818847656
2021-11-15,77.26551818847656
2021-11-16,77.25707244873047
2021-11-17,77.25707244873047
2021-11-18,77.26551818847656
2021-11-19,77.26551818847656
2021-11-22,77.26551818847656
2021-11-23,77.25707244873047
2021-11-24,77.26551818847656
2021-11-26,77.25707244873047
2021-11-29,77.26551818847656
2021-11-30,77.25707244873047
2021-12-01,77.26551818847656
2021-12-02,77.26551818847656
2021-12-03,77.25707244873047
2021-12-06,77.25707244873047
2021-12-07,77.25707244873047
2021-12-08,77.26551818847656
2021-12-09,77.25707244873047
2021-12-10,77.26551818847656
2021-12-13,77.26551818847656
2021-12-14,77.26551818847656
2021-12-15,77.26551818847656
2021-12-16,77.25707244873047
2021-12-17,77.26551818847656
2021-12-20,77.25707244873047
2021-12-21,77.24861907958984
2021-12-22,77.24861907958984
2021-12-23,77.24861907958984
2021-12-27,77.25707244873047
2021-12-28,77.24861907958984
2021-12-29,77.24861907958984
2021-12-30,77.25707244873047
2021-12-31,77.25707244873047
2022-01-03,77.24861907958984
2022-01-04,77.25707244873047
2022-01-05,77.25707244873047
2022-01-06,77.25707244873047
2022-01-07,77.25707244873047
2022-01-10,77.24861907958984
2022-01-11,77.24017333984375
2022-01-12,77.24861907958984
2022-01-13,77.25707244873047
2022-01-14,77.25707244873047
2022-01-18,77.24017333984375
2022-01-19,77.25707244873047
2022-01-20,77.25707244873047
2022-01-21,77.24861907958984
2022-01-24,77.25707244873047
2022-01-25,77.24017333984375
2022-01-26,77.24861907958984
2022-01-27,77.25707244873047
2022-01-28,77.24017333984375
2022-01-31,77.25707244873047
2022-02-01,77.24861907958984
2022-02-02,77.25707244873047
2022-02-03,77.25707244873047
2022-02-04,77.24017333984375
2022-02-07,77.24017333984375
2022-02-08,77.24861907958984
2022-02-09,77.24017333984375
2022-02-10,77.24017333984375
2022-02-11,77.24017333984375
2022-02-14,77.231689453125
2022-02-15,77.24861907958984
2022-02-16,77.24861907958984
2022-02-17,77.24017333984375
2022-02-18,77.24861907958984
2022-02-22,77.24861907958984
2022-02-23,77.24017333984375
2022-02-24,77.24017333984375
2022-02-25,77.24017333984375
2022-02-28,77.24017333984375
2022-03-01,77.25875091552734
2022-03-02,77.25875091552734
2022-03-03,77.26720428466797
2022-03-04,77.26720428466797
2022-03-07,77.26720428466797
2022-03-08,77.26720428466797
2022-03-09,77.26720428466797
2022-03-10,77.26720428466797
2022-03-11,77.25875091552734
2022-03-14,77.26720428466797
2022-03-15,77.25028991699219
2022-03-16,77.26720428466797
2022-03-17,77.26720428466797
2022-03-18,77.25875091552734
2022-03-21,77.25875091552734
2022-03-22,77.25875091552734
2022-03-23,77.2756576538086
2022-03-24,77.2756576538086
2022-03-25,77.25875091552734
2022-03-28,77.25875091552734
2022-03-29,77.25875091552734
2022-03-30,77.2756576538086
2022-03-31,77.2756576538086
2022-04-01,77.2756576538086
2022-04-04,77.26720428466797
2022-04-05,77.25875091552734
2022-04-06,77.26720428466797
2022-04-07,77.26720428466797
2022-04-08,77.25875091552734
2022-04-11,77.26720428466797
2022-04-12,77.26720428466797
2022-04-13,77.26720428466797
2022-04-14,77.25875091552734
2022-04-18,77.26720428466797
2022-04-19,77.25875091552734
2022-04-20,77.2756576538086
2022-04-21,77.2756576538086
2022-04-22,77.26720428466797
2022-04-25,77.2756576538086
2022-04-26,77.26720428466797
2022-04-27,77.26720428466797
2022-04-28,77.28410339355469
2022-04-29,77.26720428466797
2022-05-02,77.2756576538086
2022-05-03,77.26720428466797
2022-05-04,77.28410339355469
2022-05-05,77.28410339355469
2022-05-06,77.28410339355469
2022-05-09,77.2756576538086
2022-05-10,77.2756576538086
2022-05-11,77.2756576538086
2022-05-12,77.28410339355469
2022-05-13,77.29255676269531
2022-05-16,77.28410339355469
2022-05-17,77.28410339355469
2022-05-18,77.28410339355469
2022-05-19,77.301025390625
2022-05-20,77.301025390625
2022-05-23,77.301025390625
2022-05-24,77.29255676269531
2022-05-25,77.301025390625
2022-05-26,77.31790161132812
2022-05-27,77.301025390625
2022-05-31,77.29255676269531
2022-06-01,77.29341888427734
2022-06-02,77.31033325195312
2022-06-03,77.29341888427734
2022-06-06,77.30187225341797
2022-06-07,77.29341888427734
2022-06-08,77.30187225341797
2022-06-09,77.31033325195312
2022-06-10,77.29341888427734
2022-06-13,77.30187225341797
2022-06-14,77.29341888427734
2022-06-15,77.30187225341797
2022-06-16,77.31879425048828
2022-06-17,77.31033325195312
2022-06-21,77.32723236083984
2022-06-22,77.33568572998047
2022-06-23,77.33568572998047
2022-06-24,77.31879425048828
2022-06-27,77.31879425048828
2022-06-28,77.33568572998047
2022-06-29,77.34413146972656
2022-06-30,77.35257720947266
2022-07-01,77.3466796875
2022-07-05,77.3466796875
2022-07-06,77.3466796875
2022-07-07,77.3466796875
2022-07-08,77.33821868896484
2022-07-11,77.3466796875
2022-07-12,77.33821868896484
2022-07-13,77.33821868896484
2022-07-14,77.3466796875
2022-07-15,77.33821868896484
2022-07-18,77.33821868896484
2022-07-19,77.33821868896484
2022-07-20,77.33821868896484
2022-07-21,77.36358642578125
2022-07-22,77.37202453613281
2022-07-25,77.36358642578125
2022-07-26,77.36358642578125
2022-07-27,77.36358642578125
2022-07-28,77.37202453613281
2022-07-29,77.3804702758789
2022-08-01,77.38642883300781
2022-08-02,77.39488983154297
2022-08-03,77.38642883300781
2022-08-04,77.40335845947266
2022-08-05,77.42030334472656
2022-08-08,77.42877197265625
2022-08-09,77.42030334472656
2022-08-10,77.42877197265625
2022-08-11,77.42877197265625
2022-08-12,77.4457015991211
2022-08-15,77.437255859375
2022-08-16,77.4457015991211
2022-08-17,77.4457015991211
2022-08-18,77.47959899902344
2022-08-19,77.47959899902344
2022-08-22,77.4880599975586
2022-08-23,77.47113800048828
2022-08-24,77.49652099609375
2022-08-25,77.50499725341797
2022-08-26,77.50499725341797
2022-08-29,77.50499725341797
2022-08-30,77.51349639892578
2022-08-31,77.5303955078125
2022-09-01,77.54652404785156
2022-09-02,77.55500793457031
2022-09-06,77.55500793457031
2022-09-07,77.56349182128906
2022-09-08,77.58043670654297
2022-09-09,77.58043670654297
2022-09-12,77.57194519042969
2022-09-13,77.58895874023438
2022-09-14,77.58895874023438
2022-09-15,77.61437225341797
2022-09-16,77.61437225341797
2022-09-19,77.61437225341797
2022-09-20,77.60588073730469
2022-09-21,77.62287139892578
2022-09-22,77.65677642822266
2022-09-23,77.65677642822266
2022-09-26,77.63980865478516
2022-09-27,77.66526794433594
2022-09-28,77.6737289428711
2022-09-29,77.69072723388672
2022-09-30,77.69072723388672
2022-10-03,77.66948699951172
2022-10-04,77.6949462890625
2022-10-05,77.6949462890625
2022-10-06,77.7119140625
2022-10-07,77.7119140625
2022-10-10,77.7204360961914
2022-10-11,77.7204360961914
2022-10-12,77.7204360961914
2022-10-13,77.74591064453125
2022-10-14,77.74591064453125
2022-10-17,77.74591064453125
2022-10-18,77.74591064453125
2022-10-19,77.74591064453125
2022-10-20,77.77989196777344
2022-10-21,77.78840637207031
2022-10-24,77.77989196777344
2022-10-25,77.77989196777344
2022-10-26,77.79691314697266
2022-10-27,77.82237243652344
2022-10-28,77.81387329101562
2022-10-31,77.81387329101562
2022-11-01,77.8207015991211
2022-11-02,77.84627532958984
2022-11-03,77.87179565429688
2022-11-04,77.88880157470703
2022-11-07,77.88029479980469
2022-11-08,77.88880157470703
2022-11-09,77.931396484375
2022-11-10,77.93991088867188
2022-11-11,77.931396484375
2022-11-14,77.931396484375
2022-11-15,77.94844055175781
2022-11-16,77.95694732666016
2022-11-17,77.98249816894531
2022-11-18,77.98249816894531
2022-11-21,77.99099731445312
2022-11-22,78.00804138183594
2022-11-23,78.02508544921875
2022-11-25,78.02508544921875
2022-11-28,78.0335922241211
2022-11-29,78.05913543701172
2022-11-30,78.05913543701172
2022-12-01,78.07621002197266
2022-12-02,78.084716796875
2022-12-05,78.0932846069336
2022-12-06,78.11890411376953
2022-12-07,78.11890411376953
2022-12-08,78.17012786865234
2022-12-09,78.1615982055664
2022-12-12,78.17012786865234
2022-12-13,78.17012786865234
2022-12-14,78.19577026367188
2022-12-15,78.21282958984375
2022-12-16,78.21282958984375
2022-12-19,78.22228240966797
2022-12-20,78.2308349609375
2022-12-21,78.2393798828125
2022-12-22,78.29077911376953
2022-12-23,78.29077911376953
2022-12-27,78.29077911376953
2022-12-28,78.31646728515625
2022-12-29,78.35074615478516
2022-12-30,78.34217834472656
2023-01-03,78.35074615478516
2023-01-04,78.34217834472656
2023-01-05,78.36786651611328
2023-01-06,78.3592758178711
2023-01-09,78.37643432617188
2023-01-10,78.36786651611328
2023-01-11,78.36786651611328
2023-01-12,78.42782592773438
2023-01-13,78.43638610839844
2023-01-17,78.43638610839844
2023-01-18,78.4449234008789
2023-01-19,78.47920227050781
2023-01-20,78.4877700805664
2023-01-23,78.4877700805664
2023-01-24,78.49635314941406
2023-01-25,78.50489044189453
2023-01-26,78.54773712158203
2023-01-27,78.5562744140625
2023-01-30,78.5562744140625
2023-01-31,78.56485748291016
2023-02-01,78.57003021240234
2023-02-02,78.6043930053711
2023-02-03,78.62158966064453
2023-02-06,78.63020324707031
2023-02-07,78.63882446289062
2023-02-08,78.63882446289062
2023-02-09,78.66458892822266
2023-02-10,78.67317962646484
2023-02-13,78.69036865234375
2023-02-14,78.69036865234375
2023-02-15,78.70755004882812
2023-02-16,78.75053405761719
2023-02-17,78.7591323852539
2023-02-21,78.7591323852539
2023-02-22,78.784912109375
2023-02-23,78.81069946289062
2023-02-24,78.81932830810547
2023-02-27,78.82791137695312
2023-02-28,78.83650970458984
2023-03-01,78.84080505371094
2023-03-02,78.86666107177734
2023-03-03,78.88390350341797
2023-03-06,78.89253234863281
2023-03-07,78.89253234863281
2023-03-08,78.90978240966797
2023-03-09,78.92699432373047
2023-03-10,78.9442367553711
2023-03-13,78.96146392822266
2023-03-14,78.97010040283203
2023-03-15,79.01324462890625
2023-03-16,79.04771423339844
2023-03-17,79.06493377685547
2023-03-20,79.07354736328125
2023-03-21,79.07354736328125
2023-03-22,79.0908203125
2023-03-23,79.1252670288086
2023-03-24,79.14250946044922
2023-03-27,79.1338882446289
2023-03-28,79.15110778808594
2023-03-29,79.15110778808594
2023-03-30,79.16836547851562
2023-03-31,79.15110778808594
2023-04-03,79.17018127441406
2023-04-04,79.1788558959961
2023-04-05,79.22212219238281
2023-04-06,79.23078155517578
2023-04-10,79.23943328857422
2023-04-11,79.2480697631836
2023-04-12,79.26539611816406
2023-04-13,79.30865478515625
2023-04-14,79.30865478515625
2023-04-17,79.32595825195312
2023-04-18,79.33466339111328
2023-04-19,79.34329986572266
2023-04-20,79.40388488769531
2023-04-21,79.39521026611328
2023-04-24,79.40388488769531
2023-04-25,79.39521026611328
2023-04-26,79.41254425048828
2023-04-27,79.43850708007812
2023-04-28,79.43850708007812
2023-05-01,79.44110870361328
2023-05-02,79.42371368408203
2023-05-03,79.43241119384766
2023-05-04,79.45848083496094
2023-05-05,79.47586822509766
2023-05-08,79.48457336425781
2023-05-09,79.49323272705078
2023-05-10,79.50192260742188
2023-05-11,79.55404663085938
2023-05-12,79.57144165039062
2023-05-15,79.58013153076172
2023-05-16,79.57144165039062
2023-05-17,79.58877563476562
2023-05-18,79.63224029541016
2023-05-19,79.63224029541016
2023-05-22,79.6409683227539
2023-05-23,79.6409683227539
2023-05-24,79.6409683227539
2023-05-25,79.69306182861328
2023-05-26,79.71046447753906
2023-05-30,79.71916198730469
2023-05-31,79.73651885986328
2023-06-01,79.78102111816406
2023-06-02,79.78974151611328
2023-06-05,79.78974151611328
2023-06-06,79.80719757080078
2023-06-07,79.81590270996094
2023-06-08,79.85953521728516
2023-06-09,79.86825561523438
2023-06-12,79.87696075439453
2023-06-13,79.8944320678711
2023-06-14,79.911865234375
2023-06-15,79.9467544555664
2023-06-16,79.95549011230469
2023-06-20,79.97295379638672
2023-06-21,79.97295379638672
2023-06-22,80.00785064697266
2023-06-23,80.01654815673828
2023-06-26,80.0252914428711
2023-06-27,80.04273986816406
2023-06-28,80.05146026611328
2023-06-29,80.07762908935547
2023-06-30,80.10377502441406
2023-07-03,80.12394714355469
2023-07-05,80.1327133178711
2023-07-06,80.15898895263672
2023-07-07,80.16777038574219
2023-07-10,80.18526458740234
2023-07-11,80.19400787353516
2023-07-12,80.2115478515625
2023-07-13,80.24658203125
2023-07-14,80.25534057617188
2023-07-17,80.26409912109375
2023-07-18,80.26409912109375
2023-07-19,80.2816162109375
2023-07-20,80.32540893554688
2023-07-21,80.32540893554688
2023-07-24,80.33417510986328
2023-07-25,80.34293365478516
2023-07-26,80.35167694091797
2023-07-27,80.3955078125
2023-07-28,80.40424346923828
2023-07-31,80.41303253173828
2023-08-01,80.43412017822266
2023-08-02,80.44290924072266
2023-08-03,80.47813415527344
2023-08-04,80.4957046508789
2023-08-07,80.4957046508789
2023-08-08,80.51331329345703
2023-08-09,80.5221176147461
2023-08-10,80.56609344482422
2023-08-11,80.57489013671875
2023-08-14,80.58369445800781
2023-08-15,80.59249114990234
2023-08-16,80.61007690429688
2023-08-17,80.64527893066406
2023-08-18,80.654052734375
2023-08-21,80.66287994384766
2023-08-22,80.67167663574219
2023-08-23,80.68925476074219
2023-08-24,80.71562957763672
2023-08-25,80.73326110839844
2023-08-28,80.75081634521484
2023-08-29,80.7420425415039
2023-08-30,80.75963592529297
2023-08-31,80.81241607666016
2023-09-01,80.82567596435547
2023-09-05,80.84334564208984
2023-09-06,80.84334564208984
2023-09-07,80.88752746582031
2023-09-08,80.89636993408203
2023-09-11,80.89636993408203
2023-09-12,80.9228744506836
2023-09-13,80.93170166015625
2023-09-14,80.95822143554688
2023-09-15,80.97588348388672
2023-09-18,80.98471069335938
2023-09-19,80.99357604980469
2023-09-20,81.00241088867188
2023-09-21,81.04656982421875
2023-09-22,81.05540466308594
2023-09-25,81.06423950195312
2023-09-26,81.07308197021484
2023-09-27,81.099609375
2023-09-28,81.12610626220703
2023-09-29,81.13492584228516
2023-10-02,81.14735412597656
2023-10-03,81.16511535644531
2023-10-04,81.17398834228516
2023-10-05,81.22724151611328
2023-10-06,81.22724151611328
2023-10-09,81.23611450195312
2023-10-10,81.23611450195312
2023-10-11,81.25385284423828
2023-10-12,81.28935241699219
2023-10-13,81.30712890625
2023-10-16,81.31597900390625
2023-10-17,81.32484436035156
2023-10-18,81.3337173461914
2023-10-19,81.36922454833984
2023-10-20,81.38697052001953
2023-10-23,81.39584350585938
2023-10-24,81.40471649169922
2023-10-25,81.41358184814453
2023-10-26,81.44908905029297
2023-10-27,81.47571563720703
2023-10-30,81.4845962524414
2023-10-31,81.4845962524414
2023-11-01,81.5095443725586
2023-11-02,81.53629302978516
2023-11-03,81.5451889038086
2023-11-06,81.5541000366211
2023-11-07,81.57193756103516
2023-11-08,81.58088684082031
2023-11-09,81.62543487548828
2023-11-10,81.63435363769531
2023-11-13,81.64324951171875
2023-11-14,81.65216827392578
2023-11-15,81.6700210571289
2023-11-16,81.70567321777344
2023-11-17,81.72347259521484
2023-11-20,81.72347259521484
2023-11-21,81.75022888183594
2023-11-22,81.78587341308594
2023-11-24,81.79479217529297
2023-11-27,81.80371856689453
2023-11-28,81.82151794433594
2023-11-29,81.8304443359375
2023-11-30,81.8660888671875
2023-12-01,81.88314056396484
2023-12-04,81.88314056396484
2023-12-05,81.90104675292969
2023-12-06,81.90998077392578
2023-12-07,81.94581604003906
2023-12-08,81.96370697021484
2023-12-11,81.98162841796875
2023-12-12,81.98162841796875
2023-12-13,81.99055480957031
2023-12-14,82.02640533447266
2023-12-15,82.05326080322266
2023-12-18,82.06315612792969
2023-12-19,82.06315612792969
2023-12-20,82.08116149902344
2023-12-21,82.13513946533203
2023-12-22,82.14411926269531
2023-12-26,82.16211700439453
2023-12-27,82.16211700439453
2023-12-28,82.21607208251953
2023-12-29,82.21607208251953
2024-01-02,82.22509002685547
2024-01-03,82.2520751953125
2024-01-04,82.27908325195312
2024-01-05,82.28805541992188
2024-01-08,82.29708099365234
2024-01-09,82.30603790283203
2024-01-10,82.32405090332031
2024-01-11,82.3689956665039
2024-01-12,82.38703918457031
2024-01-16,82.3960189819336
2024-01-17,82.41400909423828
2024-01-18,82.44999694824219
2024-01-19,82.45899963378906
2024-01-22,82.46800231933594
2024-01-23,82.47698974609375
2024-01-24,82.4859848022461
2024-01-25,82.53095245361328
2024-01-26,82.53997802734375
2024-01-29,82.54893493652344
2024-01-30,82.55793762207031
2024-01-31,82.56694793701172
2024-02-01,82.60848999023438
2024-02-02,82.62659454345703
2024-02-05,82.62659454345703
2024-02-06,82.6446533203125
2024-02-07,82.65367889404297
2024-02-08,82.68984985351562
2024-02-09,82.69886016845703
2024-02-12,82.71695709228516
2024-02-13,82.71695709228516
2024-02-14,82.73499298095703
2024-02-15,82.78018188476562
2024-02-16,82.79825592041016
2024-02-20,82.80730438232422
2024-02-21,82.81633758544922
2024-02-22,82.86151123046875
2024-02-23,82.87056732177734
2024-02-26,82.87056732177734
2024-02-27,82.88862609863281
2024-02-28,82.89764404296875
2024-02-29,82.9338150024414
2024-03-01,82.95649719238281
2024-03-04,82.96556091308594
2024-03-05,82.96556091308594
2024-03-06,82.98373413085938
2024-03-07,83.01998138427734
2024-03-08,83.02906799316406
2024-03-11,83.03814697265625
2024-03-12,83.06534576416016
2024-03-13,83.06534576416016
2024-03-14,83.10162353515625
2024-03-15,83.1197509765625
2024-03-18,83.12882232666016
2024-03-19,83.14698791503906
2024-03-20,83.15607452392578
2024-03-21,83.18326568603516
2024-03-22,83.19234466552734
2024-03-25,83.21047973632812
2024-03-26,83.21955108642578
2024-03-27,83.27399444580078
2024-03-28,83.27399444580078
2024-04-01,83.2967529296875
2024-04-02,83.31499481201172
2024-04-03,83.31499481201172
2024-04-04,83.35144805908203
2024-04-05,83.3696517944336
2024-04-08,83.37877655029297
2024-04-09,83.38786315917969
2024-04-10,83.40611267089844
2024-04-11,83.43344116210938
2024-04-12,83.44255828857422
2024-04-15,83.46076965332031
2024-04-16,83.46987915039062
2024-04-17,83.47901153564453
2024-04-18,83.52455139160156
2024-04-19,83.5336685180664
2024-04-22,83.55188751220703
2024-04-23,83.56099700927734
2024-04-24,83.56099700927734
2024-04-25,83.60655212402344
2024-04-26,83.60655212402344
2024-04-29,83.6247787475586
2024-04-30,83.63387298583984
2024-05-01,83.65036010742188
2024-05-02,83.69610595703125
2024-05-03,83.70527648925781
2024-05-06,83.70527648925781
2024-05-07,83.71439361572266
2024-05-08,83.73270416259766
2024-05-09,83.77845764160156
2024-05-10,83.77845764160156
2024-05-13,83.7967529296875
2024-05-14,83.805908203125
2024-05-15,83.81505584716797
2024-05-16,83.8516616821289
2024-05-17,83.86080932617188
2024-05-20,83.87910461425781
2024-05-21,83.88824462890625
2024-05-22,83.90655517578125
2024-05-23,83.96145629882812
2024-05-24,83.97061920166016
2024-05-28,83.96145629882812
2024-05-29,83.97978210449219
2024-05-30,83.99805450439453
2024-05-31,84.01637268066406
2024-06-03,84.03015899658203
2024-06-04,84.04852294921875
2024-06-05,84.05772399902344
2024-06-06,84.06690979003906
2024-06-07,84.10366821289062
2024-06-10,84.12206268310547
2024-06-11,84.13124084472656
2024-06-12,84.14962005615234
2024-06-13,84.1588363647461
2024-06-14,84.20476531982422
2024-06-17,84.21395874023438
2024-06-18,84.23234558105469
2024-06-20,84.25071716308594
2024-06-21,84.27828979492188
2024-06-24,84.29669952392578
2024-06-25,84.29669952392578
2024-06-26,84.30587768554688
2024-06-27,84.32422637939453
2024-06-28,84.35183715820312
2024-07-01,84.38134765625
2024-07-02,84.3906021118164
2024-07-03,84.41828155517578
2024-07-05,84.44596099853516
2024-07-08,84.46442413330078
2024-07-09,84.46442413330078
2024-07-10,84.4828872680664
2024-07-11,84.49211120605469
2024-07-12,84.52903747558594
2024-07-15,84.54749298095703
2024-07-16,84.54749298095703
2024-07-17,84.57518768310547
2024-07-18,84.58442687988281
2024-07-19,84.61210632324219
2024-07-22,84.63056182861328
2024-07-23,84.63056182861328
2024-07-24,84.65828704833984
2024-07-25,84.65828704833984
2024-07-26,84.70440673828125
2024-07-29,84.70440673828125
2024-07-30,84.7136459350586
2024-07-31,84.73210144042969
2024-08-01,84.75249481201172
2024-08-02,84.798828125
2024-08-05,84.798828125
2024-08-06,84.8173828125
2024-08-07,84.8359146118164
2024-08-08,84.84519958496094
2024-08-09,84.86373901367188
2024-08-12,84.89154815673828
2024-08-13,84.90083312988281
2024-08-14,84.91008758544922
2024-08-15,84.91937255859375
2024-08-16,84.96571350097656
2024-08-19,84.96571350097656
2024-08-20,84.98426818847656
2024-08-21,85.0027847290039
2024-08-22,85.0027847290039
2024-08-23,85.03987884521484
2024-08-26,85.04915618896484
2024-08-27,85.06769561767578
2024-08-28,85.07697296142578
2024-08-29,85.07697296142578
2024-08-30,85.12332916259766
2024-09-03,85.1568374633789
2024-09-04,85.16614532470703
2024-09-05,85.17549133300781
2024-09-06,85.22201538085938
2024-09-09,85.22201538085938
2024-09-10,85.24994659423828
2024-09-11,85.24994659423828
2024-09-12,85.25926971435547
2024-09-13,85.30582427978516
2024-09-16,85.32443237304688
2024-09-17,85.33374786376953
2024-09-18,85.35236358642578
2024-09-19,85.37098693847656
2024-09-20,85.40824127197266
2024-09-23,85.41754150390625
2024-09-24,85.42684936523438
2024-09-25,85.44549560546875
2024-09-26,85.44549560546875
2024-09-27,85.4734115600586
2024-09-30,85.48270416259766
2024-10-01,85.50235748291016
2024-10-02,85.51170349121094
2024-10-03,85.5303955078125
2024-10-04,85.54908752441406
2024-10-07,85.56778717041016
2024-10-08,85.56778717041016
2024-10-09,85.5771484375
2024-10-10,85.58650970458984
2024-10-11,85.63322448730469
2024-10-14,85.62387084960938
2024-10-15,85.65193176269531
2024-10-16,85.65193176269531
2024-10-17,85.67061614990234
2024-10-18,85.69867706298828
2024-10-21,85.71735382080078
2024-10-22,85.72673034667969
2024-10-23,85.72673034667969
2024-10-24,85.73607635498047
2024-10-25,85.77345275878906
2024-10-28,85.77345275878906
2024-10-29,85.79217529296875
2024-10-30,85.80152130126953
2024-10-31,85.82020568847656
2024-11-01,85.8568115234375
2024-11-04,85.87557983398438
2024-11-05,85.87557983398438
2024-11-06,85.89434814453125
2024-11-07,85.90373992919922
2024-11-08,85.95065307617188
2024-11-11,85.9412841796875
2024-11-12,85.95065307617188
2024-11-13,85.96943664550781
2024-11-14,85.96943664550781
2024-11-15,85.9975814819336
2024-11-18,86.0069580078125
2024-11-19,86.0351333618164
2024-11-20,86.04451751708984
2024-11-21,86.05390167236328
2024-11-22,86.08204650878906
2024-11-25,86.09143829345703
2024-11-26,86.09143829345703
2024-11-27,86.1196060180664
2024-11-29,86.13836669921875
2024-12-02,86.16192626953125
2024-12-03,86.18075561523438
2024-12-04,86.19017028808594
2024-12-05,86.19959259033203
2024-12-06,86.23726654052734
2024-12-09,86.24668884277344
2024-12-10,86.2655258178711
2024-12-11,86.27495574951172
2024-12-12,86.29378509521484
2024-12-13,86.3220443725586
2024-12-16,86.33147430419922
2024-12-17,86.34088897705078
2024-12-18,86.34088897705078
2024-12-19,86.35318756103516
2024-12-20,86.39102935791016
2024-12-23,86.39102935791016
2024-12-24,86.4099349975586
2024-12-26,86.4288558959961
2024-12-27,86.46670532226562
2024-12-30,86.46670532226562
2024-12-31,86.48560333251953
2025-01-02,86.50453186035156
2025-01-03,86.51398468017578
2025-01-06,86.5234603881836
2025-01-07,86.54237365722656
2025-01-08,86.56129455566406
2025-01-10,86.58966064453125
2025-01-13,86.59910583496094
2025-01-14,86.61805725097656
2025-01-15,86.62749481201172
2025-01-16,86.62749481201172
2025-01-17,86.67479705810547
2025-01-21,86.67479705810547
2025-01-22,86.69371795654297
2025-01-23,86.69371795654297
2025-01-24,86.73155212402344
2025-01-27,86.74099731445312
2025-01-28,86.74099731445312
2025-01-29,86.75048828125
2025-01-30,86.75993347167969
2025-01-31,86.7883071899414
2025-02-03,86.81298828125
2025-02-04,86.81298828125
2025-02-05,86.82247924804688
2025-02-06,86.84147644042969
2025-02-07,86.8604507446289
2025-02-10,86.86995697021484
2025-02-11,86.87942504882812
2025-02-12,86.8889389038086
2025-02-13,86.90790557861328
2025-02-14,86.93639373779297
2025-02-18,86.95539855957031
2025-02-19,86.96487426757812
2025-02-20,86.9838638305664
2025-02-21,87.01235961914062
2025-02-24,87.0218276977539
2025-02-25,87.0218276977539
2025-02-26,87.04082489013672
2025-02-27,87.05030059814453
2025-02-28,87.06930541992188
2025-03-03,87.08739471435547
2025-03-04,87.08739471435547
2025-03-05,87.09690856933594
2025-03-06,87.1064453125
2025-03-07,87.14453887939453
2025-03-10,87.154052734375
2025-03-11,87.16358184814453
2025-03-12,87.17310333251953
2025-03-13,87.192138671875
2025-03-14,87.21118927001953
2025-03-17,87.23023986816406
2025-03-18,87.23023986816406
2025-03-19,87.23976135253906
2025-03-20,87.25879669189453
2025-03-21,87.28738403320312
2025-03-24,87.28738403320312
2025-03-25,87.29689025878906
2025-03-26,87.3064193725586
2025-03-27,87.32546997070312
2025-03-28,87.35403442382812
2025-03-31,87.35403442382812
2025-04-01,87.37410736083984
2025-04-02,87.38367462158203
2025-04-03,87.39322662353516
2025-04-04,87.42189025878906
2025-04-07,87.4314193725586
2025-04-08,87.4505615234375
2025-04-09,87.4505615234375
2025-04-10,87.46011352539062
2025-04-11,87.49833679199219
2025-04-14,87.49833679199219
2025-04-15,87.51744842529297
2025-04-16,87.52698516845703
2025-04-17,87.56522369384766
2025-04-21,87.57479095458984
2025-04-22,87.57479095458984
2025-04-23,87.59392547607422
2025-04-24,87.59392547607422
2025-04-25,87.63211822509766
2025-04-28,87.64168548583984
2025-04-29,87.64168548583984
2025-04-30,87.6512451171875
2025-05-01,87.67233276367188
2025-05-02,87.70110321044922
2025-05-05,87.70110321044922
2025-05-06,87.72027587890625
2025-05-07,87.72027587890625
2025-05-08,87.73944854736328
2025-05-09,87.76823425292969
2025-05-12,87.76823425292969
2025-05-13,87.78739929199219
2025-05-14,87.78739929199219
2025-05-15,87.7969970703125
2025-05-16,87.83534240722656
2025-05-19,87.83534240722656
2025-05-20,87.85452270507812
2025-05-21,87.86410522460938
2025-05-22,87.88328552246094
2025-05-23,87.92164611816406
2025-05-27,87.92164611816406
2025-05-28,87.93122863769531
2025-05-29,87.94083404541016
2025-05-30,87.96958923339844
2025-06-02,87.9849853515625
2025-06-03,88.00422668457031
2025-06-04,88.00422668457031
2025-06-05,88.01384735107422
2025-06-06,88.04271697998047
2025-06-09,88.06196594238281
2025-06-10,88.07160186767578
2025-06-11,88.07160186767578
2025-06-12,88.08120727539062
2025-06-13,88.11968231201172
2025-06-16,88.11968231201172
2025-06-17,88.13894653320312
2025-06-18,88.15819549560547
2025-06-20,88.17742156982422
2025-06-23,88.1966781616211
2025-06-24,88.1966781616211
2025-06-25,88.206298828125
2025-06-26,88.21592712402344
2025-06-27,88.25440216064453
2025-06-30,88.26403045654297
2025-07-01,88.27947235107422
2025-07-02,88.28911590576172
2025-07-03,88.33739471435547
2025-07-07,88.34705352783203
2025-07-08,88.34705352783203
2025-07-09,88.35671997070312
2025-07-10,88.37601470947266
2025-07-11,88.39533233642578
2025-07-14,88.40497589111328
2025-07-15,88.41463470458984
2025-07-16,88.4339370727539
2025-07-17,88.4339370727539
2025-07-18,88.4725570678711
2025-07-21,88.49187469482422
2025-07-22,88.50153350830078
2025-07-23,88.51117706298828
2025-07-24,88.51117706298828
2025-07-25,88.54015350341797
2025-07-28,88.54979705810547
2025-07-29,88.5594482421875
2025-07-30,88.5691146850586
2025-07-31,88.57876586914062
2025-08-01,88.61654663085938
2025-08-04,88.62625122070312
2025-08-05,88.62625122070312
2025-08-06,88.65530395507812
2025-08-07,88.65530395507812
2025-08-08,88.68436431884766
2025-08-11,88.69405364990234
2025-08-12,88.70374298095703
2025-08-13,88.71342468261719
2025-08-14,88.72311401367188
2025-08-15,88.76187133789062
2025-08-18,88.76187133789062
2025-08-19,88.78123474121094
2025-08-20,88.80062866210938
2025-08-21,88.80062866210938
2025-08-22,88.82970428466797
2025-08-25,88.83937072753906
2025-08-26,88.84906768798828
2025-08-27,88.85874938964844
2025-08-28,88.8684310913086
2025-08-29,88.90718078613281
2025-09-02,88.92858123779297
2025-09-03,88.93830108642578
2025-09-04,88.95774841308594
2025-09-05,88.9869155883789
2025-09-08,88.99662780761719
2025-09-09,89.00636291503906
2025-09-10,89.01605987548828
2025-09-11,89.02578735351562
2025-09-12,89.05496215820312
2025-09-15,89.06468200683594
2025-09-16,89.07440948486328
2025-09-17,89.08412170410156
2025-09-18,89.09384155273438
2025-09-19,89.13274383544922
2025-09-22,89.14246368408203
2025-09-23,89.14246368408203
2025-09-24,89.16191101074219
2025-09-25,89.16191101074219
2025-09-26,89.19107818603516
2025-09-29,89.20079803466797
2025-09-30,89.20079803466797
2025-10-01,89.22128295898438
2025-10-02,89.23104095458984
2025-10-03,89.25054168701172
2025-10-06,89.27005767822266
2025-10-07,89.27005767822266
2025-10-08,89.2895736694336
2025-10-09,89.2895736694336
2025-10-10,89.3285903930664
2025-10-13,89.3383560180664
2025-10-14,89.3383560180664
2025-10-15,89.34809112548828
2025-10-16,89.35785675048828
2025-10-17,89.37736511230469
2025-10-20,89.39686584472656
2025-10-21,89.39686584472656
2025-10-22,89.41639709472656
2025-10-23,89.42613983154297
2025-10-24,89.45539855957031
2025-10-27,89.45539855957031
2025-10-28,89.46515655517578
2025-10-29,89.49443054199219
2025-10-30,89.49443054199219
2025-10-31,89.5139389038086
2025-11-03,89.52667236328125
2025-11-04,89.53646850585938
2025-11-05,89.54623413085938
2025-11-06,89.5560302734375
2025-11-07,89.58538818359375
2025-11-10,89.60496520996094
2025-11-11,89.59517669677734
2025-11-12,89.60496520996094
2025-11-13,89.61474609375
2025-11-14,89.65389251708984
2025-11-17,89.65389251708984
2025-11-18,89.67347717285156
2025-11-19,89.67347717285156
2025-11-20,89.69304656982422
2025-11-21,89.71263122558594
2025-11-24,89.71263122558594
2025-11-25,89.7322006225586
2025-11-26,89.74198913574219
2025-11-28,89.77134704589844
2025-12-01,89.78215026855469
2025-12-02,89.81161499023438
2025-12-03,89.82141876220703
2025-12-04,89.83123016357422
2025-12-05,89.85087585449219
2025-12-08,89.8606948852539
2025-12-09,89.88032531738281
2025-12-10,89.88032531738281
2025-12-11,89.89014434814453
2025-12-12,89.92941284179688
2025-12-15,89.92941284179688
2025-12-16,89.9392318725586
2025-12-17,89.94905090332031
2025-12-18,89.96382904052734
2025-12-19,89.99341583251953
2025-12-22,89.99341583251953
2025-12-23,89.99341583251953
2025-12-24,90.02297973632812
2025-12-26,90.05254364013672
2025-12-29,90.05254364013672
2025-12-30,90.06241607666016
2025-12-31,90.07225799560548
2026-01-02,90.11168670654295
2026-01-05,90.11168670654295
2026-01-06,90.12155151367188
2026-01-07,90.1412582397461
2026-01-08,90.1412582397461
2026-01-09,90.16097259521484
2026-01-12,90.17083740234376
2026-01-13,90.18067932128906
2026-01-14,90.1905517578125
2026-01-15,90.1905517578125
2026-01-16,90.22997283935548
2026-01-20,90.22997283935548
2026-01-21,90.23983764648438
2026-01-22,90.24967956542967
2026-01-23,90.27925872802734
2026-01-26,90.27925872802734
2026-01-27,90.2891082763672
2026-01-28,90.2989730834961
2026-01-29,90.31868743896484
2026-01-30,90.3384017944336
2026-02-02,90.35224151611328
2026-02-03,90.35224151611328
2026-02-04,90.37201690673828
2026-02-05,90.37201690673828
2026-02-06,90.40167236328124
2026-02-09,90.40167236328124
2026-02-10,90.41156768798828
2026-02-11,90.43133544921876
2026-02-12,90.43133544921876
2026-02-13,90.47088623046876
2026-02-17,90.4807586669922
2026-02-18,90.49065399169922
2026-02-19,90.49065399169922
2026-02-20,90.5203094482422
2026-02-23,90.5203094482422
2026-02-24,90.54009246826172
2026-02-25,90.54996490478516
2026-02-26,90.55985260009766
2026-02-27,90.5796356201172
2026-03-02,90.59252166748048
2026-03-03,90.60243225097656
2026-03-04,90.61234283447266
2026-03-05,90.62225341796876
2026-03-06,90.64208221435548
2026-03-09,90.65199279785156
2026-03-10,90.6619110107422
2026-03-11,90.6619110107422
2026-03-12,90.68173217773438
2026-03-13,90.71147918701172
2026-03-16,90.71147918701172
2026-03-17,90.72138214111328
2026-03-18,90.7412109375
2026-03-19,90.7412109375
2026-03-20,90.7709503173828
2026-03-23,90.78086853027344
2026-03-24,90.790771484375
2026-03-25,90.78086853027344
2026-03-26,90.8006820678711
2026-03-27,90.8304214477539
2026-03-30,90.84033203125
2026-03-31,90.84033203125
2026-04-01,90.86419677734376
2026-04-02,90.88407135009766
2026-04-06,90.90396118164062
2026-04-07,90.91390228271484
2026-04-08,90.91390228271484
2026-04-09,90.92384338378906
2026-04-10,90.9536590576172
2026-04-13,90.9536590576172
2026-04-14,90.96361541748048
2026-04-15,90.97355651855467
2026-04-16,90.98348999023438
2026-04-17,91.01331329345705
2026-04-20,91.02325439453124
2026-04-21,91.033203125
2026-04-22,91.033203125
2026-04-23,91.0530776977539
2026-04-24,91.07295989990234
2026-04-27,91.0829086303711
2026-04-28,91.09284210205078
2026-04-29,91.09284210205078
2026-04-30,91.102783203125
2026-05-01,91.13270568847656
2026-05-04,91.15264129638672
2026-05-05,91.16261291503906
2026-05-06,91.15264129638672
2026-05-07,91.1725845336914
2026-05-08,91.1925277709961
2026-05-11,91.21247100830078
2026-05-12,91.2224349975586
2026-05-13,91.2224349975586
2026-05-14,91.24237823486328
2026-05-15,91.26232147216795
2026-05-18,91.26232147216795
2026-05-19,91.28226470947266
2026-05-20,91.3022003173828
2026-05-21,91.3022003173828
2026-05-22,91.3221435546875
2026-05-26,91.3420867919922
2026-05-27,91.35205841064452
2026-05-28,91.36202239990234
2026-05-29,91.3919448852539
2026-06-01,91.13270568847656
2026-06-02,91.12272644042967
2026-06-03,91.1426773071289
2026-06-04,91.1426773071289
2026-06-05,91.18254852294922
2026-06-08,91.1925277709961
2026-06-09,91.1925277709961
2026-06-10,91.20249938964844
2026-06-11,91.21247100830078
2026-06-12,91.24237823486328
2026-06-15,91.24237823486328
2026-06-16,91.25234985351562
2026-06-17,91.26232147216795
2026-06-18,91.3022003173828
2026-06-22,91.3022003173828
2026-06-23,91.31217956542967
2026-06-24,91.3221435546875
2026-06-25,91.33211517333984
2026-06-26,91.36202239990234
2026-06-29,91.37200164794922
2026-06-30,91.37200164794922
2026-07-01,91.4000015258789
2026-07-02,91.44000244140625
