Date,Close
2001-06-15,35.81211471557617
2001-06-18,35.583736419677734
2001-06-19,35.68346405029297
2001-06-20,36.05983352661133
2001-06-21,36.34932327270508
2001-06-22,36.11772918701172
2001-06-25,35.88554382324219
2001-06-26,35.79202651977539
2001-06-27,35.79524612426758
2001-06-28,36.23381042480469
2001-06-29,36.44020080566406
2001-07-02,36.53694534301758
2001-07-03,36.51760482788086
2001-07-05,36.10160446166992
2001-07-06,35.15028381347656
2001-07-09,35.376041412353516
2001-07-10,34.908409118652344
2001-07-11,34.95357894897461
2001-07-12,35.78233337402344
2001-07-13,35.95325469970703
2001-07-16,35.53725051879883
2001-07-17,35.95647430419922
2001-07-18,35.58240509033203
2001-07-19,35.78233337402344
2001-07-20,35.78556442260742
2001-07-23,35.16641616821289
2001-07-24,34.6794548034668
2001-07-25,35.11803436279297
2001-07-26,35.5662841796875
2001-07-27,35.62755584716797
2001-07-30,35.598514556884766
2001-07-31,35.74365234375
2001-08-01,35.8984489440918
2001-08-02,36.011314392089844
2001-08-03,35.88554382324219
2001-08-06,35.47275161743164
2001-08-07,35.53725051879883
2001-08-08,34.89229965209961
2001-08-09,34.9954833984375
2001-08-10,35.13738250732422
2001-08-13,35.19863510131836
2001-08-14,35.12125015258789
2001-08-15,34.81813049316406
2001-08-16,34.924537658691406
2001-08-17,34.39244079589844
2001-08-20,34.63430404663086
2001-08-21,34.150596618652344
2001-08-22,34.46662521362305
2001-08-23,34.421485900878906
2001-08-24,35.05031967163086
2001-08-27,34.924537658691406
2001-08-28,34.34086608886719
2001-08-29,34.018367767333984
2001-08-30,33.508853912353516
2001-08-31,33.6507453918457
2001-09-04,33.473384857177734
2001-09-05,33.42503356933594
2001-09-06,32.747806549072266
2001-09-07,32.08673095703125
2001-09-10,32.32857894897461
2001-09-17,30.79359245300293
2001-09-18,30.400144577026367
2001-09-19,29.990612030029297
2001-09-20,29.02315902709961
2001-09-21,28.55556297302246
2001-09-24,29.57661247253418
2001-09-25,29.854942321777344
2001-09-26,29.625171661376953
2001-09-27,29.91966438293457
2001-09-28,30.728740692138672
2001-10-01,30.450414657592773
2001-10-02,30.825838088989258
2001-10-03,31.369537353515625
2001-10-04,31.473100662231445
2001-10-05,31.489280700683594
2001-10-08,31.2789363861084
2001-10-09,31.071813583374023
2001-10-10,31.80968475341797
2001-10-11,32.39223098754883
2001-10-12,32.14625930786133
2001-10-15,32.19157409667969
2001-10-16,32.372806549072266
2001-10-17,31.71584129333496
2001-10-18,31.5507755279541
2001-10-19,31.63814353942871
2001-10-22,32.110660552978516
2001-10-23,31.99091339111328
2001-10-24,31.974733352661133
2001-10-25,32.42780685424805
2001-10-26,32.60257339477539
2001-10-29,31.84528160095215
2001-10-30,31.320985794067383
2001-10-31,31.359819412231445
2001-11-01,32.020050048828125
2001-11-02,32.07183837890625
2001-11-05,32.53138732910156
2001-11-06,33.003883361816406
2001-11-07,32.945621490478516
2001-11-08,32.965030670166016
2001-11-09,33.0362548828125
2001-11-12,32.97797775268555
2001-11-13,33.56052780151367
2001-11-14,33.767642974853516
2001-11-15,33.6608772277832
2001-11-16,33.647918701171875
2001-11-19,33.990966796875
2001-11-20,33.748226165771484
2001-11-21,33.54110336303711
2001-11-23,33.95212173461914
2001-11-26,34.159244537353516
2001-11-27,34.06540298461914
2001-11-28,33.346920013427734
2001-11-29,33.85824966430664
2001-11-30,33.748226165771484
2001-12-03,33.515228271484375
2001-12-04,33.955352783203125
2001-12-05,34.790306091308594
2001-12-06,34.72559356689453
2001-12-07,34.65117263793945
2001-12-10,33.99742889404297
2001-12-11,33.910064697265625
2001-12-12,33.89063262939453
2001-12-13,33.385765075683594
2001-12-14,33.537879943847656
2001-12-17,33.78383255004883
2001-12-18,34.13334274291992
2001-12-19,34.28867721557617
2001-12-20,33.98125076293945
2001-12-21,34.1624755859375
2001-12-24,34.23816680908203
2001-12-26,34.407073974609375
2001-12-27,34.605247497558594
2001-12-28,34.70918273925781
2001-12-31,34.23492431640625
2002-01-02,34.514286041259766
2002-01-03,34.884605407714844
2002-01-04,35.11525344848633
2002-01-07,34.88784408569336
2002-01-08,34.78714370727539
2002-01-09,34.670204162597656
2002-01-10,34.644203186035156
2002-01-11,34.3550910949707
2002-01-14,34.08549118041992
2002-01-15,34.319374084472656
2002-01-16,33.750911712646484
2002-01-17,34.10173416137695
2002-01-18,33.78663635253906
2002-01-22,33.52351379394531
2002-01-23,33.812618255615234
2002-01-24,33.96205139160156
2002-01-25,34.01728439331055
2002-01-28,33.99128341674805
2002-01-29,33.146705627441406
2002-01-30,33.45854949951172
2002-01-31,33.93606948852539
2002-02-01,33.73790740966797
2002-02-04,32.922569274902344
2002-02-05,32.805606842041016
2002-02-06,32.58797073364258
2002-02-07,32.45155334472656
2002-02-08,32.91607666015625
2002-02-11,33.370853424072266
2002-02-12,33.28964614868164
2002-02-13,33.59823226928711
2002-02-14,33.55274963378906
2002-02-15,33.18893051147461
2002-02-19,32.57174301147461
2002-02-20,32.97779083251953
2002-02-21,32.45155334472656
2002-02-22,32.68867874145508
2002-02-25,33.2701530456543
2002-02-26,33.380577087402344
2002-02-27,33.26364517211914
2002-02-28,33.34161376953125
2002-03-01,34.007530212402344
2002-03-04,34.644203186035156
2002-03-05,34.44931411743164
2002-03-06,34.94956588745117
2002-03-07,34.803401947021484
2002-03-08,35.06327819824219
2002-03-11,35.17695236206055
2002-03-12,35.10874938964844
2002-03-13,34.78066635131836
2002-03-14,34.751426696777344
2002-03-15,35.0567626953125
2002-03-18,35.082763671875
2002-03-19,35.24517059326172
2002-03-20,34.676700592041016
2002-03-21,34.82938766479492
2002-03-22,34.69294738769531
2002-03-25,34.17173767089844
2002-03-26,34.409523010253906
2002-03-27,34.6147575378418
2002-03-28,34.56590270996094
2002-04-01,34.58871078491211
2002-04-02,34.36391830444336
2002-04-03,33.98930740356445
2002-04-04,34.09355926513672
2002-04-05,34.03817367553711
2002-04-08,34.12287139892578
2002-04-09,33.9437141418457
2002-04-10,34.344390869140625
2002-04-11,33.56910705566406
2002-04-12,33.83294677734375
2002-04-15,33.630977630615234
2002-04-16,34.33460998535156
2002-04-17,34.28248977661133
2002-04-18,34.24991989135742
2002-04-19,34.262943267822266
2002-04-22,33.777584075927734
2002-04-23,33.598411560058594
2002-04-24,33.324771881103516
2002-04-25,33.38015365600586
2002-04-26,32.757938385009766
2002-04-29,32.60811233520508
2002-04-30,33.02507019042969
2002-05-01,33.2987174987793
2002-05-02,33.13908767700195
2002-05-03,32.83287811279297
2002-05-06,32.21394729614258
2002-05-07,32.06734085083008
2002-05-08,33.256351470947266
2002-05-09,32.81332015991211
2002-05-10,32.24978256225586
2002-05-13,32.85893249511719
2002-05-14,33.60492706298828
2002-05-15,33.419227600097656
2002-05-16,33.552799224853516
2002-05-17,33.79060363769531
2002-05-20,33.341041564941406
2002-05-21,32.94363021850586
2002-05-22,33.0804557800293
2002-05-23,33.432281494140625
2002-05-24,33.03486251831055
2002-05-28,32.83287811279297
2002-05-29,32.65047073364258
2002-05-30,32.5527229309082
2002-05-31,32.55927276611328
2002-06-03,31.76114273071289
2002-06-04,31.7122745513916
2002-06-05,32.060829162597656
2002-06-06,31.45821189880371
2002-06-07,31.503808975219727
2002-06-10,31.559175491333008
2002-06-11,31.024913787841797
2002-06-12,31.178050994873047
2002-06-13,30.84903335571289
2002-06-14,30.777362823486328
2002-06-17,31.663423538208008
2002-06-18,31.695993423461914
2002-06-19,31.204097747802734
2002-06-20,30.80668830871582
2002-06-21,30.298507690429688
2002-06-24,30.403034210205078
2002-06-25,29.844457626342773
2002-06-26,29.7595157623291
2002-06-27,30.259307861328125
2002-06-28,30.314847946166992
2002-07-01,29.55695915222168
2002-07-02,28.949373245239258
2002-07-03,29.093109130859375
2002-07-05,30.18091583251953
2002-07-08,29.72028923034668
2002-07-09,28.98528480529785
2002-07-10,28.10000991821289
2002-07-11,28.305824279785156
2002-07-12,28.240489959716797
2002-07-15,27.96282196044922
2002-07-16,27.610031127929688
2002-07-17,27.757009506225586
2002-07-18,26.940357208251953
2002-07-19,26.035480499267578
2002-07-22,25.290681838989258
2002-07-23,24.565465927124023
2002-07-24,26.00281524658203
2002-07-25,25.783950805664062
2002-07-26,26.133480072021484
2002-07-29,27.58389663696289
2002-07-30,27.72109603881836
2002-07-31,27.786428451538086
2002-08-01,27.074298858642578
2002-08-02,26.443815231323242
2002-08-05,25.561809539794922
2002-08-06,26.394813537597656
2002-08-07,26.809682846069336
2002-08-08,27.652494430541992
2002-08-09,27.701509475708008
2002-08-12,27.636146545410156
2002-08-13,27.031822204589844
2002-08-14,28.060815811157227
2002-08-15,28.35484504699707
2002-08-16,28.33849334716797
2002-08-19,29.02122688293457
2002-08-20,28.648818969726562
2002-08-21,29.070234298706055
2002-08-22,29.38710594177246
2002-08-23,28.795839309692383
2002-08-26,28.991840362548828
2002-08-27,28.521425247192383
2002-08-28,28.067358016967773
2002-08-29,28.09349250793457
2002-08-30,27.998760223388672
2002-09-03,26.90769386291504
2002-09-04,27.355220794677734
2002-09-05,27.015485763549805
2002-09-06,27.505495071411133
2002-09-09,27.72109603881836
2002-09-10,27.913829803466797
2002-09-11,27.881160736083984
2002-09-12,27.244163513183594
2002-09-13,27.309484481811523
2002-09-16,27.342151641845703
2002-09-17,26.845623016357422
2002-09-18,26.66921043395996
2002-09-19,25.98322105407715
2002-09-20,25.98322105407715
2002-09-23,25.70554542541504
2002-09-24,25.349472045898438
2002-09-25,25.8525447845459
2002-09-26,26.28373908996582
2002-09-27,25.4834041595459
2002-09-30,25.168598175048828
2002-10-01,26.113033294677734
2002-10-02,25.49651527404785
2002-10-03,25.217782974243164
2002-10-04,24.699665069580078
2002-10-07,24.168413162231445
2002-10-08,24.51272964477539
2002-10-09,23.873271942138672
2002-10-10,24.594717025756836
2002-10-11,25.653942108154297
2002-10-14,25.791664123535156
2002-10-15,26.939414978027344
2002-10-16,26.32617950439453
2002-10-17,26.903345108032227
2002-10-18,27.011568069458008
2002-10-21,27.49688720703125
2002-10-22,27.152578353881836
2002-10-23,27.33293914794922
2002-10-24,26.97222137451172
2002-10-25,27.49361801147461
2002-10-28,27.198484420776367
2002-10-29,26.988615036010742
2002-10-30,27.188636779785156
2002-10-31,27.054195404052734
2002-11-01,27.61167335510254
2002-11-04,27.788766860961914
2002-11-05,27.955997467041016
2002-11-06,28.33310890197754
2002-11-07,27.677274703979492
2002-11-08,27.34933090209961
2002-11-11,26.873823165893555
2002-11-12,27.001718521118164
2002-11-13,27.054195404052734
2002-11-14,27.700220108032227
2002-11-15,27.87401580810547
2002-11-18,27.61823081970215
2002-11-19,27.523128509521484
2002-11-20,28.051111221313477
2002-11-21,28.624975204467773
2002-11-22,28.56266975402832
2002-11-25,28.611846923828125
2002-11-26,28.070789337158203
2002-11-27,28.857803344726562
2002-11-29,28.677444458007812
2002-12-02,28.769262313842773
2002-12-03,28.316720962524414
2002-12-04,28.241289138793945
2002-12-05,27.923206329345703
2002-12-06,28.044532775878906
2002-12-09,27.382116317749023
2002-12-10,27.857616424560547
2002-12-11,27.906814575195312
2002-12-12,27.80843162536621
2002-12-13,27.382116317749023
2002-12-16,28.037986755371094
2002-12-17,27.815004348754883
2002-12-18,27.418190002441406
2002-12-19,27.250959396362305
2002-12-20,27.569040298461914
2002-12-23,27.579586029052734
2002-12-24,27.447799682617188
2002-12-26,27.477458953857422
2002-12-27,27.016193389892578
2002-12-30,27.164443969726562
2002-12-31,27.223751068115234
2003-01-02,28.004592895507812
2003-01-03,27.988115310668945
2003-01-06,28.594337463378906
2003-01-07,28.386770248413086
2003-01-08,28.030954360961914
2003-01-09,28.465848922729492
2003-01-10,28.544931411743164
2003-01-13,28.5185604095459
2003-01-14,28.647048950195312
2003-01-15,28.36701202392578
2003-01-16,28.284650802612305
2003-01-17,27.87281036376953
2003-01-21,27.395084381103516
2003-01-22,27.115049362182617
2003-01-23,27.296247482299805
2003-01-24,26.676847457885742
2003-01-27,26.179359436035156
2003-01-28,26.42315673828125
2003-01-29,26.73614501953125
2003-01-30,26.044261932373047
2003-01-31,26.46928596496582
2003-02-03,26.568117141723633
2003-02-04,26.686737060546875
2003-02-05,26.159587860107422
2003-02-06,25.919065475463867
2003-02-07,25.665376663208008
2003-02-10,25.87294578552246
2003-02-11,25.681865692138672
2003-02-12,25.335914611816406
2003-02-13,25.296398162841797
2003-02-14,25.724695205688477
2003-02-18,26.314437866210938
2003-02-19,26.103578567504883
2003-02-20,25.895999908447266
2003-02-21,26.24524688720703
2003-02-24,25.714807510375977
2003-02-25,26.024503707885742
2003-02-26,25.668689727783203
2003-02-27,25.96520233154297
2003-02-28,26.060745239257812
2003-03-03,25.866369247436523
2003-03-04,25.50065803527832
2003-03-05,25.655508041381836
2003-03-06,25.517120361328125
2003-03-07,25.695024490356445
2003-03-10,25.069047927856445
2003-03-11,24.868087768554688
2003-03-12,24.95703887939453
2003-03-13,25.79716682434082
2003-03-14,25.895999908447266
2003-03-17,26.620840072631836
2003-03-18,26.86134910583496
2003-03-19,26.966773986816406
2003-03-20,27.09857749938965
2003-03-21,27.675132751464844
2003-03-24,26.73614501953125
2003-03-25,27.05243682861328
2003-03-26,26.920656204223633
2003-03-27,26.86794662475586
2003-03-28,26.73944664001465
2003-03-31,26.256649017333984
2003-04-01,26.636930465698242
2003-04-02,27.275161743164062
2003-04-03,27.116418838500977
2003-04-04,27.212322235107422
2003-04-07,27.215652465820312
2003-04-08,27.1991024017334
2003-04-09,26.88495635986328
2003-04-10,27.027137756347656
2003-04-11,26.914714813232422
2003-04-14,27.47357749938965
2003-04-15,27.652156829833984
2003-04-16,27.285083770751953
2003-04-17,27.7083740234375
2003-04-21,27.70172691345215
2003-04-22,28.26723289489746
2003-04-23,28.50532341003418
2003-04-24,28.27715301513672
2003-04-25,27.886932373046875
2003-04-28,28.37965965270996
2003-04-29,28.472251892089844
2003-04-30,28.51854133605957
2003-05-01,28.48546028137207
2003-05-02,28.885623931884766
2003-05-05,28.869081497192383
2003-05-06,29.067495346069336
2003-05-07,28.968278884887695
2003-05-08,28.670665740966797
2003-05-09,29.084014892578125
2003-05-12,29.431243896484375
2003-05-13,29.39818572998047
2003-05-14,29.292375564575195
2003-05-15,29.52383804321289
2003-05-16,29.461009979248047
2003-05-19,28.76986312866211
2003-05-20,28.740102767944336
2003-05-21,28.859142303466797
2003-05-22,29.050960540771484
2003-05-23,29.173309326171875
2003-05-27,29.75532341003418
2003-05-28,29.788393020629883
2003-05-29,29.738780975341797
2003-05-30,30.181909561157227
2003-06-02,30.307567596435547
2003-06-03,30.489452362060547
2003-06-04,30.925962448120117
2003-06-05,31.094600677490234
2003-06-06,31.01854705810547
2003-06-09,30.60519790649414
2003-06-10,30.886272430419922
2003-06-11,31.256643295288086
2003-06-12,31.319480895996094
2003-06-13,31.011934280395508
2003-06-16,31.646860122680664
2003-06-17,31.696456909179688
2003-06-18,31.630321502685547
2003-06-19,31.14421272277832
2003-06-20,31.18389892578125
2003-06-23,30.736038208007812
2003-06-24,30.81897735595703
2003-06-25,30.619932174682617
2003-06-26,30.95168113708496
2003-06-27,30.689605712890625
2003-06-30,30.6696834564209
2003-07-01,30.888635635375977
2003-07-02,31.230321884155273
2003-07-03,31.018020629882812
2003-07-07,31.61515998840332
2003-07-08,31.79761505126953
2003-07-09,31.6815128326416
2003-07-10,31.28341293334961
2003-07-11,31.51894760131836
2003-07-14,31.761131286621094
2003-07-15,31.601898193359375
2003-07-16,31.439342498779297
2003-07-17,31.03129005432129
2003-07-18,31.34977149963379
2003-07-21,30.888635635375977
2003-07-22,31.19718360900879
2003-07-23,31.233667373657227
2003-07-24,30.99149513244629
2003-07-25,31.535537719726562
2003-07-28,31.50568199157715
2003-07-29,31.31327247619629
2003-07-30,31.30666160583496
2003-07-31,31.382936477661133
2003-08-01,31.021347045898438
2003-08-04,31.100950241088867
2003-08-05,30.546939849853516
2003-08-06,30.570159912109375
2003-08-07,30.769210815429688
2003-08-08,30.855470657348633
2003-08-11,31.001445770263672
2003-08-12,31.34977149963379
2003-08-13,31.16398811340332
2003-08-14,31.356409072875977
2003-08-15,31.33319854736328
2003-08-18,31.691469192504883
2003-08-19,31.807565689086914
2003-08-20,31.80425453186035
2003-08-21,31.946903228759766
2003-08-22,31.61515998840332
2003-08-25,31.581985473632812
2003-08-26,31.688146591186523
2003-08-27,31.73126983642578
2003-08-28,31.9634952545166
2003-08-29,32.1326789855957
2003-09-02,32.6004524230957
2003-09-03,32.693328857421875
2003-09-04,32.78952407836914
2003-09-05,32.613670349121094
2003-09-08,32.92555236816406
2003-09-09,32.693328857421875
2003-09-10,32.23551559448242
2003-09-11,32.444522857666016
2003-09-12,32.53409194946289
2003-09-15,32.3615837097168
2003-09-16,32.87577819824219
2003-09-17,32.759674072265625
2003-09-18,33.174354553222656
2003-09-19,33.05491638183594
2003-09-22,32.67675018310547
2003-09-23,32.85920715332031
2003-09-24,32.29191589355469
2003-09-25,32.016571044921875
2003-09-26,31.800935745239258
2003-09-29,31.987369537353516
2003-09-30,31.794281005859375
2003-10-01,32.43015670776367
2003-10-02,32.57663345336914
2003-10-03,32.932884216308594
2003-10-06,33.07603454589844
2003-10-07,33.22585678100586
2003-10-08,33.0993537902832
2003-10-09,33.1859016418457
2003-10-10,33.239166259765625
2003-10-13,33.47554397583008
2003-10-14,33.62537384033203
2003-10-15,33.50883865356445
2003-10-16,33.64533233642578
2003-10-17,33.2824592590332
2003-10-20,33.40895462036133
2003-10-21,33.455570220947266
2003-10-22,33.026084899902344
2003-10-23,33.07603454589844
2003-10-24,32.889591217041016
2003-10-27,33.07938003540039
2003-10-28,33.518829345703125
2003-10-29,33.65864181518555
2003-10-30,33.56543731689453
2003-10-31,33.718589782714844
2003-11-03,33.924983978271484
2003-11-04,33.825111389160156
2003-11-05,33.88504409790039
2003-11-06,34.02819061279297
2003-11-07,33.87505340576172
2003-11-10,33.705265045166016
2003-11-11,33.64200973510742
2003-11-12,34.04816818237305
2003-11-13,34.101444244384766
2003-11-14,33.83843994140625
2003-11-17,33.57210159301758
2003-11-18,33.28911590576172
2003-11-19,33.52548599243164
2003-11-20,33.279109954833984
2003-11-21,33.299102783203125
2003-11-24,33.87505340576172
2003-11-25,33.958282470703125
2003-11-26,34.144718170166016
2003-11-28,34.22462463378906
2003-12-01,34.57419204711914
2003-12-02,34.48762893676758
2003-12-03,34.36445617675781
2003-12-04,34.49095153808594
2003-12-05,34.20132064819336
2003-12-08,34.48432159423828
2003-12-09,34.121421813964844
2003-12-10,34.02488708496094
2003-12-11,34.48097610473633
2003-12-12,34.59083557128906
2003-12-15,34.317848205566406
2003-12-16,34.49095153808594
2003-12-17,34.59083557128906
2003-12-18,34.957061767578125
2003-12-19,34.90713119506836
2003-12-22,35.10505294799805
2003-12-23,35.238773345947266
2003-12-24,35.20534133911133
2003-12-26,35.20534133911133
2003-12-29,35.639976501464844
2003-12-30,35.693477630615234
2003-12-31,35.593170166015625
2004-01-02,35.616573333740234
2004-01-05,36.014427185058594
2004-01-06,36.138145446777344
2004-01-07,36.24177932739258
2004-01-08,36.37551498413086
2004-01-09,36.141475677490234
2004-01-12,36.30863952636719
2004-01-13,36.225059509277344
2004-01-14,36.48584747314453
2004-01-15,36.63963317871094
2004-01-16,36.74996566772461
2004-01-20,36.84357833862305
2004-01-21,37.0007209777832
2004-01-22,36.97398376464844
2004-01-23,36.90709686279297
2004-01-26,37.29493713378906
2004-01-27,36.97731018066406
2004-01-28,36.50925827026367
2004-01-29,36.57612991333008
2004-01-30,36.52260971069336
2004-02-02,36.58949279785156
2004-02-03,36.57944107055664
2004-02-04,36.23843765258789
2004-02-05,36.38553237915039
2004-02-06,36.85363006591797
2004-02-09,36.80681228637695
2004-02-10,37.040828704833984
2004-02-11,37.34843826293945
2004-02-12,37.24812698364258
2004-02-13,37.05755615234375
2004-02-17,37.44540023803711
2004-02-18,37.2782096862793
2004-02-19,37.074283599853516
2004-02-20,36.960601806640625
2004-02-23,36.713191986083984
2004-02-24,36.72991180419922
2004-02-25,36.92715072631836
2004-02-26,36.98064422607422
2004-02-27,37.03416061401367
2004-03-01,37.39521789550781
2004-03-02,37.2581672668457
2004-03-03,37.2782096862793
2004-03-04,37.44540023803711
2004-03-05,37.56241226196289
2004-03-08,37.218021392822266
2004-03-09,37.02412796020508
2004-03-10,36.36214065551758
2004-03-11,35.89741134643555
2004-03-12,36.40561294555664
2004-03-15,35.85395431518555
2004-03-16,36.05121612548828
2004-03-17,36.43904113769531
2004-03-18,36.39556884765625
2004-03-19,35.97431182861328
2004-03-22,35.516273498535156
2004-03-23,35.476158142089844
2004-03-24,35.43936538696289
2004-03-25,35.94087600708008
2004-03-26,36.02781295776367
2004-03-29,36.38671112060547
2004-03-30,36.58797073364258
2004-03-31,36.65504455566406
2004-04-01,36.84286880493164
2004-04-02,37.178306579589844
2004-04-05,37.42317199707031
2004-04-06,37.322547912597656
2004-04-07,37.16825485229492
2004-04-08,37.114593505859375
2004-04-12,37.23196792602539
2004-04-13,36.73219299316406
2004-04-14,36.61144256591797
2004-04-15,36.62822723388672
2004-04-16,36.80263137817383
2004-04-19,36.84624099731445
2004-04-20,36.259246826171875
2004-04-21,36.49404525756836
2004-04-22,37.0743293762207
2004-04-23,37.07099151611328
2004-04-26,36.913330078125
2004-04-27,36.9971923828125
2004-04-28,36.47727584838867
2004-04-29,36.13178634643555
2004-04-30,35.83997344970703
2004-05-03,36.22235107421875
2004-05-04,36.259246826171875
2004-05-05,36.41019058227539
2004-05-06,36.05129623413086
2004-05-07,35.54815673828125
2004-05-10,35.05509567260742
2004-05-11,35.36030960083008
2004-05-12,35.487789154052734
2004-05-13,35.38713836669922
2004-05-14,35.373748779296875
2004-05-17,34.971221923828125
2004-05-18,35.24962615966797
2004-05-19,35.20267105102539
2004-05-20,35.216064453125
2004-05-21,35.35026168823242
2004-05-24,35.48442077636719
2004-05-25,36.08483123779297
2004-05-26,36.158626556396484
2004-05-27,36.326332092285156
2004-05-28,36.359886169433594
2004-06-01,36.39341735839844
2004-06-02,36.49404525756836
2004-06-03,36.20222473144531
2004-06-04,36.420257568359375
2004-06-07,36.963645935058594
2004-06-08,37.01060485839844
2004-06-09,36.6818733215332
2004-06-10,36.7657470703125
2004-06-14,36.38671112060547
2004-06-15,36.68523025512695
2004-06-16,36.71205520629883
2004-06-17,36.70201110839844
2004-06-18,36.71205520629883
2004-06-21,36.62152099609375
2004-06-22,36.718788146972656
2004-06-23,37.09782028198242
2004-06-24,37.027366638183594
2004-06-25,36.98712158203125
2004-06-28,36.79190444946289
2004-06-29,36.95009231567383
2004-06-30,37.09817886352539
2004-07-01,36.7380485534668
2004-07-02,36.643802642822266
2004-07-06,36.34760665893555
2004-07-07,36.37117004394531
2004-07-08,36.048038482666016
2004-07-09,36.15911865234375
2004-07-12,36.149024963378906
2004-07-13,36.212982177734375
2004-07-14,36.048038482666016
2004-07-15,35.960548400878906
2004-07-16,35.79561996459961
2004-07-19,35.79561996459961
2004-07-20,36.048038482666016
2004-07-21,35.44221115112305
2004-07-22,35.563385009765625
2004-07-23,35.17294692993164
2004-07-26,35.068599700927734
2004-07-27,35.41526794433594
2004-07-28,35.44221115112305
2004-07-29,35.66770553588867
2004-07-30,35.778785705566406
2004-08-02,35.86967849731445
2004-08-03,35.593650817871094
2004-08-04,35.499420166015625
2004-08-05,34.90367889404297
2004-08-06,34.415645599365234
2004-08-09,34.42572784423828
2004-08-10,34.83634948730469
2004-08-11,34.74884796142578
2004-08-12,34.36513900756836
2004-08-13,34.41897964477539
2004-08-16,34.853179931640625
2004-08-17,35.02820587158203
2004-08-18,35.44892501831055
2004-08-19,35.34123611450195
2004-08-20,35.63742446899414
2004-08-23,35.556644439697266
2004-08-24,35.499420166015625
2004-08-25,35.81581497192383
2004-08-26,35.798980712890625
2004-08-27,35.93024826049805
2004-08-30,35.67445373535156
2004-08-31,35.798980712890625
2004-09-01,35.866294860839844
2004-09-02,36.270198822021484
2004-09-03,36.149024963378906
2004-09-07,36.401451110839844
2004-09-08,36.25000762939453
2004-09-09,36.32404327392578
2004-09-10,36.56639862060547
2004-09-13,36.62360382080078
2004-09-14,36.73131561279297
2004-09-15,36.502445220947266
2004-09-16,36.620243072509766
2004-09-17,36.73131561279297
2004-09-20,36.5899658203125
2004-09-21,36.82554626464844
2004-09-22,36.3206901550293
2004-09-23,36.165855407714844
2004-09-24,36.24664306640625
2004-09-27,36.06321716308594
2004-09-28,36.25913619995117
2004-09-29,36.340206146240234
2004-09-30,36.40101623535156
2004-10-01,36.98877716064453
2004-10-04,37.11039352416992
2004-10-05,37.100242614746094
2004-10-06,37.32657241821289
2004-10-07,36.98877716064453
2004-10-08,36.68138885498047
2004-10-11,36.76921844482422
2004-10-12,36.68814468383789
2004-10-13,36.41789245605469
2004-10-14,36.09362030029297
2004-10-15,36.28950881958008
2004-10-18,36.448299407958984
2004-10-19,36.12738800048828
2004-10-20,36.13752746582031
2004-10-21,36.303043365478516
2004-10-22,35.97538375854492
2004-10-25,35.948360443115234
2004-10-26,36.5158576965332
2004-10-27,36.965126037597656
2004-10-28,36.948238372802734
2004-10-29,37.05632781982422
2004-11-01,37.11039352416992
2004-11-02,37.02257537841797
2004-11-03,37.502227783203125
2004-11-04,38.089996337890625
2004-11-05,38.22511672973633
2004-11-08,38.13051986694336
2004-11-09,38.17106628417969
2004-11-10,38.19131851196289
2004-11-11,38.549400329589844
2004-11-12,38.88045120239258
2004-11-15,38.907466888427734
2004-11-16,38.67776870727539
2004-11-17,38.90409469604492
2004-11-18,38.96488952636719
2004-11-19,38.491981506347656
2004-11-22,38.745304107666016
2004-11-23,38.758827209472656
2004-11-24,38.98176956176758
2004-11-26,38.98176956176758
2004-11-29,38.897335052490234
2004-11-30,38.81289291381836
2004-12-01,39.316200256347656
2004-12-02,39.295936584472656
2004-12-03,39.30268859863281
2004-12-06,39.27903747558594
2004-12-07,38.893943786621094
2004-12-08,39.04934310913086
2004-12-09,39.23175811767578
2004-12-10,39.1844482421875
2004-12-13,39.55604934692383
2004-12-14,39.7317008972168
2004-12-15,39.86005783081055
2004-12-16,39.792503356933594
2004-12-17,39.589805603027344
2004-12-20,39.51885986328125
2004-12-21,39.88707733154297
2004-12-22,40.03569793701172
2004-12-23,40.079627990722656
2004-12-27,39.88750076293945
2004-12-28,40.220741271972656
2004-12-29,40.27853775024414
2004-12-30,40.2445182800293
2004-12-31,40.14252471923828
2005-01-03,39.853492736816406
2005-01-04,39.32301712036133
2005-01-05,39.05098342895508
2005-01-06,39.238014221191406
2005-01-07,39.112186431884766
2005-01-10,39.268585205078125
2005-01-11,39.030582427978516
2005-01-12,39.20400619506836
2005-01-13,38.8979377746582
2005-01-14,39.07139205932617
2005-01-18,39.4964485168457
2005-01-19,39.14278030395508
2005-01-20,38.90476989746094
2005-01-21,38.70414352416992
2005-01-24,38.49668884277344
2005-01-25,38.59531021118164
2005-01-26,38.83334732055664
2005-01-27,38.887752532958984
2005-01-28,38.74494934082031
2005-01-31,39.13938903808594
2005-02-01,39.36043167114258
2005-02-02,39.54065704345703
2005-02-03,39.343421936035156
2005-02-04,39.83650207519531
2005-02-07,39.81950378417969
2005-02-08,39.88750076293945
2005-02-09,39.51343536376953
2005-02-10,39.64944839477539
2005-02-11,39.972503662109375
2005-02-14,39.98271942138672
2005-02-15,40.125526428222656
2005-02-16,40.1323356628418
2005-02-17,39.8704833984375
2005-02-18,39.853492736816406
2005-02-22,39.25161361694336
2005-02-23,39.45902633666992
2005-02-24,39.75827407836914
2005-02-25,40.1561279296875
2005-02-28,39.95551300048828
2005-03-01,40.18333435058594
2005-03-02,40.14933776855469
2005-03-03,40.193538665771484
2005-03-04,40.59819030761719
2005-03-07,40.700218200683594
2005-03-08,40.44176483154297
2005-03-09,40.074520111083984
2005-03-10,40.00312805175781
2005-03-11,39.8738899230957
2005-03-14,40.07111740112305
2005-03-15,39.86029052734375
2005-03-16,39.51683044433594
2005-03-17,39.564453125
2005-03-18,39.47941970825195
2005-03-21,39.35702133178711
2005-03-22,39.020381927490234
2005-03-23,38.98978042602539
2005-03-24,38.999324798583984
2005-03-28,39.03346633911133
2005-03-29,38.70576095581055
2005-03-30,39.231441497802734
2005-03-31,39.207542419433594
2005-04-01,39.04029846191406
2005-04-04,39.170005798339844
2005-04-05,39.29287338256836
2005-04-06,39.381649017333984
2005-04-07,39.59668731689453
2005-04-08,39.25533676147461
2005-04-11,39.22461700439453
2005-04-12,39.426021575927734
2005-04-13,38.999324798583984
2005-04-14,38.53850555419922
2005-04-15,37.924095153808594
2005-04-18,38.060611724853516
2005-04-19,38.381492614746094
2005-04-20,37.8353157043457
2005-04-21,38.55215835571289
2005-04-22,38.2995491027832
2005-04-25,38.675048828125
2005-04-26,38.25859832763672
2005-04-27,38.3985595703125
2005-04-28,37.88994216918945
2005-04-29,38.34392547607422
2005-05-02,38.53850555419922
2005-05-03,38.65799331665039
2005-05-04,38.98909378051758
2005-05-05,38.917396545410156
2005-05-06,38.907161712646484
2005-05-09,39.122215270996094
2005-05-10,38.76720428466797
2005-05-11,38.9617805480957
2005-05-12,38.51802062988281
2005-05-13,38.35416793823242
2005-05-16,38.736480712890625
2005-05-17,39.00275421142578
2005-05-18,39.47379684448242
2005-05-19,39.65131759643555
2005-05-20,39.59668731689453
2005-05-23,39.801475524902344
2005-05-24,39.801475524902344
2005-05-25,39.65471649169922
2005-05-26,39.88002395629883
2005-05-27,39.941471099853516
2005-05-31,39.83222961425781
2005-06-01,40.16334533691406
2005-06-02,40.22478103637695
2005-06-03,39.992652893066406
2005-06-06,40.05751037597656
2005-06-07,40.0848274230957
2005-06-08,39.992652893066406
2005-06-09,40.20087814331055
2005-06-10,40.149688720703125
2005-06-13,40.241844177246094
2005-06-14,40.37838363647461
2005-06-15,40.4329948425293
2005-06-16,40.62075424194336
2005-06-17,40.79484176635742
2005-06-20,40.79140853881836
2005-06-21,40.712913513183594
2005-06-22,40.79140853881836
2005-06-23,40.29645538330078
2005-06-24,39.95511245727539
2005-06-27,39.993812561035156
2005-06-28,40.40142822265625
2005-06-29,40.33292007446289
2005-06-30,40.13426971435547
2005-07-01,40.28154754638672
2005-07-05,40.630924224853516
2005-07-06,40.31922912597656
2005-07-07,40.43568801879883
2005-07-08,40.93233871459961
2005-07-11,41.2234992980957
2005-07-12,41.29199981689453
2005-07-13,41.343387603759766
2005-07-14,41.38448715209961
2005-07-15,41.418731689453125
2005-07-18,41.24748229980469
2005-07-19,41.518070220947266
2005-07-20,41.65165328979492
2005-07-21,41.398189544677734
2005-07-22,41.67905044555664
2005-07-25,41.576297760009766
2005-07-26,41.6276741027832
2005-07-27,41.7921028137207
2005-07-28,42.079811096191406
2005-07-29,41.89143753051758
2005-08-01,41.83320999145508
2005-08-02,42.090084075927734
2005-08-03,42.124351501464844
2005-08-04,41.75098419189453
2005-08-05,41.42902374267578
2005-08-08,41.29199981689453
2005-08-09,41.50437927246094
2005-08-10,41.5660285949707
2005-08-11,41.76810836791992
2005-08-12,41.51123046875
2005-08-15,41.72359085083008
2005-08-16,41.17896270751953
2005-08-17,41.175540924072266
2005-08-18,41.13103485107422
2005-08-19,41.274879455566406
2005-08-22,41.237220764160156
2005-08-23,41.182411193847656
2005-08-24,40.91180419921875
2005-08-25,41.041969299316406
2005-08-26,40.76108169555664
2005-08-29,41.04538345336914
2005-08-30,40.90837860107422
2005-08-31,41.43587112426758
2005-09-01,41.432437896728516
2005-09-02,41.326255798339844
2005-09-06,41.8057975769043
2005-09-07,41.94281005859375
2005-09-08,41.79552459716797
2005-09-09,42.079811096191406
2005-09-12,42.090084075927734
2005-09-13,41.82292938232422
2005-09-14,41.65165328979492
2005-09-15,41.66194152832031
2005-09-16,41.94624710083008
2005-09-19,41.7921028137207
2005-09-20,41.38105773925781
2005-09-21,40.987159729003906
2005-09-22,41.12760543823242
2005-09-23,41.20978546142578
2005-09-26,41.26142883300781
2005-09-27,41.26142883300781
2005-09-28,41.29928970336914
2005-09-29,41.6434440612793
2005-09-30,41.7639045715332
2005-10-03,41.7845458984375
2005-10-04,41.27518844604492
2005-10-05,40.638492584228516
2005-10-06,40.473297119140625
2005-10-07,40.61784744262695
2005-10-10,40.26335525512695
2005-10-11,40.12569046020508
2005-10-12,39.82626724243164
2005-10-13,39.79529571533203
2005-10-14,40.2186164855957
2005-10-17,40.32530975341797
2005-10-18,39.91576385498047
2005-10-19,40.500823974609375
2005-10-20,39.89508819580078
2005-10-21,40.05685806274414
2005-10-24,40.7554931640625
2005-10-25,40.65568542480469
2005-10-26,40.5042839050293
2005-10-27,39.970829010009766
2005-10-28,40.59718704223633
2005-10-31,40.78303909301758
2005-11-01,40.8587532043457
2005-11-02,41.35091018676758
2005-11-03,41.50233840942383
2005-11-04,41.498905181884766
2005-11-07,41.529876708984375
2005-11-08,41.505775451660156
2005-11-09,41.605587005615234
2005-11-10,41.85337829589844
2005-11-11,42.03921127319336
2005-11-14,41.953182220458984
2005-11-15,41.78799057006836
2005-11-16,41.867156982421875
2005-11-17,42.259498596191406
2005-11-18,42.531368255615234
2005-11-21,42.72065734863281
2005-11-22,42.958133697509766
2005-11-23,43.157745361328125
2005-11-25,43.216251373291016
2005-11-28,42.827354431152344
2005-11-29,42.834228515625
2005-11-30,42.66559600830078
2005-12-01,43.19904327392578
2005-12-02,43.21281051635742
2005-12-05,43.11644744873047
2005-12-06,43.10956573486328
2005-12-07,42.927162170410156
2005-12-08,42.934043884277344
2005-12-09,43.03385543823242
2005-12-12,43.106117248535156
2005-12-13,43.35048294067383
2005-12-14,43.43653106689453
2005-12-15,43.32640075683594
2005-12-16,43.27476119995117
2005-12-19,42.909934997558594
2005-12-20,42.94436264038086
2005-12-21,43.0992431640625
2005-12-22,43.298858642578125
2005-12-23,43.32640075683594
2005-12-27,42.9291877746582
2005-12-28,42.99147033691406
2005-12-29,42.83228302001953
2005-12-30,42.673126220703125
2006-01-03,43.3028678894043
2006-01-04,43.61772155761719
2006-01-05,43.590030670166016
2006-01-06,44.01910400390625
2006-01-09,44.18171691894531
2006-01-10,44.24402618408203
2006-01-11,44.368553161621094
2006-01-12,44.11598205566406
2006-01-13,44.16441345214844
2006-01-17,44.00871276855469
2006-01-18,43.87377166748047
2006-01-19,44.11252212524414
2006-01-20,43.33746337890625
2006-01-23,43.46547317504883
2006-01-24,43.59696960449219
2006-01-25,43.50007629394531
2006-01-26,43.87031936645508
2006-01-27,44.21976852416992
2006-01-30,44.2647705078125
2006-01-31,44.04676818847656
2006-02-01,44.21631622314453
2006-02-02,43.821876525878906
2006-02-03,43.60734558105469
2006-02-06,43.711151123046875
2006-02-07,43.285552978515625
2006-02-08,43.59696960449219
2006-02-09,43.513919830322266
2006-02-10,43.6038818359375
2006-02-13,43.40666961669922
2006-02-14,43.81841278076172
2006-02-15,43.98448181152344
2006-02-16,44.327030181884766
2006-02-17,44.275146484375
2006-02-21,44.150569915771484
2006-02-22,44.49656295776367
2006-02-23,44.38587188720703
2006-02-24,44.45505142211914
2006-02-27,44.58308792114258
2006-02-28,44.143653869628906
2006-03-01,44.53117752075195
2006-03-02,44.50004196166992
2006-03-03,44.427371978759766
2006-03-06,44.10214614868164
2006-03-07,43.922203063964844
2006-03-08,44.04676818847656
2006-03-09,43.81148910522461
2006-03-10,44.15401077270508
2006-03-13,44.26131057739258
2006-03-14,44.71804428100586
2006-03-15,44.91872024536133
2006-03-16,45.01558303833008
2006-03-17,45.05018615722656
2006-03-20,44.95500564575195
2006-03-21,44.704872131347656
2006-03-22,44.975868225097656
2006-03-23,44.965423583984375
2006-03-24,45.02449417114258
2006-03-27,44.99322509765625
2006-03-28,44.729209899902344
2006-03-29,45.14607238769531
2006-03-30,45.02449417114258
2006-03-31,45.0488166809082
2006-04-03,45.00017166137695
2006-04-04,45.2607307434082
2006-04-05,45.427494049072266
2006-04-06,45.40663528442383
2006-04-07,44.92026138305664
2006-04-10,44.97932052612305
2006-04-11,44.572853088378906
2006-04-12,44.66318130493164
2006-04-13,44.652767181396484
2006-04-17,44.58327865600586
2006-04-18,45.351043701171875
2006-04-19,45.48653793334961
2006-04-20,45.54909133911133
2006-04-21,45.52824401855469
2006-04-24,45.396236419677734
2006-04-25,45.25030517578125
2006-04-26,45.2607307434082
2006-04-27,45.392757415771484
2006-04-28,45.4796028137207
2006-05-01,45.2607307434082
2006-05-02,45.52824401855469
2006-05-03,45.396236419677734
2006-05-04,45.608158111572266
2006-05-05,45.99724578857422
2006-05-08,46.038936614990234
2006-05-09,46.03547668457031
2006-05-10,45.97290802001953
2006-05-11,45.378849029541016
2006-05-12,44.77088165283203
2006-05-15,44.81949234008789
2006-05-16,44.67705535888672
2006-05-17,43.860679626464844
2006-05-18,43.65568542480469
2006-05-19,43.902347564697266
2006-05-22,43.641780853271484
2006-05-23,43.30132293701172
2006-05-24,43.450721740722656
2006-05-25,44.05173873901367
2006-05-26,44.30187225341797
2006-05-30,43.499359130859375
2006-05-31,44.01352310180664
2006-06-01,44.572853088378906
2006-06-02,44.65970993041992
2006-06-05,43.909297943115234
2006-06-06,43.71126937866211
2006-06-07,43.4263916015625
2006-06-08,43.38469314575195
2006-06-09,43.217952728271484
2006-06-12,42.651676177978516
2006-06-13,42.14445114135742
2006-06-14,42.41195297241211
2006-06-15,43.391658782958984
2006-06-16,43.16585922241211
2006-06-19,42.7315788269043
2006-06-20,42.74201202392578
2006-06-21,43.217952728271484
2006-06-22,42.98170471191406
2006-06-23,43.0477180480957
2006-06-26,43.258819580078125
2006-06-27,42.847084045410156
2006-06-28,43.1506462097168
2006-06-29,44.09272384643555
2006-06-30,44.07179641723633
2006-07-03,44.41025161743164
2006-07-05,44.04737091064453
2006-07-06,44.190433502197266
2006-07-07,43.824066162109375
2006-07-10,43.87640380859375
2006-07-11,44.036888122558594
2006-07-12,43.56586837768555
2006-07-13,42.91687774658203
2006-07-14,42.665653228759766
2006-07-17,42.592384338378906
2006-07-18,42.735443115234375
2006-07-19,43.44025421142578
2006-07-20,42.99711608886719
2006-07-21,42.65517044067383
2006-07-24,43.48560333251953
2006-07-25,43.63215255737305
2006-07-26,43.75080108642578
2006-07-27,43.639137268066406
2006-07-28,44.02294158935547
2006-07-31,44.019447326660156
2006-08-01,43.79264450073242
2006-08-02,44.06831741333008
2006-08-03,44.16600799560547
2006-08-04,44.14507293701172
2006-08-07,43.99851608276367
2006-08-08,43.796146392822266
2006-08-09,43.57282638549805
2006-08-10,43.74032211303711
2006-08-11,43.604225158691406
2006-08-14,43.68448257446289
2006-08-15,44.242759704589844
2006-08-16,44.6754264831543
2006-08-17,44.776607513427734
2006-08-18,44.954551696777344
2006-08-21,44.78358840942383
2006-08-22,44.79753112792969
2006-08-23,44.58122253417969
2006-08-24,44.57772445678711
2006-08-25,44.59517288208008
2006-08-28,44.853370666503906
2006-08-29,44.940608978271484
2006-08-30,45.03828811645508
2006-08-31,45.03131103515625
2006-09-01,45.293006896972656
2006-09-05,45.38373565673828
2006-09-06,44.89872741699219
2006-09-07,44.731258392333984
2006-09-08,44.82196044921875
2006-09-11,44.83592224121094
2006-09-12,45.34534454345703
2006-09-13,45.58609390258789
2006-09-14,45.4884033203125
2006-09-15,45.59656524658203
2006-09-18,45.63146209716797
2006-09-19,45.51282501220703
2006-09-20,45.78496551513672
2006-09-21,45.49885559082031
2006-09-22,45.38373565673828
2006-09-25,45.772254943847656
2006-09-26,46.091060638427734
2006-09-27,46.14712142944336
2006-09-28,46.19266891479492
2006-09-29,46.049015045166016
2006-10-02,45.91939926147461
2006-10-03,45.98945999145508
2006-10-04,46.47643280029297
2006-10-05,46.7006721496582
2006-10-06,46.60957336425781
2006-10-09,46.65511703491211
2006-10-10,46.760215759277344
2006-10-11,46.676143646240234
2006-10-12,47.142086029052734
2006-10-13,47.30675506591797
2006-10-16,47.436370849609375
2006-10-17,47.25070571899414
2006-10-18,47.3172607421875
2006-10-19,47.36981201171875
2006-10-20,47.35579299926758
2006-10-23,47.55900192260742
2006-10-24,47.674617767333984
2006-10-25,47.832275390625
2006-10-26,48.08449172973633
2006-10-27,47.7166633605957
2006-10-30,47.73415756225586
2006-10-31,47.674617767333984
2006-11-01,47.28922653198242
2006-11-02,47.2612190246582
2006-11-03,47.25419998168945
2006-11-06,47.77973937988281
2006-11-07,47.94438934326172
2006-11-08,48.0670051574707
2006-11-09,47.80422592163086
2006-11-10,47.91285705566406
2006-11-13,48.021461486816406
2006-11-14,48.39631652832031
2006-11-15,48.57851028442383
2006-11-16,48.68359375
2006-11-17,48.65907287597656
2006-11-20,48.68709945678711
2006-11-21,48.81319808959961
2006-11-22,48.94984817504883
2006-11-24,48.80623245239258
2006-11-27,48.03194808959961
2006-11-28,48.21413803100586
2006-11-29,48.7081184387207
2006-11-30,48.78520584106445
2006-12-01,48.6485710144043
2006-12-04,49.12502670288086
2006-12-05,49.3037109375
2006-12-06,49.27569580078125
2006-12-07,49.054962158203125
2006-12-08,49.13905334472656
2006-12-11,49.24414825439453
2006-12-12,49.16706848144531
2006-12-13,49.25115203857422
2006-12-14,49.62601852416992
2006-12-15,49.640045166015625
2006-12-18,49.43682861328125
2006-12-19,49.50691223144531
2006-12-20,49.48591995239258
2006-12-21,49.293216705322266
2006-12-22,49.01571273803711
2006-12-26,49.30094528198242
2006-12-27,49.63899230957031
2006-12-28,49.56855773925781
2006-12-29,49.37139129638672
2007-01-03,49.279823303222656
2007-01-04,49.37839889526367
2007-01-05,48.987552642822266
2007-01-08,49.167144775390625
2007-01-09,49.167144775390625
2007-01-10,49.276302337646484
2007-01-11,49.64956283569336
2007-01-12,49.97701644897461
2007-01-16,49.88195037841797
2007-01-17,49.91717529296875
2007-01-18,49.64956283569336
2007-01-19,49.843223571777344
2007-01-22,49.646034240722656
2007-01-23,49.78688430786133
2007-01-24,50.227012634277344
2007-01-25,49.66364288330078
2007-01-26,49.63194274902344
2007-01-29,49.64250183105469
2007-01-30,49.92769241333008
2007-01-31,50.29042053222656
2007-02-01,50.57915115356445
2007-02-02,50.64254379272461
2007-02-05,50.702396392822266
2007-02-06,50.70591735839844
2007-02-07,50.87141418457031
2007-02-08,50.80803680419922
2007-02-09,50.42421340942383
2007-02-12,50.24464416503906
2007-02-13,50.67070770263672
2007-02-14,51.008758544921875
2007-02-15,51.019290924072266
2007-02-16,51.054534912109375
2007-02-20,51.2059326171875
2007-02-21,51.2270622253418
2007-02-22,51.2094612121582
2007-02-23,51.043968200683594
2007-02-26,50.97706985473633
2007-02-27,49.08613967895508
2007-02-28,49.47347640991211
2007-03-01,49.3326301574707
2007-03-02,48.628395080566406
2007-03-05,48.06498718261719
2007-03-06,48.8748779296875
2007-03-07,48.83612823486328
2007-03-08,49.244606018066406
2007-03-09,49.26220703125
2007-03-12,49.39249038696289
2007-03-13,48.50514602661133
2007-03-14,48.75163269042969
2007-03-15,48.94529342651367
2007-03-16,48.73402786254883
2007-03-19,49.290367126464844
2007-03-20,49.61431884765625
2007-03-21,50.4066162109375
2007-03-22,50.434791564941406
2007-03-23,50.53336715698242
2007-03-26,50.448856353759766
2007-03-27,50.2473030090332
2007-03-28,49.91841125488281
2007-03-29,50.05634689331055
2007-03-30,50.028045654296875
2007-04-02,50.151817321777344
2007-04-03,50.60799789428711
2007-04-04,50.66102981567383
2007-04-05,50.8025016784668
2007-04-09,50.86260986328125
2007-04-10,51.004058837890625
2007-04-11,50.67871856689453
2007-04-12,51.011131286621094
2007-04-13,51.180877685546875
2007-04-16,51.697174072265625
2007-04-17,51.778499603271484
2007-04-18,51.82448959350586
2007-04-19,51.72901153564453
2007-04-20,52.188716888427734
2007-04-23,52.086158752441406
2007-04-24,52.0791015625
2007-04-25,52.542362213134766
2007-04-26,52.560035705566406
2007-04-27,52.503456115722656
2007-04-30,52.04018783569336
2007-05-01,52.15691375732422
2007-05-02,52.542362213134766
2007-05-03,52.77572250366211
2007-05-04,52.93132781982422
2007-05-07,53.016212463378906
2007-05-08,52.96318054199219
2007-05-09,53.15059280395508
2007-05-10,52.482234954833984
2007-05-11,52.97379684448242
2007-05-14,52.81462860107422
2007-05-15,52.673179626464844
2007-05-16,53.12584686279297
2007-05-17,52.9985237121582
2007-05-18,53.39460754394531
2007-05-21,53.546653747558594
2007-05-22,53.53958511352539
2007-05-23,53.51130294799805
2007-05-24,52.96318054199219
2007-05-25,53.22132110595703
2007-05-29,53.43351745605469
2007-05-30,53.89322280883789
2007-05-31,53.97811508178711
2007-06-01,54.19733810424805
2007-06-04,54.28577423095703
2007-06-05,54.00991439819336
2007-06-06,53.45824432373047
2007-06-07,52.40445327758789
2007-06-08,53.12230682373047
2007-06-11,53.18595886230469
2007-06-12,52.5317497253418
2007-06-13,53.3521614074707
2007-06-14,53.73408508300781
2007-06-15,54.020511627197266
2007-06-18,53.93566131591797
2007-06-19,54.084190368652344
2007-06-20,53.37337112426758
2007-06-21,53.63861083984375
2007-06-22,53.18595886230469
2007-06-25,52.81003952026367
2007-06-26,52.380523681640625
2007-06-27,53.15436935424805
2007-06-28,53.14725112915039
2007-06-29,53.02659225463867
2007-07-02,53.64067840576172
2007-07-03,53.871421813964844
2007-07-05,53.84300231933594
2007-07-06,54.14120864868164
2007-07-09,54.112815856933594
2007-07-10,53.37091064453125
2007-07-11,53.76137924194336
2007-07-12,54.57428741455078
2007-07-13,54.73756408691406
2007-07-16,54.69850540161133
2007-07-17,54.66657638549805
2007-07-18,54.54231643676758
2007-07-19,54.67365264892578
2007-07-20,54.183799743652344
2007-07-23,54.2902946472168
2007-07-24,53.33895492553711
2007-07-25,53.349609375
2007-07-26,52.08588409423828
2007-07-27,51.10614013671875
2007-07-30,51.86224365234375
2007-07-31,51.15228271484375
2007-08-01,51.45402526855469
2007-08-02,51.89064407348633
2007-08-03,50.54172897338867
2007-08-06,51.393680572509766
2007-08-07,51.78060531616211
2007-08-08,52.56157302856445
2007-08-09,51.1345329284668
2007-08-10,51.01740264892578
2007-08-13,51.11680221557617
2007-08-14,50.225807189941406
2007-08-15,49.55488967895508
2007-08-16,49.87435531616211
2007-08-17,50.783119201660156
2007-08-20,50.88960266113281
2007-08-21,50.89672088623047
2007-08-22,51.60667419433594
2007-08-23,51.52499771118164
2007-08-24,52.12849807739258
2007-08-27,51.58536911010742
2007-08-28,50.52751922607422
2007-08-29,51.532127380371094
2007-08-30,51.397212982177734
2007-08-31,51.90483856201172
2007-09-04,52.50830078125
2007-09-05,52.04684829711914
2007-09-06,52.203025817871094
2007-09-07,51.446922302246094
2007-09-10,51.22683334350586
2007-09-11,51.89772415161133
2007-09-12,52.07523727416992
2007-09-13,52.270469665527344
2007-09-14,52.316627502441406
2007-09-17,52.039764404296875
2007-09-18,53.49159240722656
2007-09-19,53.87852478027344
2007-09-20,53.55194091796875
2007-09-21,53.67973709106445
2007-09-24,53.52717208862305
2007-09-25,53.40237808227539
2007-09-26,53.79452133178711
2007-09-27,54.09041213989258
2007-09-28,53.901466369628906
2007-10-01,54.59659957885742
2007-10-02,54.50750732421875
2007-10-03,54.421939849853516
2007-10-04,54.52531433105469
2007-10-05,55.117088317871094
2007-10-08,55.04579544067383
2007-10-09,55.43082046508789
2007-10-10,55.32387924194336
2007-10-11,55.010169982910156
2007-10-12,55.28464126586914
2007-10-15,54.853302001953125
2007-10-16,54.46472930908203
2007-10-17,54.503936767578125
2007-10-18,54.51819610595703
2007-10-19,53.1171760559082
2007-10-22,53.37743377685547
2007-10-23,53.75886154174805
2007-10-24,53.72323989868164
2007-10-25,53.68756866455078
2007-10-26,54.33284378051758
2007-10-29,54.55028533935547
2007-10-30,54.16170883178711
2007-10-31,54.867557525634766
2007-11-01,53.47724533081055
2007-11-02,53.466556549072266
2007-11-05,53.04590606689453
2007-11-06,53.780277252197266
2007-11-07,52.29725646972656
2007-11-08,52.22952651977539
2007-11-09,51.54149627685547
2007-11-12,50.87130355834961
2007-11-13,52.357845306396484
2007-11-14,52.17605209350586
2007-11-15,51.423828125
2007-11-16,51.6270637512207
2007-11-19,50.78215789794922
2007-11-20,50.978240966796875
2007-11-21,50.08702087402344
2007-11-23,50.83565139770508
2007-11-26,49.841033935546875
2007-11-27,50.45064163208008
2007-11-28,51.9942512512207
2007-11-29,52.019187927246094
2007-11-30,52.38637924194336
2007-12-03,52.069114685058594
2007-12-04,51.7339973449707
2007-12-05,52.507598876953125
2007-12-06,53.26690673828125
2007-12-07,53.33108139038086
2007-12-10,53.78737258911133
2007-12-11,52.32221984863281
2007-12-12,52.653751373291016
2007-12-13,52.660884857177734
2007-12-14,51.94076919555664
2007-12-17,51.145774841308594
2007-12-18,51.51296615600586
2007-12-19,51.459503173828125
2007-12-20,51.81826400756836
2007-12-21,52.61750793457031
2007-12-24,53.1085090637207
2007-12-26,53.151546478271484
2007-12-27,52.48491287231445
2007-12-28,52.284217834472656
2007-12-31,52.022552490234375
2008-01-02,51.40611267089844
2008-01-03,51.34516906738281
2008-01-04,49.97247314453125
2008-01-07,49.99757766723633
2008-01-08,49.101566314697266
2008-01-09,49.62123107910156
2008-01-10,49.94740676879883
2008-01-11,49.47787094116211
2008-01-14,49.95455551147461
2008-01-15,48.74314880371094
2008-01-16,48.44926071166992
2008-01-17,47.11598587036133
2008-01-18,46.79702377319336
2008-01-22,46.2773323059082
2008-01-23,47.48872375488281
2008-01-24,47.79336929321289
2008-01-25,47.09807205200195
2008-01-28,48.08368682861328
2008-01-29,48.280818939208984
2008-01-30,47.84355545043945
2008-01-31,48.8148193359375
2008-02-01,49.603336334228516
2008-02-04,49.015525817871094
2008-02-05,47.62492370605469
2008-02-06,47.262935638427734
2008-02-07,47.69662094116211
2008-02-08,47.41704559326172
2008-02-11,47.693023681640625
2008-02-12,48.13386917114258
2008-02-13,48.68223190307617
2008-02-14,48.051429748535156
2008-02-15,48.06219482421875
2008-02-19,48.21630096435547
2008-02-20,48.44208526611328
2008-02-21,47.90089416503906
2008-02-22,48.12311553955078
2008-02-25,48.92953109741211
2008-02-26,49.24491500854492
2008-02-27,49.166080474853516
2008-02-28,48.671470642089844
2008-02-29,47.59626007080078
2008-03-03,47.42778396606445
2008-03-04,47.27725601196289
2008-03-05,47.542484283447266
2008-03-06,46.55686569213867
2008-03-07,46.05509948730469
2008-03-10,45.352630615234375
2008-03-11,46.95830535888672
2008-03-12,46.510284423828125
2008-03-13,46.81134796142578
2008-03-14,45.95117950439453
2008-03-17,45.42072677612305
2008-03-18,47.309532165527344
2008-03-19,46.04435348510742
2008-03-20,47.00846481323242
2008-03-24,48.02635955810547
2008-03-25,48.09584045410156
2008-03-26,47.53050994873047
2008-03-27,47.35407638549805
2008-03-28,46.93275451660156
2008-03-31,47.170440673828125
2008-04-01,48.779998779296875
2008-04-02,48.812400817871094
2008-04-03,48.8700065612793
2008-04-04,48.88801193237305
2008-04-07,48.9132080078125
2008-04-08,48.82320022583008
2008-04-09,48.383888244628906
2008-04-10,48.62875747680664
2008-04-11,47.63493347167969
2008-04-14,47.472904205322266
2008-04-15,47.699771881103516
2008-04-16,48.88080596923828
2008-04-17,48.942020416259766
2008-04-18,49.61536407470703
2008-04-21,49.51094055175781
2008-04-22,49.09685134887695
2008-04-23,49.248085021972656
2008-04-24,49.52172088623047
2008-04-25,49.90343475341797
2008-04-28,49.881832122802734
2008-04-29,49.67299270629883
2008-04-30,49.47492980957031
2008-05-01,50.34634017944336
2008-05-02,50.4903450012207
2008-05-05,50.23110580444336
2008-05-06,50.659603118896484
2008-05-07,49.946632385253906
2008-05-08,49.84580993652344
2008-05-09,49.8170166015625
2008-05-12,50.3319206237793
2008-05-13,50.389530181884766
2008-05-14,50.547969818115234
2008-05-15,51.084495544433594
2008-05-16,51.17451858520508
2008-05-19,51.25370407104492
2008-05-20,50.83244323730469
2008-05-21,49.97903823852539
2008-05-22,50.14830017089844
2008-05-23,49.424537658691406
2008-05-27,49.85663986206055
2008-05-28,50.155487060546875
2008-05-29,50.375144958496094
2008-05-30,50.472347259521484
2008-06-02,50.069061279296875
2008-06-03,49.79901885986328
2008-06-04,49.88903045654297
2008-06-05,50.86125183105469
2008-06-06,49.32733154296875
2008-06-09,49.366920471191406
2008-06-10,49.118465423583984
2008-06-11,48.37668991088867
2008-06-12,48.520729064941406
2008-06-13,49.240882873535156
2008-06-16,49.323692321777344
2008-06-17,48.9708366394043
2008-06-18,48.61074447631836
2008-06-19,48.75477981567383
2008-06-20,47.96259689331055
2008-06-23,47.818580627441406
2008-06-24,47.581966400146484
2008-06-25,47.92203140258789
2008-06-26,46.53278732299805
2008-06-27,46.4676628112793
2008-06-30,46.37360763549805
2008-07-01,46.59066390991211
2008-07-02,45.63556671142578
2008-07-03,45.59214782714844
2008-07-07,45.150760650634766
2008-07-08,45.982872009277344
2008-07-09,45.04946517944336
2008-07-10,45.331668853759766
2008-07-11,44.93370056152344
2008-07-14,44.49233627319336
2008-07-15,43.92070007324219
2008-07-16,44.93370056152344
2008-07-17,45.404022216796875
2008-07-18,45.65727996826172
2008-07-21,45.7802734375
2008-07-22,46.388084411621094
2008-07-23,46.61238479614258
2008-07-24,45.519798278808594
2008-07-25,45.65727996826172
2008-07-28,45.042232513427734
2008-07-29,45.997344970703125
2008-07-30,46.61238479614258
2008-07-31,46.08417892456055
2008-08-01,45.88158416748047
2008-08-04,45.49808120727539
2008-08-05,46.66303634643555
2008-08-06,46.72091293334961
2008-08-07,46.05524826049805
2008-08-08,47.03205871582031
2008-08-11,47.502384185791016
2008-08-12,46.98139953613281
2008-08-13,46.87287521362305
2008-08-14,47.11887741088867
2008-08-15,47.39383316040039
2008-08-18,46.6992073059082
2008-08-19,46.207176208496094
2008-08-20,46.37360763549805
2008-08-21,46.496620178222656
2008-08-22,47.147823333740234
2008-08-25,46.15653610229492
2008-08-26,46.3084716796875
2008-08-27,46.61961364746094
2008-08-28,47.37938690185547
2008-08-29,46.75708770751953
2008-09-02,46.561737060546875
2008-09-03,46.47490310668945
2008-09-04,45.04946517944336
2008-09-05,45.317195892333984
2008-09-08,46.10587692260742
2008-09-09,44.50679016113281
2008-09-10,44.8034553527832
2008-09-11,45.43296813964844
2008-09-12,45.88158416748047
2008-09-15,43.775978088378906
2008-09-16,44.34037780761719
2008-09-17,42.3577995300293
2008-09-18,43.775978088378906
2008-09-19,45.88882064819336
2008-09-22,44.304195404052734
2008-09-23,43.551673889160156
2008-09-24,43.51241683959961
2008-09-25,44.29047393798828
2008-09-26,44.25410079956055
2008-09-29,41.338233947753906
2008-09-30,42.43621826171875
2008-10-01,42.38533020019531
2008-10-02,40.480224609375
2008-10-03,39.86215591430664
2008-10-06,38.473289489746094
2008-10-07,36.124629974365234
2008-10-08,35.433815002441406
2008-10-09,33.20875549316406
2008-10-10,32.248924255371094
2008-10-13,36.386383056640625
2008-10-14,36.073707580566406
2008-10-15,32.69974899291992
2008-10-16,34.20494079589844
2008-10-17,33.8849983215332
2008-10-20,35.622894287109375
2008-10-21,34.54670333862305
2008-10-22,32.61976623535156
2008-10-23,33.026973724365234
2008-10-24,31.441795349121094
2008-10-27,30.423786163330078
2008-10-28,33.47780990600586
2008-10-29,33.14332580566406
2008-10-30,34.26311492919922
2008-10-31,35.01935958862305
2008-11-03,34.90299606323242
2008-11-04,36.16096115112305
2008-11-05,34.372196197509766
2008-11-06,32.68520736694336
2008-11-07,33.52869415283203
2008-11-10,33.1578483581543
2008-11-11,32.40162658691406
2008-11-12,30.743724822998047
2008-11-13,32.77247619628906
2008-11-14,31.376358032226562
2008-11-17,30.554668426513672
2008-11-18,30.838247299194336
2008-11-19,28.969493865966797
2008-11-20,27.0352783203125
2008-11-21,28.569561004638672
2008-11-24,30.27109718322754
2008-11-25,30.692819595336914
2008-11-26,31.827146530151367
2008-11-28,32.212554931640625
2008-12-01,29.333049774169922
2008-12-02,30.489229202270508
2008-12-03,31.274545669555664
2008-12-04,30.343793869018555
2008-12-05,31.419973373413086
2008-12-08,32.61976623535156
2008-12-09,32.02349090576172
2008-12-10,32.38706970214844
2008-12-11,31.4781551361084
2008-12-12,31.790821075439453
2008-12-15,31.267282485961914
2008-12-16,32.91061782836914
2008-12-17,32.6706657409668
2008-12-18,32.10348892211914
2008-12-19,32.074398040771484
2008-12-22,31.62379264831543
2008-12-23,31.2867431640625
2008-12-24,31.411296844482422
2008-12-26,31.741016387939453
2008-12-29,31.499221801757812
2008-12-30,32.32720184326172
2008-12-31,32.781463623046875
2009-01-02,33.72666931152344
2009-01-05,33.719337463378906
2009-01-06,33.99776840209961
2009-01-07,33.04524230957031
2009-01-08,33.19178009033203
2009-01-09,32.37847900390625
2009-01-12,31.66775894165039
2009-01-13,31.71171760559082
2009-01-14,30.678579330444336
2009-01-15,30.788503646850586
2009-01-16,31.015636444091797
2009-01-20,29.403690338134766
2009-01-21,30.60532569885254
2009-01-22,30.077768325805664
2009-01-23,30.260944366455078
2009-01-26,30.429468154907227
2009-01-27,30.788503646850586
2009-01-28,31.85092544555664
2009-01-29,30.803176879882812
2009-01-30,30.143705368041992
2009-02-02,30.092437744140625
2009-02-03,30.517396926879883
2009-02-04,30.35619354248047
2009-02-05,30.83978271484375
2009-02-06,31.72637367248535
2009-02-09,31.73369789123535
2009-02-10,30.282928466796875
2009-02-11,30.46611213684082
2009-02-12,30.54669761657715
2009-02-13,30.238975524902344
2009-02-17,28.934751510620117
2009-02-18,28.839496612548828
2009-02-19,28.531753540039062
2009-02-20,28.194704055786133
2009-02-23,27.234853744506836
2009-02-24,28.2239990234375
2009-02-25,28.00420379638672
2009-02-26,27.49130630493164
2009-02-27,26.971088409423828
2009-03-02,25.718143463134766
2009-03-03,25.498329162597656
2009-03-04,26.055194854736328
2009-03-05,25.000083923339844
2009-03-06,24.992759704589844
2009-03-09,24.692346572875977
2009-03-10,26.267677307128906
2009-03-11,26.362924575805664
2009-03-12,27.447338104248047
2009-03-13,27.74042320251465
2009-03-16,27.5865535736084
2009-03-17,28.458478927612305
2009-03-18,29.066638946533203
2009-03-19,28.7735538482666
2009-03-20,28.1653995513916
2009-03-23,30.121726989746094
2009-03-24,29.520912170410156
2009-03-25,29.829301834106445
2009-03-26,30.574491500854492
2009-03-27,29.999021530151367
2009-03-30,28.943944931030273
2009-03-31,29.202186584472656
2009-04-01,29.78504180908203
2009-04-02,30.677785873413086
2009-04-03,31.06143569946289
2009-04-06,30.75893783569336
2009-04-07,29.976858139038086
2009-04-08,30.397418975830078
2009-04-09,31.62953758239746
2009-04-13,31.673809051513672
2009-04-14,31.083580017089844
2009-04-15,31.41558837890625
2009-04-16,31.954164505004883
2009-04-17,32.16814422607422
2009-04-20,30.803213119506836
2009-04-21,31.41558837890625
2009-04-22,31.282791137695312
2009-04-23,31.504117965698242
2009-04-24,32.057472229003906
2009-04-27,31.725461959838867
2009-04-28,31.66642951965332
2009-04-29,32.418983459472656
2009-04-30,32.411624908447266
2009-05-01,32.596065521240234
2009-05-04,33.71014404296875
2009-05-05,33.59210205078125
2009-05-06,34.115943908691406
2009-05-07,33.58472442626953
2009-05-08,34.34465026855469
2009-05-11,33.754417419433594
2009-05-12,33.6658935546875
2009-05-13,32.70673370361328
2009-05-14,33.038734436035156
2009-05-15,32.69198989868164
2009-05-18,33.69540023803711
2009-05-19,33.7027702331543
2009-05-20,33.51094436645508
2009-05-21,32.90593719482422
2009-05-22,32.928077697753906
2009-05-26,33.81343078613281
2009-05-27,33.245338439941406
2009-05-28,33.65848922729492
2009-05-29,34.182350158691406
2009-06-01,35.03080749511719
2009-06-02,35.170989990234375
2009-06-03,34.74308776855469
2009-06-04,35.08984375
2009-06-05,35.0234260559082
2009-06-08,34.92752456665039
2009-06-09,35.111968994140625
2009-06-10,35.0234260559082
2009-06-11,35.23000717163086
2009-06-12,35.2595329284668
2009-06-15,34.44056701660156
2009-06-16,33.961002349853516
2009-06-17,33.91673278808594
2009-06-18,34.1011848449707
2009-06-19,34.22661209106445
2009-06-22,33.23794937133789
2009-06-23,33.23794937133789
2009-06-24,33.49969482421875
2009-06-25,34.27823257446289
2009-06-26,34.211517333984375
2009-06-29,34.53776931762695
2009-06-30,34.30789566040039
2009-07-01,34.508087158203125
2009-07-02,33.6035041809082
2009-07-06,33.477447509765625
2009-07-07,32.78786849975586
2009-07-08,32.743385314941406
2009-07-09,32.81012725830078
2009-07-10,32.72856521606445
2009-07-13,33.48485565185547
2009-07-14,33.722137451171875
2009-07-15,34.73054122924805
2009-07-16,35.07160568237305
2009-07-17,35.08644104003906
2009-07-20,35.47941589355469
2009-07-21,35.6351318359375
2009-07-22,35.657379150390625
2009-07-23,36.50265121459961
2009-07-24,36.62128448486328
2009-07-27,36.777000427246094
2009-07-28,36.68802261352539
2009-07-29,36.510066986083984
2009-07-30,36.90306091308594
2009-07-31,36.96236038208008
2009-08-03,37.58519744873047
2009-08-04,37.726078033447266
2009-08-05,37.63710021972656
2009-08-06,37.37759780883789
2009-08-07,37.90403366088867
2009-08-10,37.8150634765625
2009-08-11,37.32569122314453
2009-08-12,37.73350524902344
2009-08-13,38.067161560058594
2009-08-14,37.71864700317383
2009-08-17,36.739925384521484
2009-08-18,37.125492095947266
2009-08-19,37.44432067871094
2009-08-20,37.800235748291016
2009-08-21,38.5046272277832
2009-08-24,38.5565299987793
2009-08-25,38.630680084228516
2009-08-26,38.60103225708008
2009-08-27,38.7344856262207
2009-08-28,38.7048225402832
2009-08-31,38.334075927734375
2009-09-01,37.48881912231445
2009-09-02,37.33310317993164
2009-09-03,37.6741828918457
2009-09-04,38.156131744384766
2009-09-08,38.541717529296875
2009-09-09,38.92727279663086
2009-09-10,39.32767105102539
2009-09-11,39.35731887817383
2009-09-14,39.564937591552734
2009-09-15,39.757720947265625
2009-09-16,40.380550384521484
2009-09-17,40.30641174316406
2009-09-18,40.3657112121582
2009-09-21,40.254520416259766
2009-09-22,40.49178695678711
2009-09-23,40.07654571533203
2009-09-24,39.65046691894531
2009-09-25,39.397216796875
2009-09-28,40.13465118408203
2009-09-29,40.06760787963867
2009-09-30,39.91862106323242
2009-10-01,38.86088180541992
2009-10-02,38.62997817993164
2009-10-05,39.22587203979492
2009-10-06,39.806884765625
2009-10-07,39.89627456665039
2009-10-08,40.24638366699219
2009-10-09,40.5219841003418
2009-10-12,40.67096710205078
2009-10-13,40.559234619140625
2009-10-14,41.28177261352539
2009-10-15,41.42330551147461
2009-10-16,41.117919921875
2009-10-19,41.45310592651367
2009-10-20,41.19983673095703
2009-10-21,40.79758834838867
2009-10-22,41.23708724975586
2009-10-23,40.70820999145508
2009-10-26,40.24638366699219
2009-10-27,40.03036117553711
2009-10-28,39.158851623535156
2009-10-29,39.94845199584961
2009-10-30,38.86832809448242
2009-11-02,39.08434295654297
2009-11-03,39.263126373291016
2009-11-04,39.330177307128906
2009-11-05,40.0825080871582
2009-11-06,40.18679428100586
2009-11-09,41.088111877441406
2009-11-10,41.10300827026367
2009-11-11,41.31155776977539
2009-11-12,40.8497428894043
2009-11-13,41.088111877441406
2009-11-16,41.70637130737305
2009-11-17,41.75105667114258
2009-11-18,41.72126770019531
2009-11-19,41.1253547668457
2009-11-20,40.998722076416016
2009-11-23,41.48290252685547
2009-11-24,41.51271057128906
2009-11-25,41.676570892333984
2009-11-27,40.97637176513672
2009-11-30,41.080657958984375
2009-12-01,41.58718490600586
2009-12-02,41.70637130737305
2009-12-03,41.33391189575195
2009-12-04,41.63932418823242
2009-12-07,41.58718490600586
2009-12-08,41.1551513671875
2009-12-09,41.28923416137695
2009-12-10,41.49779510498047
2009-12-11,41.70637130737305
2009-12-14,42.01923370361328
2009-12-15,41.84043502807617
2009-12-16,41.944732666015625
2009-12-17,41.47544479370117
2009-12-18,41.72871398925781
2009-12-21,42.138404846191406
2009-12-22,42.35430145263672
2009-12-23,42.496734619140625
2009-12-24,42.714111328125
2009-12-28,42.766597747802734
2009-12-29,42.691627502441406
2009-12-30,42.67664337158203
2009-12-31,42.25684356689453
2010-01-04,42.96149444580078
2010-01-05,43.12641143798828
2010-01-06,43.18638229370117
2010-01-07,43.36629867553711
2010-01-08,43.50873947143555
2010-01-11,43.568702697753906
2010-01-12,43.11892318725586
2010-01-13,43.52373504638672
2010-01-14,43.59868240356445
2010-01-15,43.10392761230469
2010-01-19,43.67366027832031
2010-01-20,43.26885986328125
2010-01-21,42.474246978759766
2010-01-22,41.537208557128906
2010-01-25,41.717105865478516
2010-01-26,41.529701232910156
2010-01-27,41.73209762573242
2010-01-28,41.23734664916992
2010-01-29,40.750083923339844
2010-02-01,41.372276306152344
2010-02-02,41.90452194213867
2010-02-03,41.69462585449219
2010-02-04,40.39775466918945
2010-02-05,40.46521759033203
2010-02-08,40.15036392211914
2010-02-09,40.682621002197266
2010-02-10,40.62263870239258
2010-02-11,41.05742263793945
2010-02-12,41.05742263793945
2010-02-16,41.747100830078125
2010-02-17,41.9794807434082
2010-02-18,42.219364166259766
2010-02-19,42.3692741394043
2010-02-22,42.301815032958984
2010-02-23,41.79206085205078
2010-02-24,42.166893005371094
2010-02-25,42.151878356933594
2010-02-26,42.151878356933594
2010-03-01,42.654151916503906
2010-03-02,42.789100646972656
2010-03-03,42.841556549072266
2010-03-04,42.954002380371094
2010-03-05,43.63617706298828
2010-03-08,43.6436653137207
2010-03-09,43.733619689941406
2010-03-10,43.96602249145508
2010-03-11,44.130924224853516
2010-03-12,44.130924224853516
2010-03-15,44.11593246459961
2010-03-16,44.475765228271484
2010-03-17,44.76061248779297
2010-03-18,44.70815658569336
2010-03-19,44.4157829284668
2010-03-22,44.73064041137695
2010-03-23,45.04548263549805
2010-03-24,44.78310775756836
2010-03-25,44.704833984375
2010-03-26,44.69731903076172
2010-03-29,44.960723876953125
2010-03-30,44.983306884765625
2010-03-31,44.84782028198242
2010-04-01,45.17146301269531
2010-04-05,45.60797119140625
2010-04-06,45.73590850830078
2010-04-07,45.49509048461914
2010-04-08,45.60043716430664
2010-04-09,45.90901184082031
2010-04-12,46.014381408691406
2010-04-13,46.05953598022461
2010-04-14,46.62397766113281
2010-04-15,46.68418502807617
2010-04-16,45.95415115356445
2010-04-19,46.074588775634766
2010-04-20,46.51110076904297
2010-04-21,46.47346878051758
2010-04-22,46.699256896972656
2010-04-23,47.015350341796875
2010-04-26,46.849769592285156
2010-04-27,45.72087097167969
2010-04-28,46.02188491821289
2010-04-29,46.62397766113281
2010-04-30,45.826229095458984
2010-05-03,46.44335174560547
2010-05-04,45.31446075439453
2010-05-05,44.9456672668457
2010-05-06,43.432926177978516
2010-05-07,42.612586975097656
2010-05-10,44.56937026977539
2010-05-11,44.53174591064453
2010-05-12,45.24671173095703
2010-05-13,44.704833984375
2010-05-14,43.899559020996094
2010-05-17,43.929649353027344
2010-05-18,43.304996490478516
2010-05-19,42.99641799926758
2010-05-20,41.32563018798828
2010-05-21,41.92772674560547
2010-05-24,41.40089797973633
2010-05-25,41.40089797973633
2010-05-26,41.227787017822266
2010-05-27,42.67280578613281
2010-05-28,42.213706970214844
2010-06-01,41.3406982421875
2010-06-02,42.41692352294922
2010-06-03,42.642704010009766
2010-06-04,41.145023345947266
2010-06-07,40.475189208984375
2010-06-08,40.82138442993164
2010-06-09,40.633235931396484
2010-06-10,41.88256072998047
2010-06-11,42.138458251953125
2010-06-14,42.14598083496094
2010-06-15,43.094261169433594
2010-06-16,43.049102783203125
2010-06-17,43.12436294555664
2010-06-18,43.15446090698242
2010-06-21,42.9888916015625
2010-06-22,42.251346588134766
2010-06-23,42.08576965332031
2010-06-24,41.419517517089844
2010-06-25,41.63125991821289
2010-06-28,41.495147705078125
2010-06-29,40.186832427978516
2010-06-30,39.748207092285156
2010-07-01,39.57427978515625
2010-07-02,39.38522720336914
2010-07-06,39.5062255859375
2010-07-07,40.79182052612305
2010-07-08,41.19264602661133
2010-07-09,41.5102653503418
2010-07-12,41.525390625
2010-07-13,42.20600128173828
2010-07-14,42.19845199584961
2010-07-15,42.23624801635742
2010-07-16,41.01114273071289
2010-07-19,41.245582580566406
2010-07-20,41.72200393676758
2010-07-21,41.20022201538086
2010-07-22,42.11528015136719
2010-07-23,42.546302795410156
2010-07-26,43.0681266784668
2010-07-27,43.015193939208984
2010-07-28,42.712703704833984
2010-07-29,42.49338150024414
2010-07-30,42.53876876831055
2010-08-02,43.45381546020508
2010-08-03,43.219390869140625
2010-08-04,43.5596923828125
2010-08-05,43.46894454956055
2010-08-06,43.310123443603516
2010-08-09,43.537010192871094
2010-08-10,43.26475143432617
2010-08-11,41.9867057800293
2010-08-12,41.752254486083984
2010-08-13,41.59344482421875
2010-08-16,41.555641174316406
2010-08-17,42.145503997802734
2010-08-18,42.24382781982422
2010-08-19,41.5026969909668
2010-08-20,41.35902404785156
2010-08-23,41.13969802856445
2010-08-24,40.54982376098633
2010-08-25,40.67838668823242
2010-08-26,40.428855895996094
2010-08-27,41.12458038330078
2010-08-30,40.52714157104492
2010-08-31,40.53471755981445
2010-09-01,41.72200393676758
2010-09-02,42.1606330871582
2010-09-03,42.72026443481445
2010-09-07,42.25895309448242
2010-09-08,42.47825622558594
2010-09-09,42.68999481201172
2010-09-10,42.871517181396484
2010-09-13,43.416019439697266
2010-09-14,43.40843200683594
2010-09-15,43.552127838134766
2010-09-16,43.537010192871094
2010-09-17,43.5596923828125
2010-09-20,44.278106689453125
2010-09-21,44.172245025634766
2010-09-22,43.93782043457031
2010-09-23,43.5596923828125
2010-09-24,44.48481369018555
2010-09-27,44.2947883605957
2010-09-28,44.54563522338867
2010-09-29,44.469600677490234
2010-09-30,44.37076950073242
2010-10-01,44.56843185424805
2010-10-04,44.17314147949219
2010-10-05,45.092933654785156
2010-10-06,45.047340393066406
2010-10-07,44.98652648925781
2010-10-08,45.29058837890625
2010-10-11,45.35898208618164
2010-10-12,45.518638610839844
2010-10-13,45.87591552734375
2010-10-14,45.75429153442383
2010-10-15,45.792293548583984
2010-10-18,46.04316329956055
2010-10-19,45.374202728271484
2010-10-20,45.83030700683594
2010-10-21,45.90632247924805
2010-10-22,46.04316329956055
2010-10-25,46.19518280029297
2010-10-26,46.18757629394531
2010-10-27,46.09635543823242
2010-10-28,46.09635543823242
2010-10-29,46.15718078613281
2010-11-01,46.16476821899414
2010-11-02,46.5296516418457
2010-11-03,46.719688415527344
2010-11-04,47.63188934326172
2010-11-05,47.8447265625
2010-11-08,47.78392028808594
2010-11-09,47.411441802978516
2010-11-10,47.61668014526367
2010-11-11,47.487457275390625
2010-11-12,46.88694763183594
2010-11-15,46.81852722167969
2010-11-16,46.07355880737305
2010-11-17,46.14958190917969
2010-11-18,46.795719146728516
2010-11-19,46.985755920410156
2010-11-22,46.99335861206055
2010-11-23,46.32441329956055
2010-11-24,47.06935501098633
2010-11-26,46.75009536743164
2010-11-29,46.68168258666992
2010-11-30,46.392822265625
2010-12-01,47.388633728027344
2010-12-02,47.996761322021484
2010-12-03,48.148807525634766
2010-12-06,48.133602142333984
2010-12-07,48.18681716918945
2010-12-08,48.32363510131836
2010-12-09,48.498477935791016
2010-12-10,48.81015396118164
2010-12-13,48.82534408569336
2010-12-14,48.840545654296875
2010-12-15,48.62771224975586
2010-12-16,48.916568756103516
2010-12-17,49.00779724121094
2010-12-20,49.13701248168945
2010-12-21,49.4334831237793
2010-12-22,49.62148666381836
2010-12-23,49.552703857421875
2010-12-27,49.58325958251953
2010-12-28,49.62911605834961
2010-12-29,49.70555114746094
2010-12-30,49.64441680908203
2010-12-31,49.62148666381836
2011-01-03,50.13351058959961
2011-01-04,50.03417205810547
2011-01-05,50.30928421020508
2011-01-06,50.19464111328125
2011-01-07,50.08002853393555
2011-01-10,50.11823654174805
2011-01-11,50.316932678222656
2011-01-12,50.76783752441406
2011-01-13,50.691402435302734
2011-01-14,51.020050048828125
2011-01-18,51.14994430541992
2011-01-19,50.53854751586914
2011-01-20,50.385704040527344
2011-01-21,50.46976852416992
2011-01-24,50.752540588378906
2011-01-25,50.783111572265625
2011-01-26,51.07352828979492
2011-01-27,51.226341247558594
2011-01-28,50.30928421020508
2011-01-31,50.63790512084961
2011-02-01,51.47092819213867
2011-02-02,51.4097900390625
2011-02-03,51.5244140625
2011-02-04,51.66961669921875
2011-02-07,52.01352310180664
2011-02-08,52.27334976196289
2011-02-09,52.13578414916992
2011-02-10,52.19694519042969
2011-02-11,52.54083251953125
2011-02-14,52.67840576171875
2011-02-15,52.5102653503418
2011-02-16,52.85416793823242
2011-02-17,53.04523849487305
2011-02-18,53.144596099853516
2011-02-22,52.00587844848633
2011-02-23,51.57026290893555
2011-02-24,51.57791519165039
2011-02-25,52.22750473022461
2011-02-28,52.5102653503418
2011-03-01,51.62376403808594
2011-03-02,51.73076629638672
2011-03-03,52.670745849609375
2011-03-04,52.319217681884766
2011-03-07,51.845401763916016
2011-03-08,52.31156921386719
2011-03-09,52.23514175415039
2011-03-10,51.2339973449707
2011-03-11,51.57791519165039
2011-03-14,51.26458740234375
2011-03-15,50.721988677978516
2011-03-16,49.8431282043457
2011-03-17,50.41627883911133
2011-03-18,50.653194427490234
2011-03-21,51.448001861572266
2011-03-22,51.27986526489258
2011-03-23,51.402137756347656
2011-03-24,51.8912353515625
2011-03-25,52.07772445678711
2011-03-28,51.9549446105957
2011-03-29,52.33866500854492
2011-03-30,52.730037689208984
2011-03-31,52.730037689208984
2011-04-01,52.98331069946289
2011-04-04,53.029335021972656
2011-04-05,53.060054779052734
2011-04-06,53.19818115234375
2011-04-07,53.04468536376953
2011-04-08,52.822139739990234
2011-04-11,52.63029098510742
2011-04-12,52.18516540527344
2011-04-13,52.21586608886719
2011-04-14,52.2465705871582
2011-04-15,52.49983215332031
2011-04-18,51.87053680419922
2011-04-19,52.16983413696289
2011-04-20,52.92958068847656
2011-04-21,53.190521240234375
2011-04-25,53.13676834106445
2011-04-26,53.604923248291016
2011-04-27,53.957923889160156
2011-04-28,54.119083404541016
2011-04-29,54.257225036621094
2011-05-02,54.165157318115234
2011-05-03,53.86582946777344
2011-05-04,53.46677017211914
2011-05-05,53.03701400756836
2011-05-06,53.26725769042969
2011-05-09,53.551185607910156
2011-05-10,54.0269889831543
2011-05-11,53.47446060180664
2011-05-12,53.72771453857422
2011-05-13,53.2365608215332
2011-05-16,52.86819076538086
2011-05-17,52.822139739990234
2011-05-18,53.32862854003906
2011-05-19,53.45912170410156
2011-05-20,53.060054779052734
2011-05-23,52.38469314575195
2011-05-24,52.33098602294922
2011-05-25,52.54587173461914
2011-05-26,52.86049270629883
2011-05-27,53.10609436035156
2011-05-31,53.68165969848633
2011-06-01,52.461456298828125
2011-06-02,52.361690521240234
2011-06-03,51.82447814941406
2011-06-06,51.22589111328125
2011-06-07,51.20285415649414
2011-06-08,50.93428421020508
2011-06-09,51.294960021972656
2011-06-10,50.56589126586914
2011-06-13,50.5582275390625
2011-06-14,51.256587982177734
2011-06-15,50.343345642089844
2011-06-16,50.427764892578125
2011-06-17,50.58892059326172
2011-06-20,50.82682418823242
2011-06-21,51.60193634033203
2011-06-22,51.317970275878906
2011-06-23,51.233558654785156
2011-06-24,50.650123596191406
2011-06-27,51.08173370361328
2011-06-28,51.7907829284668
2011-06-29,52.24549102783203
2011-06-30,52.71561050415039
2011-07-01,53.47087097167969
2011-07-05,53.463199615478516
2011-07-06,53.57109451293945
2011-07-07,54.149112701416016
2011-07-08,53.76375961303711
2011-07-11,52.76955795288086
2011-07-12,52.538352966308594
2011-07-13,52.73872375488281
2011-07-14,52.29172897338867
2011-07-15,52.62312698364258
2011-07-18,52.1375732421875
2011-07-19,53.01618957519531
2011-07-20,52.98534393310547
2011-07-21,53.63273620605469
2011-07-22,53.72520065307617
2011-07-25,53.378414154052734
2011-07-26,53.1549072265625
2011-07-27,51.983455657958984
2011-07-28,51.80619812011719
2011-07-29,51.52103805541992
2011-08-01,51.2898063659668
2011-08-02,49.93340301513672
2011-08-03,50.21086502075195
2011-08-04,47.690677642822266
2011-08-05,47.49028778076172
2011-08-08,44.19940185546875
2011-08-09,46.411319732666016
2011-08-10,44.43833923339844
2011-08-11,46.472965240478516
2011-08-12,46.78125
2011-08-15,47.79856491088867
2011-08-16,47.343868255615234
2011-08-17,47.351566314697266
2011-08-18,45.23985290527344
2011-08-19,44.430641174316406
2011-08-22,44.43833923339844
2011-08-23,45.96431350708008
2011-08-24,46.619388580322266
2011-08-25,45.840999603271484
2011-08-26,46.60398483276367
2011-08-29,48.06060791015625
2011-08-30,48.191619873046875
2011-08-31,48.384300231933594
2011-09-01,47.83711242675781
2011-09-02,46.52692794799805
2011-09-06,46.234066009521484
2011-09-07,47.61359405517578
2011-09-08,47.04328536987305
2011-09-09,45.81787109375
2011-09-12,46.14158630371094
2011-09-13,46.60398483276367
2011-09-14,47.266780853271484
2011-09-15,48.09144592285156
2011-09-16,48.3226318359375
2011-09-19,47.8139762878418
2011-09-20,47.64442443847656
2011-09-21,46.0953254699707
2011-09-22,44.67724609375
2011-09-23,44.93758010864258
2011-09-26,45.99904251098633
2011-09-27,46.58013153076172
2011-09-28,45.51866912841797
2011-09-29,45.8518180847168
2011-09-30,44.720645904541016
2011-10-03,43.24079132080078
2011-10-04,44.32548904418945
2011-10-05,45.23198699951172
2011-10-06,46.10749053955078
2011-10-07,45.68912887573242
2011-10-10,47.26192855834961
2011-10-11,47.30067443847656
2011-10-12,47.75006103515625
2011-10-13,47.68806838989258
2011-10-14,48.55583572387695
2011-10-17,47.57185745239258
2011-10-18,48.532588958740234
2011-10-19,47.889503479003906
2011-10-20,48.106449127197266
2011-10-21,49.01295852661133
2011-10-24,49.834224700927734
2011-10-25,48.81925582885742
2011-10-26,49.34611892700195
2011-10-27,51.050636291503906
2011-10-28,51.09712600708008
2011-10-31,49.8032341003418
2011-11-01,48.47834014892578
2011-11-02,49.2763786315918
2011-11-03,50.23710632324219
2011-11-04,49.965938568115234
2011-11-07,50.22163009643555
2011-11-08,50.82594680786133
2011-11-09,48.88898468017578
2011-11-10,49.3228645324707
2011-11-11,50.299095153808594
2011-11-14,49.8032341003418
2011-11-15,50.10538864135742
2011-11-16,49.26863479614258
2011-11-17,48.46285629272461
2011-11-18,48.39311599731445
2011-11-21,47.49436569213867
2011-11-22,47.2696647644043
2011-11-23,46.21596908569336
2011-11-25,46.068748474121094
2011-11-28,47.455623626708984
2011-11-29,47.602840423583984
2011-11-30,49.61729431152344
2011-12-01,49.61729431152344
2011-12-02,49.59404754638672
2011-12-05,50.13639450073242
2011-12-06,50.159629821777344
2011-12-07,50.29134750366211
2011-12-08,49.152408599853516
2011-12-09,50.02791213989258
2011-12-12,49.260868072509766
2011-12-13,48.734031677246094
2011-12-14,48.176185607910156
2011-12-15,48.35438919067383
2011-12-16,48.517093658447266
2011-12-19,47.951480865478516
2011-12-20,49.45457077026367
2011-12-21,49.548866271972656
2011-12-22,50.06312942504883
2011-12-23,50.44492721557617
2011-12-27,50.45271682739258
2011-12-28,49.83716583251953
2011-12-29,50.32805252075195
2011-12-30,50.10209274291992
2012-01-03,50.811161041259766
2012-01-04,50.83454895019531
2012-01-05,51.06050109863281
2012-01-06,50.943607330322266
2012-01-09,51.06050109863281
2012-01-10,51.56697082519531
2012-01-11,51.66047286987305
2012-01-12,51.78512954711914
2012-01-13,51.54362106323242
2012-01-17,51.66047286987305
2012-01-18,52.2838249206543
2012-01-19,52.60329055786133
2012-01-20,52.61886978149414
2012-01-23,52.634464263916016
2012-01-24,52.62667465209961
2012-01-25,53.10977554321289
2012-01-26,52.8370361328125
2012-01-27,52.87601089477539
2012-01-30,52.66561508178711
2012-01-31,52.64225769042969
2012-02-01,53.250022888183594
2012-02-02,53.34353256225586
2012-02-03,54.138309478759766
2012-02-06,54.107139587402344
2012-02-07,54.231815338134766
2012-02-08,54.348670959472656
2012-02-09,54.434391021728516
2012-02-10,54.005828857421875
2012-02-13,54.418827056884766
2012-02-14,54.34088897705078
2012-02-15,54.107139587402344
2012-02-16,54.753875732421875
2012-02-17,54.83179473876953
2012-02-21,54.80840301513672
2012-02-22,54.63700485229492
2012-02-23,54.94087600708008
2012-02-24,55.01880645751953
2012-02-27,55.0655403137207
2012-02-28,55.22138214111328
2012-02-29,54.86296463012695
2012-03-01,55.283714294433594
2012-03-02,55.011016845703125
2012-03-05,54.76164627075195
2012-03-06,53.88117980957031
2012-03-07,54.348670959472656
2012-03-08,54.909706115722656
2012-03-09,55.18241882324219
2012-03-12,55.143470764160156
2012-03-13,56.16419219970703
2012-03-14,56.04732894897461
2012-03-15,56.37458038330078
2012-03-16,56.460289001464844
2012-03-19,56.670654296875
2012-03-20,56.47589111328125
2012-03-21,56.413570404052734
2012-03-22,55.96162796020508
2012-03-23,56.187564849853516
2012-03-26,56.96853256225586
2012-03-27,56.78074264526367
2012-03-28,56.4990234375
2012-03-29,56.39730453491211
2012-03-30,56.54598617553711
2012-04-02,57.02333450317383
2012-04-03,56.83553695678711
2012-04-04,56.20168685913086
2012-04-05,56.16254425048828
2012-04-09,55.50521469116211
2012-04-10,54.46444320678711
2012-04-11,54.91830062866211
2012-04-12,55.7477912902832
2012-04-13,55.0670051574707
2012-04-16,55.012203216552734
2012-04-17,55.84953689575195
2012-04-18,55.653900146484375
2012-04-19,55.33305358886719
2012-04-20,55.419124603271484
2012-04-23,54.941795349121094
2012-04-24,55.12179183959961
2012-04-25,55.93562316894531
2012-04-26,56.342525482177734
2012-04-27,56.47557067871094
2012-04-30,56.18601608276367
2012-05-01,56.54598617553711
2012-05-02,56.4207878112793
2012-05-03,55.92778015136719
2012-05-04,54.99656295776367
2012-05-07,55.03568649291992
2012-05-08,54.832244873046875
2012-05-09,54.50356674194336
2012-05-10,54.6443977355957
2012-05-11,54.49575424194336
2012-05-14,53.877525329589844
2012-05-15,53.58800506591797
2012-05-16,53.337589263916016
2012-05-17,52.41421127319336
2012-05-18,51.97597122192383
2012-05-21,52.9384880065918
2012-05-22,52.95415115356445
2012-05-23,53.04804992675781
2012-05-24,53.14979553222656
2012-05-25,53.02457809448242
2012-05-29,53.666282653808594
2012-05-30,52.82113265991211
2012-05-31,52.6881103515625
2012-06-01,51.33430480957031
2012-06-04,51.2873420715332
2012-06-05,51.67860794067383
2012-06-06,52.88372802734375
2012-06-07,52.82113265991211
2012-06-08,53.28281021118164
2012-06-11,52.53939437866211
2012-06-12,53.11065673828125
2012-06-13,52.719390869140625
2012-06-14,53.26715850830078
2012-06-15,53.81492233276367
2012-06-18,53.97145080566406
2012-06-19,54.542686462402344
2012-06-20,54.44097137451172
2012-06-21,53.21238708496094
2012-06-22,53.64277267456055
2012-06-25,52.7666130065918
2012-06-26,53.0182991027832
2012-06-27,53.52952194213867
2012-06-28,53.41942596435547
2012-06-29,54.81938171386719
2012-07-02,54.968841552734375
2012-07-03,55.417137145996094
2012-07-05,55.18903732299805
2012-07-06,54.669960021972656
2012-07-09,54.5362548828125
2012-07-10,54.048606872558594
2012-07-11,54.00928497314453
2012-07-12,53.79693603515625
2012-07-13,54.63850021362305
2012-07-16,54.50478744506836
2012-07-17,54.8665885925293
2012-07-18,55.25983810424805
2012-07-19,55.354225158691406
2012-07-20,54.850833892822266
2012-07-23,54.24524688720703
2012-07-24,53.75758743286133
2012-07-25,53.76548385620117
2012-07-26,54.58344650268555
2012-07-27,55.660953521728516
2012-07-30,55.605892181396484
2012-07-31,55.299163818359375
2012-08-01,55.07892990112305
2012-08-02,54.701419830322266
2012-08-03,55.81038284301758
2012-08-06,55.95195007324219
2012-08-07,56.2901611328125
2012-08-08,56.3609504699707
2012-08-09,56.40814971923828
2012-08-10,56.51824188232422
2012-08-13,56.47105026245117
2012-08-14,56.45530700683594
2012-08-15,56.5811653137207
2012-08-16,57.013729095458984
2012-08-17,57.123863220214844
2012-08-20,57.1159782409668
2012-08-21,56.99799728393555
2012-08-22,56.92721939086914
2012-08-23,56.50251388549805
2012-08-24,56.82498550415039
2012-08-27,56.81711196899414
2012-08-28,56.809234619140625
2012-08-29,56.88003921508789
2012-08-30,56.45530700683594
2012-08-31,56.79351043701172
2012-09-04,56.75421142578125
2012-09-05,56.75421142578125
2012-09-06,57.88675308227539
2012-09-07,58.16987991333008
2012-09-10,57.82381820678711
2012-09-11,57.94967269897461
2012-09-12,58.19348907470703
2012-09-13,59.066505432128906
2012-09-14,59.38111114501953
2012-09-17,59.137290954589844
2012-09-18,59.0350341796875
2012-09-19,59.08225631713867
2012-09-20,59.00360870361328
2012-09-21,59.01933670043945
2012-09-24,58.888126373291016
2012-09-25,58.28746795654297
2012-09-26,57.90019226074219
2012-09-27,58.4771614074707
2012-09-28,58.20844268798828
2012-10-01,58.311187744140625
2012-10-02,58.398109436035156
2012-10-03,58.61151885986328
2012-10-04,59.05412292480469
2012-10-05,59.03828430175781
2012-10-08,58.80910110473633
2012-10-09,58.21635055541992
2012-10-10,57.876487731933594
2012-10-11,57.96342468261719
2012-10-12,57.71052551269531
2012-10-15,58.18474578857422
2012-10-16,58.785404205322266
2012-10-17,59.06200408935547
2012-10-18,58.94346618652344
2012-10-19,57.92390823364258
2012-10-22,57.92390823364258
2012-10-23,57.18886184692383
2012-10-24,57.03083801269531
2012-10-25,57.18886184692383
2012-10-26,57.12567138671875
2012-10-31,57.157283782958984
2012-11-01,57.876487731933594
2012-11-02,57.27583694458008
2012-11-05,57.45761489868164
2012-11-06,57.89231872558594
2012-11-07,56.596168518066406
2012-11-08,55.87693786621094
2012-11-09,55.93226623535156
2012-11-12,55.9638671875
2012-11-13,55.75046920776367
2012-11-14,54.968040466308594
2012-11-15,54.82578659057617
2012-11-16,55.126129150390625
2012-11-19,56.26420974731445
2012-11-20,56.327430725097656
2012-11-21,56.469669342041016
2012-11-23,57.20470428466797
2012-11-26,57.13358688354492
2012-11-27,56.83323287963867
2012-11-28,57.283748626708984
2012-11-29,57.61568069458008
2012-11-30,57.59986114501953
2012-12-03,57.346961975097656
2012-12-04,57.267940521240234
2012-12-05,57.37857437133789
2012-12-06,57.560340881347656
2012-12-07,57.726322174072266
2012-12-10,57.797447204589844
2012-12-11,58.1610221862793
2012-12-12,58.18474578857422
2012-12-13,57.852787017822266
2012-12-14,57.6077766418457
2012-12-17,58.32697677612305
2012-12-18,59.00666427612305
2012-12-19,58.64311599731445
2012-12-20,58.965579986572266
2012-12-21,58.46398162841797
2012-12-24,58.26493835449219
2012-12-26,57.98625183105469
2012-12-27,57.938499450683594
2012-12-28,57.30952453613281
2012-12-31,58.344547271728516
2013-01-02,59.82546615600586
2013-01-03,59.73789978027344
2013-01-04,60.040435791015625
2013-01-07,59.88117980957031
2013-01-08,59.721946716308594
2013-01-09,59.905052185058594
2013-01-10,60.319095611572266
2013-01-11,60.32705307006836
2013-01-14,60.26337432861328
2013-01-15,60.37482452392578
2013-01-16,60.32705307006836
2013-01-17,60.741092681884766
2013-01-18,60.908267974853516
2013-01-22,61.22674560546875
2013-01-23,61.298404693603516
2013-01-24,61.37004470825195
2013-01-25,61.71240997314453
2013-01-28,61.65667724609375
2013-01-29,61.863712310791016
2013-01-30,61.61686706542969
2013-01-31,61.50540542602539
2013-02-01,62.1025505065918
2013-02-04,61.449676513671875
2013-02-05,62.0308837890625
2013-02-06,62.142391204833984
2013-02-07,62.0308837890625
2013-02-08,62.40510177612305
2013-02-11,62.37324905395508
2013-02-12,62.476741790771484
2013-02-13,62.56431198120117
2013-02-14,62.643943786621094
2013-02-15,62.572296142578125
2013-02-19,63.010196685791016
2013-02-20,62.174232482910156
2013-02-21,61.75223159790039
2013-02-22,62.3493537902832
2013-02-25,61.20283508300781
2013-02-26,61.59299850463867
2013-02-27,62.3493537902832
2013-02-28,62.293636322021484
2013-03-01,62.43696212768555
2013-03-04,62.72357177734375
2013-03-05,63.352596282958984
2013-03-06,63.44811248779297
2013-03-07,63.599369049072266
2013-03-08,63.90989303588867
2013-03-11,64.09300994873047
2013-03-12,63.98158264160156
2013-03-13,64.10099029541016
2013-03-14,64.45923614501953
2013-03-15,64.38760375976562
2013-03-18,64.03729248046875
2013-03-19,63.86213302612305
2013-03-20,64.33982849121094
2013-03-21,63.82233810424805
2013-03-22,64.21741485595703
2013-03-25,64.00150299072266
2013-03-26,64.48136901855469
2013-03-27,64.52937316894531
2013-03-28,64.7532958984375
2013-04-01,64.40937042236328
2013-04-02,64.60134887695312
2013-04-03,63.897499084472656
2013-04-04,64.17745208740234
2013-04-05,63.953495025634766
2013-04-08,64.34539794921875
2013-04-09,64.52937316894531
2013-04-10,65.36117553710938
2013-04-11,65.6091079711914
2013-04-12,65.37718200683594
2013-04-15,63.78554916381836
2013-04-16,64.72931671142578
2013-04-17,63.76150894165039
2013-04-18,63.361637115478516
2013-04-19,63.96947479248047
2013-04-22,64.24142456054688
2013-04-23,64.9372787475586
2013-04-24,65.03324127197266
2013-04-25,65.2971420288086
2013-04-26,65.17720031738281
2013-04-29,65.5931167602539
2013-04-30,65.7930679321289
2013-05-01,65.12120056152344
2013-05-02,65.80106353759766
2013-05-03,66.41694641113281
2013-05-06,66.6728744506836
2013-05-07,67.040771484375
2013-05-08,67.35269927978516
2013-05-09,67.12875366210938
2013-05-10,67.42469787597656
2013-05-13,67.44072723388672
2013-05-14,68.13655090332031
2013-05-15,68.43246459960938
2013-05-16,68.15252685546875
2013-05-17,68.848388671875
2013-05-20,68.84037780761719
2013-05-21,68.95233154296875
2013-05-22,68.27250671386719
2013-05-23,68.14453125
2013-05-24,68.05654907226562
2013-05-28,68.4964370727539
2013-05-29,68.03254699707031
2013-05-30,68.31251525878906
2013-05-31,67.40070343017578
2013-06-03,67.67264556884766
2013-06-04,67.3447265625
2013-06-05,66.39293670654297
2013-06-06,67.01679229736328
2013-06-07,67.8486099243164
2013-06-10,67.87259674072266
2013-06-11,67.18473052978516
2013-06-12,66.61685943603516
2013-06-13,67.64864349365234
2013-06-14,67.26473236083984
2013-06-17,67.73661804199219
2013-06-18,68.2485122680664
2013-06-19,67.37671661376953
2013-06-20,65.70508575439453
2013-06-21,65.87306213378906
2013-06-24,65.02605438232422
2013-06-25,65.67698669433594
2013-06-26,66.28771209716797
2013-06-27,66.77788543701172
2013-06-28,66.43235778808594
2013-07-01,66.98683166503906
2013-07-02,66.91451263427734
2013-07-03,67.01091766357422
2013-07-05,67.72612762451172
2013-07-08,68.08771514892578
2013-07-09,68.56987762451172
2013-07-10,68.60199737548828
2013-07-11,69.59850311279297
2013-07-12,69.6627426147461
2013-07-15,69.92794036865234
2013-07-16,69.61454772949219
2013-07-17,69.83952331542969
2013-07-18,70.23330688476562
2013-07-19,70.33775329589844
2013-07-22,70.49043273925781
2013-07-23,70.36190032958984
2013-07-24,70.08061981201172
2013-07-25,70.33775329589844
2013-07-26,70.34581756591797
2013-07-29,70.10472106933594
2013-07-30,70.17706298828125
2013-07-31,70.2493667602539
2013-08-01,71.14134979248047
2013-08-02,71.17350769042969
2013-08-05,71.1815414428711
2013-08-06,70.71544647216797
2013-08-07,70.4341812133789
2013-08-08,70.72349548339844
2013-08-09,70.54667663574219
2013-08-12,70.49850463867188
2013-08-13,70.6511459350586
2013-08-14,70.28150177001953
2013-08-15,69.23685455322266
2013-08-16,69.0118408203125
2013-08-19,68.54578399658203
2013-08-20,68.99578094482422
2013-08-21,68.59400177001953
2013-08-22,69.2047119140625
2013-08-23,69.49400329589844
2013-08-26,69.31719207763672
2013-08-27,68.08771514892578
2013-08-28,68.33686065673828
2013-08-29,68.52165985107422
2013-08-30,68.11988067626953
2013-09-03,68.46540069580078
2013-09-04,69.07612609863281
2013-09-05,69.15650177001953
2013-09-06,69.21275329589844
2013-09-09,69.99222564697266
2013-09-10,70.53866577148438
2013-09-11,70.72349548339844
2013-09-12,70.5064926147461
2013-09-13,70.6511459350586
2013-09-16,71.06098175048828
2013-09-17,71.43866729736328
2013-09-18,72.27439880371094
2013-09-19,72.16191864013672
2013-09-20,71.67974090576172
2013-09-23,71.35597229003906
2013-09-24,71.242919921875
2013-09-25,71.11370086669922
2013-09-26,71.3882827758789
2013-09-27,71.10562896728516
2013-09-30,70.77456665039062
2013-10-01,71.3882827758789
2013-10-02,71.26712036132812
2013-10-03,70.66153717041016
2013-10-04,71.17829895019531
2013-10-07,70.54043579101562
2013-10-08,69.603759765625
2013-10-09,69.55530548095703
2013-10-10,71.12181854248047
2013-10-11,71.6224136352539
2013-10-14,71.93733978271484
2013-10-15,71.3882827758789
2013-10-16,72.38951110839844
2013-10-17,72.9224624633789
2013-10-18,73.43922424316406
2013-10-21,73.39884948730469
2013-10-22,73.81874084472656
2013-10-23,73.47151947021484
2013-10-24,73.75413513183594
2013-10-25,74.02059173583984
2013-10-28,74.0771255493164
2013-10-29,74.44854736328125
2013-10-30,74.0125503540039
2013-10-31,73.79452514648438
2013-11-01,73.89141082763672
2013-11-04,74.2305679321289
2013-11-05,74.0125503540039
2013-11-06,74.20632934570312
2013-11-07,73.22120666503906
2013-11-08,74.19822692871094
2013-11-11,74.24668884277344
2013-11-12,74.13365173339844
2013-11-13,74.76348876953125
2013-11-14,75.11876678466797
2013-11-15,75.44981384277344
2013-11-18,75.09452819824219
2013-11-19,74.87654113769531
2013-11-20,74.64234924316406
2013-11-21,75.31257629394531
2013-11-22,75.68397521972656
2013-11-25,75.603271484375
2013-11-26,75.67591857910156
2013-11-27,75.89391326904297
2013-11-29,75.78897094726562
2013-12-02,75.6274642944336
2013-12-03,75.3367691040039
2013-12-04,75.23181915283203
2013-12-05,75.01380157470703
2013-12-06,75.78897094726562
2013-12-09,75.95854187011719
2013-12-10,75.70819854736328
2013-12-11,74.77154541015625
2013-12-12,74.63427734375
2013-12-13,74.65852355957031
2013-12-16,75.18335723876953
2013-12-17,74.957275390625
2013-12-18,76.16845703125
2013-12-19,76.0634994506836
2013-12-20,76.56999206542969
2013-12-23,77.02457427978516
2013-12-24,77.23564147949219
2013-12-26,77.60092163085938
2013-12-27,77.55219268798828
2013-12-30,77.5765380859375
2013-12-31,77.86067962646484
2014-01-02,77.17882537841797
2014-01-03,77.16258239746094
2014-01-06,76.95966339111328
2014-01-07,77.45479583740234
2014-01-08,77.5115966796875
2014-01-09,77.5765380859375
2014-01-10,77.79571533203125
2014-01-13,76.81352996826172
2014-01-14,77.65774536132812
2014-01-15,78.04735565185547
2014-01-16,77.99051666259766
2014-01-17,77.69019317626953
2014-01-21,77.94994354248047
2014-01-22,78.09605407714844
2014-01-23,77.42231750488281
2014-01-24,75.75018310546875
2014-01-27,75.26313018798828
2014-01-28,75.7907485961914
2014-01-29,75.01151275634766
2014-01-30,75.88816833496094
2014-01-31,75.39303588867188
2014-02-03,73.62344360351562
2014-02-04,74.18355560302734
2014-02-05,74.06990051269531
2014-02-06,74.97091674804688
2014-02-07,75.93687438964844
2014-02-10,76.02616119384766
2014-02-11,76.89472198486328
2014-02-12,77.0002212524414
2014-02-13,77.47103881835938
2014-02-14,77.84440612792969
2014-02-18,78.07170104980469
2014-02-19,77.55219268798828
2014-02-20,78.07170104980469
2014-02-21,78.00675964355469
2014-02-24,78.4532241821289
2014-02-25,78.42073059082031
2014-02-26,78.50192260742188
2014-02-27,78.9158935546875
2014-02-28,79.06201934814453
2014-03-03,78.4856948852539
2014-03-04,79.71951293945312
2014-03-05,79.7357177734375
2014-03-06,79.88185119628906
2014-03-07,79.85750579833984
2014-03-10,79.8006820678711
2014-03-11,79.35425567626953
2014-03-12,79.4110336303711
2014-03-13,78.4937973022461
2014-03-14,78.39640045166016
2014-03-17,79.02143096923828
2014-03-18,79.69515228271484
2014-03-19,79.24059295654297
2014-03-20,79.63832092285156
2014-03-21,79.3460922241211
2014-03-24,78.88343048095703
2014-03-25,79.16305541992188
2014-03-26,78.50270080566406
2014-03-27,78.33965301513672
2014-03-28,78.69021606445312
2014-03-31,79.46473693847656
2014-04-01,80.0843505859375
2014-04-02,80.33706665039062
2014-04-03,80.11692810058594
2014-04-04,79.01631164550781
2014-04-07,78.07061004638672
2014-04-08,78.41302490234375
2014-04-09,79.35057830810547
2014-04-10,77.60591888427734
2014-04-11,76.83953094482422
2014-04-14,77.3613052368164
2014-04-15,77.8912582397461
2014-04-16,78.7065200805664
2014-04-17,78.86141967773438
2014-04-21,79.17938232421875
2014-04-22,79.58700561523438
2014-04-23,79.38319396972656
2014-04-24,79.48917388916016
2014-04-25,78.71468353271484
2014-04-28,78.8288345336914
2014-04-29,79.22012329101562
2014-04-30,79.51361846923828
2014-05-01,79.53807067871094
2014-05-02,79.47283935546875
2014-05-05,79.60331726074219
2014-05-06,78.86956024169922
2014-05-07,79.23644256591797
2014-05-08,79.02445983886719
2014-05-09,79.22012329101562
2014-05-12,80.11692810058594
2014-05-13,80.06803894042969
2014-05-14,79.62777709960938
2014-05-15,78.89401245117188
2014-05-16,79.22828674316406
2014-05-19,79.59515380859375
2014-05-20,79.0
2014-05-21,79.61148071289062
2014-05-22,79.88053131103516
2014-05-23,80.29629516601562
2014-05-27,80.8261947631836
2014-05-28,80.73655700683594
2014-05-29,81.16864776611328
2014-05-30,81.18494415283203
2014-06-02,81.28278350830078
2014-06-03,81.25018310546875
2014-06-04,81.42139434814453
2014-06-05,82.08175659179688
2014-06-06,82.50566864013672
2014-06-09,82.64429473876953
2014-06-10,82.62797546386719
2014-06-11,82.3508071899414
2014-06-12,81.76377868652344
2014-06-13,82.03282928466797
2014-06-16,82.09805297851562
2014-06-17,82.39154815673828
2014-06-18,83.00301361083984
2014-06-19,83.10084533691406
2014-06-20,83.29651641845703
2014-06-23,83.27204132080078
2014-06-24,82.69082641601562
2014-06-25,83.10834503173828
2014-06-26,83.0592269897461
2014-06-27,83.28024291992188
2014-06-30,83.31297302246094
2014-07-01,83.91057586669922
2014-07-02,83.86146545410156
2014-07-03,84.3035659790039
2014-07-07,83.86146545410156
2014-07-08,83.2229232788086
2014-07-09,83.58314514160156
2014-07-10,83.21472930908203
2014-07-11,83.28838348388672
2014-07-14,83.6895523071289
2014-07-15,83.47669982910156
2014-07-16,83.6895523071289
2014-07-17,82.72355651855469
2014-07-18,83.61585998535156
2014-07-21,83.41939544677734
2014-07-22,83.84510040283203
2014-07-23,84.04157257080078
2014-07-24,84.05794525146484
2014-07-25,83.61585998535156
2014-07-28,83.59130859375
2014-07-29,83.28838348388672
2014-07-30,83.34574127197266
2014-07-31,81.65115356445312
2014-08-01,81.44649505615234
2014-08-04,82.00316619873047
2014-08-05,81.28276062011719
2014-08-06,81.29913330078125
2014-08-07,80.87342834472656
2014-08-08,81.80669403076172
2014-08-11,82.10137939453125
2014-08-12,81.95404052734375
2014-08-13,82.53527069091797
2014-08-14,82.89546203613281
2014-08-15,82.90365600585938
2014-08-18,83.64862060546875
2014-08-19,84.06612396240234
2014-08-20,84.26263427734375
2014-08-21,84.45088195800781
2014-08-22,84.32811737060547
2014-08-25,84.77017211914062
2014-08-26,84.92571258544922
2014-08-27,84.87659454345703
2014-08-28,84.78652954101562
2014-08-29,85.0403060913086
2014-09-02,85.10580444335938
2014-09-03,85.01576232910156
2014-09-04,84.83563995361328
2014-09-05,85.22859954833984
2014-09-08,85.05667877197266
2014-09-09,84.45906829833984
2014-09-10,84.77835083007812
2014-09-11,84.93390655517578
2014-09-12,84.38540649414062
2014-09-15,84.16436004638672
2014-09-16,84.76197814941406
2014-09-17,84.85203552246094
2014-09-18,85.28587341308594
2014-09-19,85.12218475341797
2014-09-22,84.33627319335938
2014-09-23,83.79595184326172
2014-09-24,84.44976043701172
2014-09-25,83.12576293945312
2014-09-26,83.80009460449219
2014-09-29,83.6520767211914
2014-09-30,83.25733184814453
2014-10-01,82.16357421875
2014-10-02,82.20468139648438
2014-10-03,83.12576293945312
2014-10-06,82.96126556396484
2014-10-07,81.6783676147461
2014-10-08,83.0352783203125
2014-10-09,81.3247299194336
2014-10-10,80.31320190429688
2014-10-13,79.03030395507812
2014-10-14,79.27702331542969
2014-10-15,78.83293151855469
2014-10-16,79.00567626953125
2014-10-17,79.86915588378906
2014-10-20,80.66683959960938
2014-10-21,82.26224517822266
2014-10-22,81.62080383300781
2014-10-23,82.60763549804688
2014-10-24,83.18329620361328
2014-10-27,83.06816101074219
2014-10-28,84.1454849243164
2014-10-29,84.02213287353516
2014-10-30,84.54020690917969
2014-10-31,85.54350280761719
2014-11-03,85.59288024902344
2014-11-04,85.28038024902344
2014-11-05,85.68333435058594
2014-11-06,86.10270690917969
2014-11-07,86.16852569580078
2014-11-10,86.43167114257812
2014-11-11,86.5138931274414
2014-11-12,86.49748229980469
2014-11-13,86.48101806640625
2014-11-14,86.48924255371094
2014-11-17,86.48101806640625
2014-11-18,86.99089050292969
2014-11-19,86.76884460449219
2014-11-20,87.0156021118164
2014-11-21,87.47611236572266
2014-11-24,87.79684448242188
2014-11-25,87.7803955078125
2014-11-26,87.97775268554688
2014-11-28,87.6652603149414
2014-12-01,86.92512512207031
2014-12-02,87.46788024902344
2014-12-03,87.86260223388672
2014-12-04,87.75569152832031
2014-12-05,87.95308685302734
2014-12-08,87.3281021118164
2014-12-09,87.37741088867188
2014-12-10,85.94649505615234
2014-12-11,86.3412094116211
2014-12-12,84.98430633544922
2014-12-15,84.36753845214844
2014-12-16,83.74250030517578
2014-12-17,85.53529357910156
2014-12-18,87.55835723876953
2014-12-19,87.92021179199219
2014-12-22,88.26825714111328
2014-12-23,88.46662902832031
2014-12-24,88.4914321899414
2014-12-26,88.75601959228516
2014-12-29,88.94612884521484
2014-12-30,88.50798797607422
2014-12-31,87.63166809082031
2015-01-02,87.56553649902344
2015-01-05,86.06089782714844
2015-01-06,85.21766662597656
2015-01-07,86.2345199584961
2015-01-08,87.75567626953125
2015-01-09,87.02815246582031
2015-01-12,86.40811920166016
2015-01-13,86.20972442626953
2015-01-14,85.73847961425781
2015-01-15,84.87044525146484
2015-01-16,85.99475860595703
2015-01-20,86.11878204345703
2015-01-21,86.50733947753906
2015-01-22,87.82182312011719
2015-01-23,87.42498779296875
2015-01-26,87.78876495361328
2015-01-27,86.76362609863281
2015-01-28,85.58968353271484
2015-01-29,86.40811920166016
2015-01-30,85.23418426513672
2015-02-02,86.19316101074219
2015-02-03,87.51592254638672
2015-02-04,87.21003723144531
2015-02-05,88.16902923583984
2015-02-06,87.90448760986328
2015-02-09,87.46633911132812
2015-02-10,88.35916900634766
2015-02-11,88.40052032470703
2015-02-12,89.25200653076172
2015-02-13,89.67366790771484
2015-02-17,89.81420135498047
2015-02-18,89.86378479003906
2015-02-19,89.83897399902344
2015-02-20,90.34329223632812
2015-02-23,90.33502960205078
2015-02-24,90.54168701171875
2015-02-25,90.50865173339844
2015-02-26,90.45075988769531
2015-02-27,90.12834930419922
2015-03-02,90.68225860595703
2015-03-03,90.31022644042969
2015-03-04,89.94647979736328
2015-03-05,90.08700561523438
2015-03-06,88.83867645263672
2015-03-09,89.16935729980469
2015-03-10,87.81353759765625
2015-03-11,87.74739837646484
2015-03-12,88.84695434570312
2015-03-13,88.35089111328125
2015-03-16,89.45870208740234
2015-03-17,89.28507995605469
2015-03-18,90.31022644042969
2015-03-19,89.98783111572266
2015-03-20,90.74010467529297
2015-03-23,90.5830307006836
2015-03-24,90.10354614257812
2015-03-25,88.69820404052734
2015-03-26,88.52373504638672
2015-03-27,88.76465606689453
2015-03-30,89.89425659179688
2015-03-31,89.08025360107422
2015-04-01,88.91413879394531
2015-04-02,89.19654083251953
2015-04-06,89.8111572265625
2015-04-07,89.51216125488281
2015-04-08,89.89425659179688
2015-04-09,90.2098617553711
2015-04-10,90.63343811035156
2015-04-13,90.27630615234375
2015-04-14,90.40919494628906
2015-04-15,90.8659896850586
2015-04-16,90.82449340820312
2015-04-17,89.76963806152344
2015-04-20,90.50057220458984
2015-04-21,90.47565460205078
2015-04-22,90.8576889038086
2015-04-23,91.14013671875
2015-04-24,91.2397689819336
2015-04-27,90.766357421875
2015-04-28,91.00723266601562
2015-04-29,90.60853576660156
2015-04-30,89.62844848632812
2015-05-01,90.45072174072266
2015-05-04,90.766357421875
2015-05-05,89.68657684326172
2015-05-06,89.43738555908203
2015-05-07,89.7779541015625
2015-05-08,90.90755462646484
2015-05-11,90.52549743652344
2015-05-12,90.25968933105469
2015-05-13,90.30950927734375
2015-05-14,91.20655822753906
2015-05-15,91.31451416015625
2015-05-18,91.65507507324219
2015-05-19,91.61357116699219
2015-05-20,91.55541229248047
2015-05-21,91.78797912597656
2015-05-22,91.61357116699219
2015-05-26,90.65837097167969
2015-05-27,91.48894500732422
2015-05-28,91.40589141845703
2015-05-29,90.79129028320312
2015-06-01,91.0155258178711
2015-06-02,90.94908905029297
2015-06-03,91.26468658447266
2015-06-04,90.53378295898438
2015-06-05,90.45904541015625
2015-06-08,89.90253448486328
2015-06-09,89.82779693603516
2015-06-10,90.9241714477539
2015-06-11,91.1816177368164
2015-06-12,90.58361053466797
2015-06-15,90.16830444335938
2015-06-16,90.66667175292969
2015-06-17,90.81616973876953
2015-06-18,91.71322631835938
2015-06-19,91.31451416015625
2015-06-22,91.87102508544922
2015-06-23,91.96238708496094
2015-06-24,91.26468658447266
2015-06-25,90.9822998046875
2015-06-26,90.93057250976562
2015-06-29,89.02871704101562
2015-06-30,89.27064514160156
2015-07-01,89.85449981689453
2015-07-02,89.73774719238281
2015-07-06,89.5041732788086
2015-07-07,89.99633026123047
2015-07-08,88.49488067626953
2015-07-09,88.67837524414062
2015-07-10,89.75444793701172
2015-07-13,90.77208709716797
2015-07-14,91.18083953857422
2015-07-15,91.06404113769531
2015-07-16,91.69801330566406
2015-07-17,91.7230224609375
2015-07-20,91.73137664794922
2015-07-21,91.33094024658203
2015-07-22,91.1975326538086
2015-07-23,90.67198181152344
2015-07-24,89.72106170654297
2015-07-27,89.12882232666016
2015-07-28,90.18818664550781
2015-07-29,90.80546569824219
2015-07-30,90.88053131103516
2015-07-31,90.78874969482422
2015-08-03,90.46345520019531
2015-08-04,90.31330871582031
2015-08-05,90.61361694335938
2015-08-06,89.87120056152344
2015-08-07,89.61263275146484
2015-08-10,90.7303695678711
2015-08-11,89.9129409790039
2015-08-12,90.00467681884766
2015-08-13,89.87955474853516
2015-08-14,90.22154998779297
2015-08-17,90.79711151123047
2015-08-18,90.56354522705078
2015-08-19,89.75444793701172
2015-08-20,87.80252075195312
2015-08-21,85.27506256103516
2015-08-24,81.84668731689453
2015-08-25,80.87074279785156
2015-08-26,83.80695343017578
2015-08-27,85.83395385742188
2015-08-28,85.90068817138672
2015-08-31,85.25836181640625
2015-09-01,82.75589752197266
2015-09-02,84.31578826904297
2015-09-03,84.41586303710938
2015-09-04,83.21471405029297
2015-09-08,85.31674194335938
2015-09-09,84.1489486694336
2015-09-10,84.58270263671875
2015-09-11,84.96641540527344
2015-09-14,84.64112854003906
2015-09-15,85.70878601074219
2015-09-16,86.43450164794922
2015-09-17,86.31771850585938
2015-09-18,84.94972229003906
2015-09-21,85.29174041748047
2015-09-22,84.1489486694336
2015-09-23,83.98210906982422
2015-09-24,83.68183898925781
2015-09-25,83.51245880126953
2015-09-28,81.27394104003906
2015-09-29,81.2571792602539
2015-09-30,82.76630401611328
2015-10-01,82.9339599609375
2015-10-02,84.14127349853516
2015-10-05,85.6922836303711
2015-10-06,85.41564178466797
2015-10-07,86.18695831298828
2015-10-08,86.93313598632812
2015-10-09,87.05052185058594
2015-10-12,87.0672607421875
2015-10-13,86.43006896972656
2015-10-14,85.98574829101562
2015-10-15,87.28524017333984
2015-10-16,87.6206283569336
2015-10-19,87.7212142944336
2015-10-20,87.6206283569336
2015-10-21,86.93313598632812
2015-10-22,88.2074966430664
2015-10-23,89.12970733642578
2015-10-26,88.92010498046875
2015-10-27,88.6266860961914
2015-10-28,89.79203033447266
2015-10-29,89.65789794921875
2015-10-30,89.31414794921875
2015-11-02,90.48793029785156
2015-11-03,90.71428680419922
2015-11-04,90.49630737304688
2015-11-05,90.39568328857422
2015-11-06,90.4124526977539
2015-11-09,89.50700378417969
2015-11-10,89.70816802978516
2015-11-11,89.32254791259766
2015-11-12,87.98951721191406
2015-11-13,87.05885314941406
2015-11-16,88.32483673095703
2015-11-17,88.21586608886719
2015-11-18,89.62435913085938
2015-11-19,89.50700378417969
2015-11-20,89.89265441894531
2015-11-23,89.80044555664062
2015-11-24,90.03519439697266
2015-11-25,90.10224914550781
2015-11-27,90.23638916015625
2015-11-30,89.85074615478516
2015-12-01,90.69751739501953
2015-12-02,89.75013732910156
2015-12-03,88.4087142944336
2015-12-04,90.03519439697266
2015-12-07,89.33094787597656
2015-12-08,88.79434967041016
2015-12-09,88.03141021728516
2015-12-10,88.29131317138672
2015-12-11,86.55584716796875
2015-12-14,86.86605072021484
2015-12-15,87.79664611816406
2015-12-16,89.0710220336914
2015-12-17,87.76314544677734
2015-12-18,86.27080535888672
2015-12-21,86.9562759399414
2015-12-22,87.7404556274414
2015-12-23,88.83657836914062
2015-12-24,88.72694396972656
2015-12-28,88.53301239013672
2015-12-29,89.47738647460938
2015-12-30,88.8028335571289
2015-12-31,87.94279479980469
2016-01-04,86.62744903564453
2016-01-05,86.82138061523438
2016-01-06,85.65777587890625
2016-01-07,83.55828857421875
2016-01-08,82.60552978515625
2016-01-11,82.55493927001953
2016-01-12,83.11985778808594
2016-01-13,80.97821807861328
2016-01-14,82.21768188476562
2016-01-15,80.48914337158203
2016-01-19,80.40483093261719
2016-01-20,79.61226654052734
2016-01-21,79.92424774169922
2016-01-22,81.62744140625
2016-01-25,80.28681182861328
2016-01-26,81.5093994140625
2016-01-27,80.58190155029297
2016-01-28,80.90231323242188
2016-01-29,82.90904235839844
2016-02-01,82.92591857910156
2016-02-02,81.32391357421875
2016-02-03,81.81295776367188
2016-02-04,82.0068588256836
2016-02-05,80.32052612304688
2016-02-08,79.07261657714844
2016-02-09,78.9714584350586
2016-02-10,79.02204132080078
2016-02-11,78.0439453125
2016-02-12,79.56166076660156
2016-02-16,81.0119400024414
2016-02-17,82.35255432128906
2016-02-18,82.02372741699219
2016-02-19,82.04061126708984
2016-02-22,83.23792266845703
2016-02-23,82.23453521728516
2016-02-24,82.65611267089844
2016-02-25,83.63421630859375
2016-02-26,83.56673431396484
2016-02-29,82.900634765625
2016-03-01,84.87364959716797
2016-03-02,85.3458251953125
2016-03-03,85.7674331665039
2016-03-04,86.06253814697266
2016-03-07,86.2396011352539
2016-03-08,85.16873931884766
2016-03-09,85.58193969726562
2016-03-10,85.55663299560547
2016-03-11,87.00690460205078
2016-03-14,86.90568542480469
2016-03-15,86.60921478271484
2016-03-16,87.15135192871094
2016-03-17,87.8205795288086
2016-03-18,88.21027374267578
2016-03-21,88.29497528076172
2016-03-22,88.26953887939453
2016-03-23,87.54949951171875
2016-03-24,87.52409362792969
2016-03-28,87.58338928222656
2016-03-29,88.55760192871094
2016-03-30,88.89642333984375
2016-03-31,88.79476928710938
2016-04-01,89.35386657714844
2016-04-04,88.98112487792969
2016-04-05,88.11707305908203
2016-04-06,89.08277893066406
2016-04-07,88.01541900634766
2016-04-08,88.26953887939453
2016-04-11,88.02389526367188
2016-04-12,88.87947845458984
2016-04-13,89.92142486572266
2016-04-14,89.88755798339844
2016-04-15,89.8451919555664
2016-04-18,90.44664764404297
2016-04-19,90.7007827758789
2016-04-20,90.79393005371094
2016-04-21,90.3449935913086
2016-04-22,90.4720687866211
2016-04-25,90.25181579589844
2016-04-26,90.49748229980469
2016-04-27,90.71772003173828
2016-04-28,89.90447235107422
2016-04-29,89.37928009033203
2016-05-02,90.07392883300781
2016-05-03,89.16749572753906
2016-05-04,88.64228057861328
2016-05-05,88.6084213256836
2016-05-06,88.9302978515625
2016-05-09,89.02348327636719
2016-05-10,90.0823745727539
2016-05-11,89.26071166992188
2016-05-12,89.226806640625
2016-05-13,88.45592498779297
2016-05-16,89.33692169189453
2016-05-17,88.53218078613281
2016-05-18,88.52368927001953
2016-05-19,88.17636108398438
2016-05-20,88.85406494140625
2016-05-23,88.74395751953125
2016-05-24,89.92992401123047
2016-05-25,90.58218383789062
2016-05-26,90.56526947021484
2016-05-27,90.97185516357422
2016-05-31,90.92950439453125
2016-06-01,91.17515563964844
2016-06-02,91.48013305664062
2016-06-03,91.22598266601562
2016-06-06,91.70037078857422
2016-06-07,91.87825775146484
2016-06-08,92.2001724243164
2016-06-09,92.0137939453125
2016-06-10,91.0650634765625
2016-06-13,90.31111145019531
2016-06-14,90.14859771728516
2016-06-15,90.05499267578125
2016-06-16,90.31875610351562
2016-06-17,90.02096557617188
2016-06-20,90.63358306884766
2016-06-21,90.82929229736328
2016-06-22,90.62506103515625
2016-06-23,91.8758316040039
2016-06-24,88.53199005126953
2016-06-27,86.77068328857422
2016-06-28,88.36180114746094
2016-06-29,89.94437408447266
2016-06-30,91.1781005859375
2016-07-01,91.35680389404297
2016-07-05,90.67613220214844
2016-07-06,91.22919464111328
2016-07-07,91.18665313720703
2016-07-08,92.60757446289062
2016-07-11,92.99044799804688
2016-07-12,93.76473999023438
2016-07-13,93.71369934082031
2016-07-14,94.16465759277344
2016-07-15,94.06254577636719
2016-07-18,94.32630920410156
2016-07-19,94.1391372680664
2016-07-20,94.64111328125
2016-07-21,94.26675415039062
2016-07-22,94.71772766113281
2016-07-25,94.470947265625
2016-07-26,94.57306671142578
2016-07-27,94.46244812011719
2016-07-28,94.58158874511719
2016-07-29,94.80278778076172
2016-08-01,94.67518615722656
2016-08-02,93.96044158935547
2016-08-03,94.30929565429688
2016-08-04,94.419921875
2016-08-05,95.20270538330078
2016-08-08,95.14313507080078
2016-08-09,95.22820281982422
2016-08-10,94.94742584228516
2016-08-11,95.42391967773438
2016-08-12,95.33032989501953
2016-08-15,95.67916870117188
2016-08-16,95.1346435546875
2016-08-17,95.25375366210938
2016-08-18,95.55155181884766
2016-08-19,95.4154281616211
2016-08-22,95.44093322753906
2016-08-23,95.6961898803711
2016-08-24,95.16014862060547
2016-08-25,95.10061645507812
2016-08-26,94.90489959716797
2016-08-29,95.42391967773438
2016-08-30,95.2707748413086
2016-08-31,94.99849700927734
2016-09-01,95.04954528808594
2016-09-02,95.53455352783203
2016-09-06,95.80680847167969
2016-09-07,95.93446350097656
2016-09-08,95.68767547607422
2016-09-09,93.30529022216797
2016-09-12,94.60709381103516
2016-09-13,93.12709045410156
2016-09-14,93.13565063476562
2016-09-15,94.09326171875
2016-09-16,93.71705627441406
2016-09-19,93.85384368896484
2016-09-20,93.81108856201172
2016-09-21,94.88841247558594
2016-09-22,95.58097839355469
2016-09-23,95.03374481201172
2016-09-26,94.28135681152344
2016-09-27,94.82000732421875
2016-09-28,95.37576293945312
2016-09-29,94.44380187988281
2016-09-30,95.18765258789062
2016-10-03,94.89693450927734
2016-10-04,94.46942901611328
2016-10-05,94.83709716796875
2016-10-06,94.87130737304688
2016-10-07,94.51219940185547
2016-10-10,95.02518463134766
2016-10-11,93.75979614257812
2016-10-12,93.87095642089844
2016-10-13,93.5374984741211
2016-10-14,93.51185607910156
2016-10-17,93.24678039550781
2016-10-18,93.7939682006836
2016-10-19,94.09326171875
2016-10-20,93.91368865966797
2016-10-21,93.8794937133789
2016-10-24,94.34974670410156
2016-10-25,93.9478988647461
2016-10-26,93.66573333740234
2016-10-27,93.34940338134766
2016-10-28,93.04157257080078
2016-10-31,93.10145568847656
2016-11-01,92.40887451171875
2016-11-02,91.76762390136719
2016-11-03,91.36576080322266
2016-11-04,91.30592346191406
2016-11-07,93.32373809814453
2016-11-08,93.72559356689453
2016-11-09,94.88841247558594
2016-11-10,95.22184753417969
2016-11-11,95.25604248046875
2016-11-14,95.50398254394531
2016-11-15,96.24786376953125
2016-11-16,96.1110610961914
2016-11-17,96.59839630126953
2016-11-18,96.41885375976562
2016-11-21,97.14561462402344
2016-11-22,97.42774963378906
2016-11-23,97.5645751953125
2016-11-25,97.94075775146484
2016-11-28,97.37645721435547
2016-11-29,97.51327514648438
2016-11-30,97.28239440917969
2016-12-01,96.88055419921875
2016-12-02,96.88055419921875
2016-12-05,97.55598449707031
2016-12-06,98.0519027709961
2016-12-07,99.26602935791016
2016-12-08,99.62513732910156
2016-12-09,100.16378021240234
2016-12-12,99.90727233886719
2016-12-13,100.48868560791016
2016-12-14,99.58238983154297
2016-12-15,99.99279022216797
2016-12-16,99.8388900756836
2016-12-19,100.12103271484375
2016-12-20,100.54862213134766
2016-12-21,100.26471710205078
2016-12-22,100.00660705566406
2016-12-23,100.1614761352539
2016-12-27,100.41097259521484
2016-12-28,99.5764389038086
2016-12-29,99.58502197265625
2016-12-30,99.215087890625
2017-01-03,99.97218322753906
2017-01-04,100.73787689208984
2017-01-05,100.54000854492188
2017-01-06,100.85836029052734
2017-01-09,100.47120666503906
2017-01-10,100.54862213134766
2017-01-11,100.866943359375
2017-01-12,100.60023498535156
2017-01-13,100.84974670410156
2017-01-17,100.4023666381836
2017-01-18,100.63467407226562
2017-01-19,100.2388916015625
2017-01-20,100.58303833007812
2017-01-23,100.31632995605469
2017-01-24,101.0992431640625
2017-01-25,101.96820831298828
2017-01-26,101.82193756103516
2017-01-27,101.65847778320312
2017-01-30,100.9701919555664
2017-01-31,101.05621337890625
2017-02-01,101.047607421875
2017-02-02,101.1164321899414
2017-02-03,101.88214874267578
2017-02-06,101.64125061035156
2017-02-07,101.63263702392578
2017-02-08,101.7445068359375
2017-02-09,102.41556549072266
2017-02-10,102.84571838378906
2017-02-13,103.36194610595703
2017-02-14,103.740478515625
2017-02-15,104.30829620361328
2017-02-16,104.21369171142578
2017-02-17,104.3685302734375
2017-02-21,104.98799896240234
2017-02-22,104.8503646850586
2017-02-23,104.77291107177734
2017-02-24,104.94499206542969
2017-02-27,105.17726135253906
2017-02-28,104.79012298583984
2017-03-01,106.20108795166016
2017-03-02,105.52140045166016
2017-03-03,105.60745239257812
2017-03-06,105.19448852539062
2017-03-07,104.85895538330078
2017-03-08,104.56640625
2017-03-09,104.61805725097656
2017-03-10,104.9966049194336
2017-03-13,105.07402801513672
2017-03-14,104.69550323486328
2017-03-15,105.64186096191406
2017-03-16,105.51280975341797
2017-03-17,105.45259857177734
2017-03-20,105.20310974121094
2017-03-21,103.73189544677734
2017-03-22,103.86956024169922
2017-03-23,103.83512878417969
2017-03-24,103.84550476074219
2017-03-27,103.72451782226562
2017-03-28,104.45049285888672
2017-03-29,104.64060974121094
2017-03-30,105.02953338623047
2017-03-31,104.8479995727539
2017-04-03,104.58873748779297
2017-04-04,104.64060974121094
2017-04-05,104.21712493896484
2017-04-06,104.54551696777344
2017-04-07,104.4677734375
2017-04-10,104.59739685058594
2017-04-11,104.56283569335938
2017-04-12,104.02700805664062
2017-04-13,103.3183364868164
2017-04-17,104.21712493896484
2017-04-18,103.992431640625
2017-04-19,103.90599822998047
2017-04-20,104.76158905029297
2017-04-21,104.42452239990234
2017-04-24,105.53075408935547
2017-04-25,106.18758392333984
2017-04-26,106.2134780883789
2017-04-27,106.31716918945312
2017-04-28,105.96287536621094
2017-05-01,106.23944091796875
2017-05-02,106.23944091796875
2017-05-03,105.98016357421875
2017-05-04,106.05793762207031
2017-05-05,106.5851058959961
2017-05-08,106.42089080810547
2017-05-09,106.3863525390625
2017-05-10,106.61968231201172
2017-05-11,106.30856323242188
2017-05-12,106.10115051269531
2017-05-15,106.6715316772461
2017-05-16,106.61103820800781
2017-05-17,104.69242095947266
2017-05-18,105.00357055664062
2017-05-19,105.75544738769531
2017-05-22,106.31716918945312
2017-05-23,106.4986801147461
2017-05-24,106.80979919433594
2017-05-25,107.25920867919922
2017-05-26,107.24192810058594
2017-05-30,107.06908416748047
2017-05-31,107.0345230102539
2017-06-01,108.02838897705078
2017-06-02,108.38269805908203
2017-06-05,108.24443054199219
2017-06-06,107.96788787841797
2017-06-07,108.08885192871094
2017-06-08,108.27901458740234
2017-06-09,108.19255828857422
2017-06-12,108.17530059814453
2017-06-13,108.71111297607422
2017-06-14,108.55552673339844
2017-06-15,108.31355285644531
2017-06-16,108.24443054199219
2017-06-19,109.12592315673828
2017-06-20,108.38269805908203
2017-06-21,108.25680541992188
2017-06-22,108.30022430419922
2017-06-23,108.56937408447266
2017-06-26,108.64749145507812
2017-06-27,107.7532730102539
2017-06-28,108.76905822753906
2017-06-29,107.9008560180664
2017-06-30,108.04845428466797
2017-07-03,108.30889129638672
2017-07-05,108.43048095703125
2017-07-06,107.3625717163086
2017-07-07,108.10922241210938
2017-07-10,108.1873550415039
2017-07-11,108.16128540039062
2017-07-12,108.93400573730469
2017-07-13,109.10765075683594
2017-07-14,109.5938491821289
2017-07-17,109.5938491821289
2017-07-18,109.66331481933594
2017-07-19,110.2970962524414
2017-07-20,110.3665542602539
2017-07-21,110.21894836425781
2017-07-24,110.22765350341797
2017-07-25,110.5923080444336
2017-07-26,110.51414489746094
2017-07-27,110.32315063476562
2017-07-28,110.14082336425781
2017-07-31,110.08004760742188
2017-08-01,110.30577087402344
2017-08-02,110.20159149169922
2017-08-03,109.9498062133789
2017-08-04,110.18423461914062
2017-08-07,110.40128326416016
2017-08-08,110.09740447998047
2017-08-09,109.97586059570312
2017-08-10,108.36100006103516
2017-08-11,108.5606689453125
2017-08-14,109.6719970703125
2017-08-15,109.56781768798828
2017-08-16,109.76751708984375
2017-08-17,108.02239990234375
2017-08-18,107.8400650024414
2017-08-21,107.99634552001953
2017-08-22,109.08160400390625
2017-08-23,108.7516860961914
2017-08-24,108.57803344726562
2017-08-25,108.83851623535156
2017-08-28,108.8819351196289
2017-08-29,108.92536163330078
2017-08-30,109.49834442138672
2017-08-31,110.24502563476562
2017-09-01,110.49678802490234
2017-09-05,109.64595031738281
2017-09-06,109.9498062133789
2017-09-07,109.8977279663086
2017-09-08,109.81957244873047
2017-09-11,111.0003433227539
2017-09-12,111.42578887939453
2017-09-13,111.47785949707031
2017-09-14,111.44314575195312
2017-09-15,111.6515121459961
2017-09-18,111.92063903808594
2017-09-19,111.97271728515625
2017-09-20,112.15505981445312
2017-09-21,111.842529296875
2017-09-22,111.93230438232422
2017-09-25,111.74922180175781
2017-09-26,111.77534484863281
2017-09-27,112.38575744628906
2017-09-28,112.56884765625
2017-09-29,112.93507385253906
2017-10-02,113.52796936035156
2017-10-03,113.75469207763672
2017-10-04,113.86807250976562
2017-10-05,114.46968841552734
2017-10-06,114.3912353515625
2017-10-09,114.16448974609375
2017-10-10,114.43482208251953
2017-10-11,114.59172821044922
2017-10-12,114.4522476196289
2017-10-13,114.53943634033203
2017-10-16,114.61793518066406
2017-10-17,114.67021179199219
2017-10-18,114.81847381591797
2017-10-19,114.84463500976562
2017-10-20,115.46370697021484
2017-10-23,114.97541809082031
2017-10-24,115.17596435546875
2017-10-25,114.5743408203125
2017-10-26,114.72254943847656
2017-10-27,115.6555404663086
2017-10-30,115.14981079101562
2017-10-31,115.38522338867188
2017-11-01,115.48114013671875
2017-11-02,115.50732421875
2017-11-03,115.8125
2017-11-06,116.03048706054688
2017-11-07,115.8299331665039
2017-11-08,116.02178192138672
2017-11-09,115.55091094970703
2017-11-10,115.56835174560547
2017-11-13,115.6293716430664
2017-11-14,115.42009735107422
2017-11-15,114.82722473144531
2017-11-16,115.87355041503906
2017-11-17,115.6555404663086
2017-11-20,115.9520034790039
2017-11-21,116.75419616699219
2017-11-22,116.6670150756836
2017-11-24,116.93730926513672
2017-11-27,116.81522369384766
2017-11-28,117.97493743896484
2017-11-29,117.97493743896484
2017-11-30,118.88176727294922
2017-12-01,118.64633178710938
2017-12-04,118.4893569946289
2017-12-05,117.98365020751953
2017-12-06,117.91388702392578
2017-12-07,118.3847427368164
2017-12-08,119.00383758544922
2017-12-11,119.28286743164062
2017-12-12,119.41365051269531
2017-12-13,119.43110656738281
2017-12-14,118.87300109863281
2017-12-15,119.9367904663086
2017-12-18,120.76517486572266
2017-12-19,120.27691650390625
2017-12-20,120.26815032958984
2017-12-21,120.54244995117188
2017-12-22,120.49860382080078
2017-12-26,120.40222930908203
2017-12-27,120.4460678100586
2017-12-28,120.70892333984375
2017-12-29,120.26207733154297
2018-01-02,121.11199188232422
2018-01-03,121.8129653930664
2018-01-04,122.27738189697266
2018-01-05,122.995849609375
2018-01-08,123.27629852294922
2018-01-09,123.50403594970703
2018-01-10,123.31133270263672
2018-01-11,124.35403442382812
2018-01-12,125.0812759399414
2018-01-16,124.52924346923828
2018-01-17,125.67715454101562
2018-01-18,125.45806121826172
2018-01-19,126.10646057128906
2018-01-22,127.10535430908203
2018-01-23,127.42083740234375
2018-01-24,127.29810333251953
2018-01-25,127.35071563720703
2018-01-26,128.68258666992188
2018-01-29,127.84140014648438
2018-01-30,126.50952911376953
2018-01-31,126.55329895019531
2018-02-01,126.50080871582031
2018-02-02,123.8107681274414
2018-02-05,118.93895721435547
2018-02-06,120.88414001464844
2018-02-07,120.34969329833984
2018-02-08,116.02112579345703
2018-02-09,117.6158218383789
2018-02-12,119.18424987792969
2018-02-13,119.56106567382812
2018-02-14,121.23467254638672
2018-02-15,122.71549224853516
2018-02-16,122.76803588867188
2018-02-20,122.03202819824219
2018-02-21,121.46247863769531
2018-02-22,121.54134368896484
2018-02-23,123.42520904541016
2018-02-26,124.72206115722656
2018-02-27,123.15355682373047
2018-02-28,121.79546356201172
2018-03-01,120.34969329833984
2018-03-02,121.12950134277344
2018-03-05,122.49641418457031
2018-03-06,122.94328308105469
2018-03-07,123.04845428466797
2018-03-08,123.51285552978516
2018-03-09,125.56324005126953
2018-03-12,125.49312591552734
2018-03-13,124.71328735351562
2018-03-14,124.08238220214844
2018-03-15,123.91592407226562
2018-03-16,124.126220703125
2018-03-19,122.53146362304688
2018-03-20,122.71549224853516
2018-03-21,122.61031341552734
2018-03-22,119.60675811767578
2018-03-23,117.099365234375
2018-03-26,120.18739318847656
2018-03-27,118.05833435058594
2018-03-28,117.78558349609375
2018-03-29,119.40438079833984
2018-04-02,116.68586730957031
2018-04-03,118.13750457763672
2018-04-04,119.4659423828125
2018-04-05,120.30176544189453
2018-04-06,117.77674102783203
2018-04-09,118.17266845703125
2018-04-10,120.09060668945312
2018-04-11,119.53636932373047
2018-04-12,120.50411987304688
2018-04-13,120.16099548339844
2018-04-16,121.1639633178711
2018-04-17,122.43961334228516
2018-04-18,122.60677337646484
2018-04-19,121.93812561035156
2018-04-20,120.97039794921875
2018-04-23,120.92642974853516
2018-04-24,119.4747543334961
2018-04-25,119.60675811767578
2018-04-26,120.7416763305664
2018-04-27,120.82088470458984
2018-04-30,119.9410400390625
2018-05-01,120.1258316040039
2018-05-02,119.43077087402344
2018-05-03,119.10526275634766
2018-05-04,120.6448745727539
2018-05-07,121.1727523803711
2018-05-08,121.21678161621094
2018-05-09,122.36045837402344
2018-05-10,123.42496490478516
2018-05-11,123.67134094238281
2018-05-14,123.73296356201172
2018-05-15,122.98511505126953
2018-05-16,123.5833740234375
2018-05-17,123.61854553222656
2018-05-18,123.34583282470703
2018-05-21,124.26956176757812
2018-05-22,123.81214141845703
2018-05-23,124.13761138916016
2018-05-24,123.93523406982422
2018-05-25,123.69770812988281
2018-05-29,122.47483825683594
2018-05-30,124.05843353271484
2018-05-31,123.205078125
2018-06-01,124.48956298828125
2018-06-04,125.07020568847656
2018-06-05,125.25494384765625
2018-06-06,126.36347961425781
2018-06-07,126.1787338256836
2018-06-08,126.60980224609375
2018-06-11,126.79461669921875
2018-06-12,127.05852508544922
2018-06-13,126.58341217041016
2018-06-14,126.94412994384766
2018-06-15,126.82095336914062
2018-06-18,126.68024444580078
2018-06-19,126.2579116821289
2018-06-20,126.54818725585938
2018-06-21,125.67729187011719
2018-06-22,125.85659790039062
2018-06-25,124.08959197998047
2018-06-26,124.372314453125
2018-06-27,123.21489715576172
2018-06-28,123.98355865478516
2018-06-29,124.07189178466797
2018-07-02,124.372314453125
2018-07-03,124.05425262451172
2018-07-05,125.10562133789062
2018-07-06,126.15699005126953
2018-07-09,127.30555725097656
2018-07-10,127.63247680664062
2018-07-11,126.72245025634766
2018-07-12,127.76499938964844
2018-07-13,127.84452056884766
2018-07-16,127.64131927490234
2018-07-17,128.22447204589844
2018-07-18,128.50714111328125
2018-07-19,128.1979217529297
2018-07-20,127.96818542480469
2018-07-23,128.17144775390625
2018-07-24,128.45416259765625
2018-07-25,129.54974365234375
2018-07-26,129.33763122558594
2018-07-27,128.30393981933594
2018-07-30,127.46458435058594
2018-07-31,128.18910217285156
2018-08-01,128.03892517089844
2018-08-02,128.79872131347656
2018-08-03,129.23162841796875
2018-08-06,129.8147430419922
2018-08-07,130.23886108398438
2018-08-08,130.11512756347656
2018-08-09,130.02674865722656
2018-08-10,129.21397399902344
2018-08-13,128.7191619873047
2018-08-14,129.5673828125
2018-08-15,128.54249572753906
2018-08-16,129.54974365234375
2018-08-17,130.02674865722656
2018-08-20,130.27418518066406
2018-08-21,130.7600860595703
2018-08-22,130.8042755126953
2018-08-23,130.54803466796875
2018-08-24,131.36090087890625
2018-08-27,132.3062744140625
2018-08-28,132.3858184814453
2018-08-29,133.08375549316406
2018-08-30,132.5359649658203
2018-08-31,132.58897399902344
2018-09-04,132.4034423828125
2018-09-05,131.97052001953125
2018-09-06,131.5729217529297
2018-09-07,131.27256774902344
2018-09-10,131.55526733398438
2018-09-11,131.99705505371094
2018-09-12,132.00588989257812
2018-09-13,132.6685028076172
2018-09-14,132.77450561523438
2018-09-17,131.9351806640625
2018-09-18,132.64199829101562
2018-09-19,132.65963745117188
2018-09-20,133.68450927734375
2018-09-21,133.55201721191406
2018-09-24,133.06607055664062
2018-09-25,132.9954376220703
2018-09-26,132.48297119140625
2018-09-27,132.792236328125
2018-09-28,132.84896850585938
2018-10-01,133.05322265625
2018-10-02,132.85789489746094
2018-10-03,133.035400390625
2018-10-04,131.90802001953125
2018-10-05,131.05580139160156
2018-10-08,130.9581298828125
2018-10-09,130.72732543945312
2018-10-10,126.56387329101562
2018-10-11,123.86517333984375
2018-10-12,125.49858856201172
2018-10-15,124.9393310546875
2018-10-16,127.69129943847656
2018-10-17,127.6557846069336
2018-10-18,125.80931091308594
2018-10-19,125.48080444335938
2018-10-22,124.98368072509766
2018-10-23,124.24689483642578
2018-10-24,120.38526153564453
2018-10-25,122.64899444580078
2018-10-26,120.52729797363281
2018-10-29,119.86150360107422
2018-10-30,121.73461151123047
2018-10-31,123.00406646728516
2018-11-01,124.39783477783203
2018-11-02,123.89177703857422
2018-11-05,124.49541473388672
2018-11-06,125.20565032958984
2018-11-07,127.7623062133789
2018-11-08,127.51371765136719
2018-11-09,126.20877838134766
2018-11-12,123.78527069091797
2018-11-13,123.60774230957031
2018-11-14,122.70226287841797
2018-11-15,124.08708953857422
2018-11-16,124.35340881347656
2018-11-19,122.19620513916016
2018-11-20,120.02127075195312
2018-11-21,120.60718536376953
2018-11-23,119.95915985107422
2018-11-26,121.82337951660156
2018-11-27,121.97428131103516
2018-11-28,124.81504821777344
2018-11-29,124.58423614501953
2018-11-30,125.48080444335938
2018-12-03,126.94563293457031
2018-12-04,122.79987335205078
2018-12-06,122.64899444580078
2018-12-07,119.75495910644531
2018-12-10,119.88812255859375
2018-12-11,119.86150360107422
2018-12-12,120.5450668334961
2018-12-13,120.2520980834961
2018-12-14,118.1748046875
2018-12-17,115.65361785888672
2018-12-18,115.61813354492188
2018-12-19,113.8426742553711
2018-12-20,112.00507354736328
2018-12-21,109.62596893310547
2018-12-24,106.88550567626953
2018-12-26,112.02886199951172
2018-12-27,113.03789520263672
2018-12-28,112.89502716064453
2018-12-31,113.96653747558594
2019-01-02,114.05584716796875
2019-01-03,111.41272735595703
2019-01-04,115.1005859375
2019-01-07,116.26141357421875
2019-01-08,117.45795440673828
2019-01-09,118.01161193847656
2019-01-10,118.59197235107422
2019-01-11,118.61880493164062
2019-01-14,117.86874389648438
2019-01-15,119.1545639038086
2019-01-16,119.493896484375
2019-01-17,120.45830535888672
2019-01-18,122.02092742919922
2019-01-22,120.35110473632812
2019-01-23,120.47611999511719
2019-01-24,120.72611236572266
2019-01-25,121.86019134521484
2019-01-28,120.96723937988281
2019-01-29,120.79756927490234
2019-01-30,122.61920166015625
2019-01-31,123.69967651367188
2019-02-01,123.87821197509766
2019-02-04,124.76226043701172
2019-02-05,125.28016662597656
2019-02-06,125.1551513671875
2019-02-07,123.9675521850586
2019-02-08,124.0925521850586
2019-02-11,124.35151672363281
2019-02-12,125.90522003173828
2019-02-13,126.29812622070312
2019-02-14,126.07492065429688
2019-02-15,127.45894622802734
2019-02-19,127.70897674560547
2019-02-20,127.9769287109375
2019-02-21,127.539306640625
2019-02-22,128.3787078857422
2019-02-25,128.56622314453125
2019-02-26,128.32513427734375
2019-02-27,128.36976623535156
2019-02-28,128.1018829345703
2019-03-01,128.95912170410156
2019-03-04,128.36082458496094
2019-03-05,128.11973571777344
2019-03-06,127.14642333984375
2019-03-07,126.15528106689453
2019-03-08,125.89629364013672
2019-03-11,127.74468994140625
2019-03-12,128.17327880859375
2019-03-13,128.9948272705078
2019-03-14,128.88766479492188
2019-03-15,129.48593139648438
2019-03-18,129.96812438964844
2019-03-19,129.94134521484375
2019-03-20,129.4055633544922
2019-03-21,130.9235382080078
2019-03-22,128.191162109375
2019-03-25,128.10317993164062
2019-03-26,129.09072875976562
2019-03-27,128.49818420410156
2019-03-28,129.0638427734375
2019-03-29,129.9167022705078
2019-04-01,131.4250030517578
2019-04-02,131.41595458984375
2019-04-03,131.73016357421875
2019-04-04,132.00851440429688
2019-04-05,132.67286682128906
2019-04-08,132.78952026367188
2019-04-09,131.99053955078125
2019-04-10,132.60096740722656
2019-04-11,132.59205627441406
2019-04-12,133.4808807373047
2019-04-15,133.37306213378906
2019-04-16,133.40899658203125
2019-04-17,132.91526794433594
2019-04-18,133.11277770996094
2019-04-22,133.14869689941406
2019-04-23,134.486328125
2019-04-24,134.3067626953125
2019-04-25,134.08233642578125
2019-04-26,134.80953979492188
2019-04-29,135.00701904296875
2019-04-30,135.0160369873047
2019-05-01,134.01055908203125
2019-05-02,133.78610229492188
2019-05-03,135.2314910888672
2019-05-06,134.80056762695312
2019-05-07,132.475341796875
2019-05-08,132.2598876953125
2019-05-09,131.83790588378906
2019-05-10,132.44839477539062
2019-05-13,129.09974670410156
2019-05-14,130.26681518554688
2019-05-15,131.0389404296875
2019-05-16,132.22393798828125
2019-05-17,131.290283203125
2019-05-20,130.35662841796875
2019-05-21,131.63140869140625
2019-05-22,131.15557861328125
2019-05-23,129.48577880859375
2019-05-24,129.79998779296875
2019-05-28,128.65982055664062
2019-05-29,127.77999114990234
2019-05-30,128.0313720703125
2019-05-31,126.30767822265625
2019-06-03,126.05628204345703
2019-06-04,128.8842315673828
2019-06-05,129.87179565429688
2019-06-06,130.59902954101562
2019-06-07,131.78402709960938
2019-06-10,132.5202178955078
2019-06-11,132.39450073242188
2019-06-12,132.21493530273438
2019-06-13,132.82542419433594
2019-06-14,132.53822326660156
2019-06-17,132.6345672607422
2019-06-18,134.0853729248047
2019-06-19,134.54495239257812
2019-06-20,135.7794647216797
2019-06-21,135.79747009277344
2019-06-24,135.0405731201172
2019-06-25,133.7610321044922
2019-06-26,133.50868225097656
2019-06-27,134.3106231689453
2019-06-28,135.24786376953125
2019-07-01,136.20297241210938
2019-07-02,136.51841735839844
2019-07-03,137.54566955566406
2019-07-05,137.46453857421875
2019-07-08,136.7256317138672
2019-07-09,136.9689483642578
2019-07-10,137.5276336669922
2019-07-11,137.71690368652344
2019-07-12,138.41973876953125
2019-07-15,138.32960510253906
2019-07-16,137.97816467285156
2019-07-17,137.06808471679688
2019-07-18,137.57272338867188
2019-07-19,136.78875732421875
2019-07-22,137.11314392089844
2019-07-23,138.0322265625
2019-07-24,138.87930297851562
2019-07-25,138.14039611816406
2019-07-26,139.140625
2019-07-29,138.80722045898438
2019-07-30,138.6720428466797
2019-07-31,137.158203125
2019-08-01,135.8876495361328
2019-08-02,134.78826904296875
2019-08-05,130.78733825683594
2019-08-06,132.4904022216797
2019-08-07,132.6345672607422
2019-08-08,135.15771484375
2019-08-09,134.1935577392578
2019-08-12,132.53550720214844
2019-08-13,134.42782592773438
2019-08-14,130.54400634765625
2019-08-15,130.78733825683594
2019-08-16,132.7697296142578
2019-08-19,134.3466796875
2019-08-20,133.3194122314453
2019-08-21,134.4458465576172
2019-08-22,134.32867431640625
2019-08-23,130.9405059814453
2019-08-26,132.26519775390625
2019-08-27,131.65243530273438
2019-08-28,132.5895233154297
2019-08-29,134.3466796875
2019-08-30,134.30166625976562
2019-09-03,133.42762756347656
2019-09-04,134.85134887695312
2019-09-05,136.65354919433594
2019-09-06,136.6805877685547
2019-09-09,136.76170349121094
2019-09-10,136.89686584472656
2019-09-11,138.0142364501953
2019-09-12,138.4287109375
2019-09-13,138.29356384277344
2019-09-16,138.0129852294922
2019-09-17,138.34793090820312
2019-09-18,138.32977294921875
2019-09-19,138.2392578125
2019-09-20,137.63275146484375
2019-09-23,137.70513916015625
2019-09-24,136.42877197265625
2019-09-25,137.28880310058594
2019-09-26,136.8723907470703
2019-09-27,136.05758666992188
2019-09-30,136.6913299560547
2019-10-01,134.90797424316406
2019-10-02,132.7172393798828
2019-10-03,133.79457092285156
2019-10-04,135.5416259765625
2019-10-07,135.00753784179688
2019-10-08,132.82591247558594
2019-10-09,134.0480194091797
2019-10-10,134.90797424316406
2019-10-11,136.35638427734375
2019-10-14,136.22962951660156
2019-10-15,137.5693817138672
2019-10-16,137.31593322753906
2019-10-17,137.76853942871094
2019-10-18,137.21630859375
2019-10-21,138.11251831054688
2019-10-22,137.69615173339844
2019-10-23,137.97674560546875
2019-10-24,138.35694885253906
2019-10-25,138.9091033935547
2019-10-28,139.7510223388672
2019-10-29,139.72386169433594
2019-10-30,140.05880737304688
2019-10-31,139.5699920654297
2019-11-01,141.06362915039062
2019-11-04,141.57958984375
2019-11-05,141.45285034179688
2019-11-06,141.38946533203125
2019-11-07,141.86929321289062
2019-11-08,142.26760864257812
2019-11-11,141.98695373535156
2019-11-12,142.23135375976562
2019-11-13,142.2947540283203
2019-11-14,142.43954467773438
2019-11-15,143.52584838867188
2019-11-18,143.60733032226562
2019-11-19,143.652587890625
2019-11-20,143.19998168945312
2019-11-21,142.83790588378906
2019-11-22,143.1547393798828
2019-11-25,144.51254272460938
2019-11-26,144.82037353515625
2019-11-27,145.50836181640625
2019-11-29,144.85655212402344
2019-12-02,143.5439910888672
2019-12-03,142.6930694580078
2019-12-04,143.6163787841797
2019-12-05,143.8245849609375
2019-12-06,145.10096740722656
2019-12-09,144.63929748535156
2019-12-10,144.51254272460938
2019-12-11,144.85655212402344
2019-12-12,146.04244995117188
2019-12-13,146.04244995117188
2019-12-16,147.11061096191406
2019-12-17,147.1649627685547
2019-12-18,147.2283172607422
2019-12-19,147.87103271484375
2019-12-20,148.63145446777344
2019-12-23,148.7219696044922
2019-12-24,148.7547149658203
2019-12-26,149.47372436523438
2019-12-27,149.3372344970703
2019-12-30,148.52720642089844
2019-12-31,148.91854858398438
2020-01-02,150.15634155273438
2020-01-03,149.20069885253906
2020-01-06,149.71038818359375
2020-01-07,149.3554229736328
2020-01-08,150.09263610839844
2020-01-09,151.03012084960938
2020-01-10,150.59323120117188
2020-01-13,151.62168884277344
2020-01-14,151.5397186279297
2020-01-15,151.9129180908203
2020-01-16,153.2144317626953
2020-01-17,153.5966796875
2020-01-21,153.26905822753906
2020-01-22,153.36007690429688
2020-01-23,153.53302001953125
2020-01-24,152.07675170898438
2020-01-27,149.79229736328125
2020-01-28,151.2394256591797
2020-01-29,151.13931274414062
2020-01-30,151.5033416748047
2020-01-31,148.8275146484375
2020-02-03,150.1381378173828
2020-02-04,152.50453186035156
2020-02-05,154.00624084472656
2020-02-06,154.43402099609375
2020-02-07,153.55125427246094
2020-02-10,154.6797637939453
2020-02-11,155.10755920410156
2020-02-12,156.08140563964844
2020-02-13,156.0176544189453
2020-02-14,156.27255249023438
2020-02-18,155.90850830078125
2020-02-19,156.70030212402344
2020-02-20,156.22703552246094
2020-02-21,154.62518310546875
2020-02-24,149.5374755859375
2020-02-25,144.96853637695312
2020-02-26,144.16757202148438
2020-02-27,137.85116577148438
2020-02-28,136.92279052734375
2020-03-02,142.59298706054688
2020-03-03,138.91598510742188
2020-03-04,144.46792602539062
2020-03-05,139.65321350097656
2020-03-06,137.0592803955078
2020-03-09,126.05563354492188
2020-03-10,132.30831909179688
2020-03-11,125.609619140625
2020-03-12,113.39543914794922
2020-03-13,123.7165298461914
2020-03-16,109.63653564453125
2020-03-17,115.13381958007812
2020-03-18,108.49883270263672
2020-03-19,109.29974365234375
2020-03-20,104.84002685546875
2020-03-23,101.85474395751953
2020-03-24,111.52051544189453
2020-03-25,113.05867004394531
2020-03-26,119.92235565185547
2020-03-27,116.09904479980469
2020-03-30,119.62052154541016
2020-03-31,117.91008758544922
2020-04-01,112.46780395507812
2020-04-02,114.8093490600586
2020-04-03,112.85195922851562
2020-04-06,120.74555969238281
2020-04-07,120.88276672363281
2020-04-08,125.12683868408203
2020-04-09,127.46837615966797
2020-04-13,125.95002746582031
2020-04-14,129.77334594726562
2020-04-15,126.72750854492188
2020-04-16,127.3219985961914
2020-04-17,130.9258270263672
2020-04-20,128.80381774902344
2020-04-21,124.80668640136719
2020-04-22,127.62388610839844
2020-04-23,127.64216613769531
2020-04-24,129.54469299316406
2020-04-27,131.8404998779297
2020-04-28,131.42893981933594
2020-04-29,135.15158081054688
2020-04-30,133.39544677734375
2020-05-01,129.7093505859375
2020-05-04,130.20326232910156
2020-05-05,131.41061401367188
2020-05-06,130.68800354003906
2020-05-07,132.39846801757812
2020-05-08,134.88633728027344
2020-05-11,134.9046630859375
2020-05-12,132.0326385498047
2020-05-13,129.38003540039062
2020-05-14,130.77035522460938
2020-05-15,131.5569610595703
2020-05-18,135.919921875
2020-05-19,134.47476196289062
2020-05-20,136.96263122558594
2020-05-21,136.13941955566406
2020-05-22,136.52362060546875
2020-05-26,138.4261474609375
2020-05-27,140.6121826171875
2020-05-28,140.12741088867188
2020-05-29,140.59390258789062
2020-06-01,141.54513549804688
2020-06-02,142.6153564453125
2020-06-03,144.83798217773438
2020-06-04,144.3806610107422
2020-06-05,148.08502197265625
2020-06-08,150.0973358154297
2020-06-09,148.72531127929688
2020-06-10,147.6185760498047
2020-06-11,138.91087341308594
2020-06-12,140.8316650390625
2020-06-15,142.34092712402344
2020-06-16,145.0758056640625
2020-06-17,144.37149047851562
2020-06-18,144.49041748046875
2020-06-19,143.6763458251953
2020-06-22,144.67333984375
2020-06-23,145.24041748046875
2020-06-24,141.29818725585938
2020-06-25,143.0071563720703
2020-06-26,139.6810302734375
2020-06-29,141.7300567626953
2020-06-30,143.82496643066406
2020-07-01,144.66114807128906
2020-07-02,145.239990234375
2020-07-06,147.52789306640625
2020-07-07,146.03018188476562
2020-07-08,147.2246856689453
2020-07-09,146.31503295898438
2020-07-10,147.88623046875
2020-07-13,146.28746032714844
2020-07-14,148.2078094482422
2020-07-15,150.04547119140625
2020-07-16,149.37477111816406
2020-07-17,149.94442749023438
2020-07-20,151.0929718017578
2020-07-21,151.52484130859375
2020-07-22,152.3150177001953
2020-07-23,150.6519317626953
2020-07-24,149.48500061035156
2020-07-27,150.77137756347656
2020-07-28,149.6687469482422
2020-07-29,151.65345764160156
2020-07-30,151.31346130371094
2020-07-31,152.08534240722656
2020-08-03,153.40843200683594
2020-08-04,154.01486206054688
2020-08-05,155.13584899902344
2020-08-06,155.88926696777344
2020-08-07,156.0178985595703
2020-08-10,156.44976806640625
2020-08-11,155.19093322753906
2020-08-12,157.2675323486328
2020-08-13,157.1480712890625
2020-08-14,157.1021270751953
2020-08-17,157.7729034423828
2020-08-18,158.0117645263672
2020-08-19,157.39617919921875
2020-08-20,157.84637451171875
2020-08-21,158.24147033691406
2020-08-24,159.757568359375
2020-08-25,160.29046630859375
2020-08-26,161.74221801757812
2020-08-27,162.1281280517578
2020-08-28,163.25830078125
2020-08-31,162.89077758789062
2020-09-01,164.3333740234375
2020-09-02,166.52940368652344
2020-09-03,160.74069213867188
2020-09-04,159.3716278076172
2020-09-08,154.89691162109375
2020-09-09,157.92909240722656
2020-09-10,155.33795166015625
2020-09-11,155.39309692382812
2020-09-14,157.81883239746094
2020-09-15,158.71926879882812
2020-09-16,158.1955108642578
2020-09-17,156.8908233642578
2020-09-18,155.3655242919922
2020-09-21,153.49110412597656
2020-09-22,155.01641845703125
2020-09-23,151.2767333984375
2020-09-24,151.5983123779297
2020-09-25,154.03768920898438
2020-09-28,156.83319091796875
2020-09-29,155.95668029785156
2020-09-30,157.12838745117188
2020-10-01,158.43849182128906
2020-10-02,157.2021942138672
2020-10-05,160.0345458984375
2020-10-06,158.0602264404297
2020-10-07,160.8188018798828
2020-10-08,162.23037719726562
2020-10-09,163.59585571289062
2020-10-12,166.02227783203125
2020-10-13,165.1457977294922
2020-10-14,164.04788208007812
2020-10-15,164.103271484375
2020-10-16,163.8080596923828
2020-10-19,161.46458435058594
2020-10-20,162.0273895263672
2020-10-21,161.473876953125
2020-10-22,162.61785888671875
2020-10-23,163.15296936035156
2020-10-26,160.1914520263672
2020-10-27,159.54556274414062
2020-10-28,154.25909423828125
2020-10-29,155.71681213378906
2020-10-30,154.0653533935547
2020-11-02,155.670654296875
2020-11-03,158.65989685058594
2020-11-04,162.1197052001953
2020-11-05,165.46871948242188
2020-11-06,165.3856964111328
2020-11-09,167.35081481933594
2020-11-10,167.07403564453125
2020-11-11,168.43028259277344
2020-11-12,166.7695770263672
2020-11-13,169.13148498535156
2020-11-16,171.19808959960938
2020-11-17,170.81057739257812
2020-11-18,169.0023193359375
2020-11-19,169.94337463378906
2020-11-20,169.0484161376953
2020-11-23,170.4323272705078
2020-11-24,173.07098388671875
2020-11-25,173.00637817382812
2020-11-27,173.61529541015625
2020-11-30,172.2498321533203
2020-12-01,174.43641662597656
2020-12-02,174.5840606689453
2020-12-03,174.93463134765625
2020-12-04,176.6875762939453
2020-12-07,176.4938201904297
2020-12-08,177.25955200195312
2020-12-09,175.51588439941406
2020-12-10,175.77420043945312
2020-12-11,175.4605255126953
2020-12-14,174.96229553222656
2020-12-15,177.36106872558594
2020-12-16,177.6101531982422
2020-12-17,179.00326538085938
2020-12-18,178.49583435058594
2020-12-21,177.9792022705078
2020-12-22,178.01612854003906
2020-12-23,178.320556640625
2020-12-24,178.61886596679688
2020-12-28,179.74899291992188
2020-12-29,178.9986114501953
2020-12-30,179.48037719726562
2020-12-31,180.30479431152344
2021-01-04,177.73883056640625
2021-01-05,179.17466735839844
2021-01-06,180.78652954101562
2021-01-07,183.6859588623047
2021-01-08,184.5752716064453
2021-01-11,183.47291564941406
2021-01-12,184.1213836669922
2021-01-13,184.3251953125
2021-01-14,184.14918518066406
2021-01-15,182.5465850830078
2021-01-19,184.21401977539062
2021-01-20,186.53916931152344
2021-01-21,186.400146484375
2021-01-22,186.09449768066406
2021-01-25,186.62252807617188
2021-01-26,185.94627380371094
2021-01-27,181.4813232421875
2021-01-28,182.90785217285156
2021-01-29,179.70269775390625
2021-02-01,182.7688751220703
2021-02-02,185.39044189453125
2021-02-03,185.6684112548828
2021-02-04,188.0212860107422
2021-02-05,189.07733154296875
2021-02-08,190.77259826660156
2021-02-09,190.8466796875
2021-02-10,190.7633056640625
2021-02-11,191.2172393798828
2021-02-12,192.2084197998047
2021-02-16,191.86569213867188
2021-02-17,191.4673309326172
2021-02-18,190.36500549316406
2021-02-19,190.80039978027344
2021-02-22,188.98471069335938
2021-02-23,188.95692443847656
2021-02-24,191.0782470703125
2021-02-25,186.08523559570312
2021-02-26,185.3441619873047
2021-03-01,190.10565185546875
2021-03-02,188.3177490234375
2021-03-03,185.60354614257812
2021-03-04,182.6669921875
2021-03-05,185.96482849121094
2021-03-08,185.0570068359375
2021-03-09,187.9286651611328
2021-03-10,189.27191162109375
2021-03-11,191.74525451660156
2021-03-12,192.1250457763672
2021-03-15,193.46827697753906
2021-03-16,192.6901092529297
2021-03-17,193.4219512939453
2021-03-18,189.90179443359375
2021-03-19,190.1426544189453
2021-03-22,191.17086791992188
2021-03-23,188.99398803710938
2021-03-24,187.42845153808594
2021-03-25,188.815185546875
2021-03-26,191.90087890625
2021-03-29,190.99937438964844
2021-03-30,190.9435272216797
2021-03-31,192.10536193847656
2021-04-01,194.51260375976562
2021-04-05,196.7804412841797
2021-04-06,196.85476684570312
2021-04-07,196.68748474121094
2021-04-08,197.8307647705078
2021-04-09,199.02969360351562
2021-04-12,199.08543395996094
2021-04-13,199.6431121826172
2021-04-14,199.19696044921875
2021-04-15,201.3161163330078
2021-04-16,201.8272705078125
2021-04-19,200.50747680664062
2021-04-20,198.6671905517578
2021-04-21,201.03726196289062
2021-04-22,199.46653747558594
2021-04-23,201.88307189941406
2021-04-26,202.6173095703125
2021-04-27,202.52439880371094
2021-04-28,202.49642944335938
2021-04-29,203.26791381835938
2021-04-30,201.7808380126953
2021-05-03,202.13397216796875
2021-05-04,200.61900329589844
2021-05-05,200.58181762695312
2021-05-06,201.60421752929688
2021-05-07,203.3143768310547
2021-05-10,200.92568969726562
2021-05-11,199.30853271484375
2021-05-12,194.81935119628906
2021-05-13,196.96630859375
2021-05-14,200.3308563232422
2021-05-17,199.90335083007812
2021-05-18,198.34190368652344
2021-05-19,197.76564025878906
2021-05-20,199.9126434326172
2021-05-21,199.8011474609375
2021-05-24,201.8179473876953
2021-05-25,201.2603302001953
2021-05-26,201.9853057861328
2021-05-27,202.35708618164062
2021-05-28,202.70094299316406
2021-06-01,202.7845916748047
2021-06-02,203.0541229248047
2021-06-03,202.1526336669922
2021-06-04,203.90924072265625
2021-06-07,204.07652282714844
2021-06-08,204.49481201171875
2021-06-09,203.91847229003906
2021-06-10,204.82008361816406
2021-06-11,205.42420959472656
2021-06-14,205.7401885986328
2021-06-15,205.2011260986328
2021-06-16,204.17877197265625
2021-06-17,203.9835662841797
2021-06-18,201.4555206298828
2021-06-21,204.23455810546875
2021-06-22,205.39630126953125
2021-06-23,205.31265258789062
2021-06-24,206.70645141601562
2021-06-25,207.48025512695312
2021-06-28,207.71327209472656
2021-06-29,207.72262573242188
2021-06-30,207.7319793701172
2021-07-01,208.86000061035156
2021-07-02,210.0160369873047
2021-07-06,209.5592041015625
2021-07-07,209.83892822265625
2021-07-08,208.0675811767578
2021-07-09,210.5847625732422
2021-07-12,211.17208862304688
2021-07-13,209.9973907470703
2021-07-14,209.70843505859375
2021-07-15,208.97189331054688
2021-07-16,207.33106994628906
2021-07-19,204.38504028320312
2021-07-20,207.91839599609375
2021-07-21,209.7830047607422
2021-07-22,209.9601287841797
2021-07-23,212.05776977539062
2021-07-26,212.48660278320312
2021-07-27,211.3399200439453
2021-07-28,211.66619873046875
2021-07-29,212.59849548339844
2021-07-30,211.3399200439453
2021-08-02,211.0415496826172
2021-08-03,212.55191040039062
2021-08-04,211.60096740722656
2021-08-05,213.1112518310547
2021-08-06,213.37228393554688
2021-08-09,213.28839111328125
2021-08-10,213.42823791503906
2021-08-11,213.8477325439453
2021-08-12,214.44444274902344
2021-08-13,214.5656280517578
2021-08-16,214.6495361328125
2021-08-17,213.05528259277344
2021-08-18,210.92970275878906
2021-08-19,210.7711944580078
2021-08-20,212.66371154785156
2021-08-23,214.72412109375
2021-08-24,215.4886016845703
2021-08-25,216.10391235351562
2021-08-26,214.65884399414062
2021-08-27,216.9709014892578
2021-08-30,217.79132080078125
2021-08-31,217.38113403320312
2021-09-01,217.76336669921875
2021-09-02,218.49986267089844
2021-09-03,218.42529296875
2021-09-07,217.4836883544922
2021-09-08,216.9709014892578
2021-09-09,216.21575927734375
2021-09-10,214.5003662109375
2021-09-13,214.9851531982422
2021-09-14,213.6892852783203
2021-09-15,215.45130920410156
2021-09-16,215.25550842285156
2021-09-17,213.5308074951172
2021-09-20,209.82962036132812
2021-09-21,209.8109588623047
2021-09-22,211.92726135253906
2021-09-23,214.50965881347656
2021-09-24,214.76593017578125
2021-09-27,214.2982940673828
2021-09-28,209.8092498779297
2021-09-29,209.9495086669922
2021-09-30,207.67689514160156
2021-10-01,210.53868103027344
2021-10-04,207.36830139160156
2021-10-05,209.30421447753906
2021-10-06,210.1739501953125
2021-10-07,212.19403076171875
2021-10-08,211.72642517089844
2021-10-11,210.20201110839844
2021-10-12,210.05238342285156
2021-10-13,211.0062713623047
2021-10-14,214.513427734375
2021-10-15,215.7853546142578
2021-10-18,216.57095336914062
2021-10-19,218.1514434814453
2021-10-20,219.00247192382812
2021-10-21,219.60107421875
2021-10-22,219.1802215576172
2021-10-25,220.5269317626953
2021-10-26,220.4427490234375
2021-10-27,218.9370574951172
2021-10-28,221.27508544921875
2021-10-29,221.56504821777344
2021-11-01,222.66860961914062
2021-11-02,223.36068725585938
2021-11-03,224.94119262695312
2021-11-04,225.79229736328125
2021-11-05,226.6620330810547
2021-11-08,227.03614807128906
2021-11-09,226.38148498535156
2021-11-10,224.15560913085938
2021-11-11,224.4268341064453
2021-11-12,226.09152221679688
2021-11-15,226.09152221679688
2021-11-16,227.06422424316406
2021-11-17,226.12893676757812
2021-11-18,226.48434448242188
2021-11-19,225.83905029296875
2021-11-22,224.75421142578125
2021-11-23,224.82899475097656
2021-11-24,225.58653259277344
2021-11-26,220.70462036132812
2021-11-29,222.78082275390625
2021-11-30,218.32916259765625
2021-12-01,215.25225830078125
2021-12-02,218.75
2021-12-03,216.21551513671875
2021-12-06,218.99317932128906
2021-12-07,223.6786651611328
2021-12-08,224.64193725585938
2021-12-09,222.50027465820312
2021-12-10,224.01536560058594
2021-12-13,221.97653198242188
2021-12-14,220.31179809570312
2021-12-15,223.7067108154297
2021-12-16,221.20030212402344
2021-12-17,220.19027709960938
2021-12-20,217.09466552734375
2021-12-21,221.3499298095703
2021-12-22,223.53839111328125
2021-12-23,225.08151245117188
2021-12-27,228.03707885742188
2021-12-28,227.56781005859375
2021-12-29,227.69920349121094
2021-12-30,227.33316040039062
2021-12-31,226.61044311523438
2022-01-03,228.0464630126953
2022-01-04,227.61468505859375
2022-01-05,222.6777801513672
2022-01-06,222.62149047851562
2022-01-07,221.60780334472656
2022-01-10,221.22300720214844
2022-01-11,223.42868041992188
2022-01-12,223.7759246826172
2022-01-13,220.5002899169922
2022-01-14,220.58477783203125
2022-01-18,216.29544067382812
2022-01-19,214.02410888671875
2022-01-20,211.52749633789062
2022-01-21,207.34144592285156
2022-01-24,208.67420959472656
2022-01-25,205.75523376464844
2022-01-26,204.95741271972656
2022-01-27,203.4369659423828
2022-01-28,208.44891357421875
2022-01-31,212.87904357910156
2022-02-01,214.50277709960938
2022-02-02,215.9200439453125
2022-02-03,210.78598022460938
2022-02-04,212.18447875976562
2022-02-07,211.64947509765625
2022-02-08,213.5923614501953
2022-02-09,217.06509399414062
2022-02-10,213.38587951660156
2022-02-11,209.24673461914062
2022-02-14,208.47714233398438
2022-02-15,212.18447875976562
2022-02-16,212.381591796875
2022-02-17,207.55728149414062
2022-02-18,205.89602661132812
2022-02-22,203.5308074951172
2022-02-23,199.7858428955078
2022-02-24,203.28675842285156
2022-02-25,207.81069946289062
2022-02-28,207.58546447753906
2022-03-01,204.34735107421875
2022-03-02,208.2237091064453
2022-03-03,206.6374969482422
2022-03-04,204.57260131835938
2022-03-07,198.265380859375
2022-03-08,197.14845275878906
2022-03-09,202.62037658691406
2022-03-10,201.70994567871094
2022-03-11,198.96929931640625
2022-03-14,197.00765991210938
2022-03-15,201.11866760253906
2022-03-16,206.14942932128906
2022-03-17,208.90882873535156
2022-03-18,211.34915161132812
2022-03-21,211.15206909179688
2022-03-22,213.7425079345703
2022-03-23,210.83139038085938
2022-03-24,213.8347930908203
2022-03-25,214.74807739257812
2022-03-28,216.14151000976562
2022-03-29,219.41790771484375
2022-03-30,217.63848876953125
2022-03-31,214.35263061523438
2022-04-01,215.20938110351562
2022-04-04,217.035888671875
2022-04-05,213.86302185058594
2022-04-06,211.4057159423828
2022-04-07,212.2059783935547
2022-04-08,211.54693603515625
2022-04-11,208.2422332763672
2022-04-12,207.60202026367188
2022-04-13,210.32298278808594
2022-04-14,207.76205444335938
2022-04-18,207.40431213378906
2022-04-19,211.0573272705078
2022-04-20,210.78433227539062
2022-04-21,207.33840942382812
2022-04-22,201.6893768310547
2022-04-25,202.79090881347656
2022-04-26,197.01010131835938
2022-04-27,197.39614868164062
2022-04-28,202.2071990966797
2022-04-29,194.7787322998047
2022-05-02,196.24746704101562
2022-05-03,197.17953491210938
2022-05-04,202.96041870117188
2022-05-05,195.4754180908203
2022-05-06,193.9031524658203
2022-05-09,187.03012084960938
2022-05-10,187.40673828125
2022-05-11,184.01730346679688
2022-05-12,184.21502685546875
2022-05-13,189.1485137939453
2022-05-16,188.2164306640625
2022-05-17,192.23663330078125
2022-05-18,184.7140350341797
2022-05-19,183.89492797851562
2022-05-20,183.89492797851562
2022-05-23,187.03952026367188
2022-05-24,185.16595458984375
2022-05-25,187.2278594970703
2022-05-26,191.05975341796875
2022-05-27,195.89913940429688
2022-05-31,194.2891082763672
2022-06-01,193.0086669921875
2022-06-02,196.94418334960938
2022-06-03,193.79953002929688
2022-06-06,194.3738555908203
2022-06-07,196.4828338623047
2022-06-08,194.2797088623047
2022-06-09,189.628662109375
2022-06-10,183.9984893798828
2022-06-13,176.48524475097656
2022-06-14,175.9862518310547
2022-06-15,178.5471649169922
2022-06-16,172.31439208984375
2022-06-17,172.96401977539062
2022-06-21,177.15371704101562
2022-06-22,177.12548828125
2022-06-23,178.7315216064453
2022-06-24,184.50711059570312
2022-06-27,183.93991088867188
2022-06-28,180.14938354492188
2022-06-29,179.84689331054688
2022-06-30,178.29660034179688
2022-07-01,180.17774963378906
2022-07-05,180.82054138183594
2022-07-06,181.17974853515625
2022-07-07,184.1667938232422
2022-07-08,183.97772216796875
2022-07-11,181.65235900878906
2022-07-12,180.083251953125
2022-07-13,179.29867553710938
2022-07-14,178.50460815429688
2022-07-15,181.97377014160156
2022-07-18,180.71656799316406
2022-07-19,185.76431274414062
2022-07-20,187.2672882080078
2022-07-21,189.1200408935547
2022-07-22,187.0687713623047
2022-07-25,187.323974609375
2022-07-26,185.00808715820312
2022-07-27,189.8667449951172
2022-07-28,192.3433380126953
2022-07-29,194.96177673339844
2022-08-01,194.50804138183594
2022-08-02,193.45877075195312
2022-08-03,196.5687255859375
2022-08-04,196.379638671875
2022-08-05,196.31349182128906
2022-08-08,196.4930877685547
2022-08-09,195.25479125976562
2022-08-10,199.70700073242188
2022-08-11,199.7164764404297
2022-08-12,203.17617797851562
2022-08-15,203.97015380859375
2022-08-16,204.4049835205078
2022-08-17,202.5711669921875
2022-08-18,203.10055541992188
2022-08-19,200.1985321044922
2022-08-22,195.91648864746094
2022-08-23,195.54782104492188
2022-08-24,196.37022399902344
2022-08-25,199.2154541015625
2022-08-26,192.61749267578125
2022-08-29,191.20904541015625
2022-08-30,189.08218383789062
2022-08-31,187.692626953125
2022-09-01,187.80606079101562
2022-09-02,185.9438934326172
2022-09-06,185.1876983642578
2022-09-07,188.60955810546875
2022-09-08,190.10308837890625
2022-09-09,193.26026916503906
2022-09-12,195.33985900878906
2022-09-13,186.9458770751953
2022-09-14,187.67373657226562
2022-09-15,185.66978454589844
2022-09-16,183.97772216796875
2022-09-19,185.28219604492188
2022-09-20,183.12701416015625
2022-09-21,179.99813842773438
2022-09-22,177.9847412109375
2022-09-23,174.9147491455078
2022-09-26,172.99720764160156
2022-09-27,172.7408905029297
2022-09-28,176.37667846679688
2022-09-29,172.71240234375
2022-09-30,170.36766052246094
2022-10-03,174.69642639160156
2022-10-04,180.30667114257812
2022-10-05,179.96490478515625
2022-10-06,178.24673461914062
2022-10-07,173.14910888671875
2022-10-10,171.77264404296875
2022-10-11,170.67141723632812
2022-10-12,170.20632934570312
2022-10-13,174.4306182861328
2022-10-14,170.32022094726562
2022-10-17,174.86732482910156
2022-10-18,177.00318908691406
2022-10-19,175.49380493164062
2022-10-20,173.9749755859375
2022-10-21,177.98094177246094
2022-10-24,179.89846801757812
2022-10-25,183.15452575683594
2022-10-26,182.02487182617188
2022-10-27,181.17054748535156
2022-10-28,185.3853302001953
2022-10-31,184.18923950195312
2022-11-01,183.61965942382812
2022-11-02,178.787841796875
2022-11-03,177.0791015625
2022-11-04,179.35740661621094
2022-11-07,180.99017333984375
2022-11-08,181.939453125
2022-11-09,178.01895141601562
2022-11-10,188.0907745361328
2022-11-11,190.0083465576172
2022-11-14,188.29014587402344
2022-11-15,190.19821166992188
2022-11-16,188.26168823242188
2022-11-17,187.4737548828125
2022-11-18,188.35658264160156
2022-11-21,187.5592041015625
2022-11-22,190.017822265625
2022-11-23,191.1759490966797
2022-11-25,191.31834411621094
2022-11-28,188.21417236328125
2022-11-29,187.919921875
2022-11-30,193.71054077148438
2022-12-01,193.82444763183594
2022-12-02,193.64410400390625
2022-12-05,189.83746337890625
2022-12-06,186.9896240234375
2022-12-07,186.6858673095703
2022-12-08,188.2996368408203
2022-12-09,186.72381591796875
2022-12-12,189.41029357910156
2022-12-13,190.82472229003906
2022-12-14,189.7615203857422
2022-12-15,185.0341033935547
2022-12-16,182.91722106933594
2022-12-19,181.0756072998047
2022-12-20,181.45530700683594
2022-12-21,184.19874572753906
2022-12-22,181.5861053466797
2022-12-23,182.587646484375
2022-12-27,181.82456970214844
2022-12-28,179.53533935546875
2022-12-29,182.83567810058594
2022-12-30,182.3682861328125
2023-01-03,181.624267578125
2023-01-04,183.23631286621094
2023-01-05,181.09011840820312
2023-01-06,185.08677673339844
2023-01-09,185.16310119628906
2023-01-10,186.62249755859375
2023-01-11,189.0834503173828
2023-01-12,189.9991455078125
2023-01-13,190.8098907470703
2023-01-17,190.55238342285156
2023-01-18,187.54774475097656
2023-01-19,186.02159118652344
2023-01-20,189.58897399902344
2023-01-23,191.99269104003906
2023-01-24,191.6779327392578
2023-01-25,191.7733154296875
2023-01-26,193.747802734375
2023-01-27,194.5299835205078
2023-01-30,191.92591857910156
2023-01-31,194.9973602294922
2023-02-01,197.3724822998047
2023-02-02,200.31991577148438
2023-02-03,198.25
2023-02-06,196.76202392578125
2023-02-07,199.24203491210938
2023-02-08,197.1149139404297
2023-02-09,195.19766235351562
2023-02-10,195.55059814453125
2023-02-13,197.87803649902344
2023-02-14,197.95433044433594
2023-02-15,198.8414306640625
2023-02-16,196.18968200683594
2023-02-17,195.6173858642578
2023-02-21,191.56349182128906
2023-02-22,191.4013214111328
2023-02-23,192.42196655273438
2023-02-24,190.27577209472656
2023-02-27,190.9530029296875
2023-02-28,190.31393432617188
2023-03-01,190.77178955078125
2023-03-02,191.06748962402344
2023-03-03,194.17706298828125
2023-03-06,193.9195098876953
2023-03-07,191.02935791015625
2023-03-08,191.2772979736328
2023-03-09,187.50001525878906
2023-03-10,184.34275817871094
2023-03-13,183.57968139648438
2023-03-14,186.85142517089844
2023-03-15,185.41110229492188
2023-03-16,188.61605834960938
2023-03-17,186.18373107910156
2023-03-20,187.8052520751953
2023-03-21,190.48561096191406
2023-03-22,187.08033752441406
2023-03-23,187.42129516601562
2023-03-24,188.59922790527344
2023-03-27,189.07809448242188
2023-03-28,188.80995178222656
2023-03-29,191.52980041503906
2023-03-30,192.5641326904297
2023-03-31,195.46595764160156
2023-04-03,195.98306274414062
2023-04-04,194.67103576660156
2023-04-05,193.96237182617188
2023-04-06,194.6039581298828
2023-04-10,195.04457092285156
2023-04-11,195.2456512451172
2023-04-12,194.42202758789062
2023-04-13,196.95037841796875
2023-04-14,196.40447998046875
2023-04-17,197.18978881835938
2023-04-18,197.2855682373047
2023-04-19,197.38131713867188
2023-04-20,196.15550231933594
2023-04-21,196.32781982421875
2023-04-24,196.40447998046875
2023-04-25,193.12916564941406
2023-04-26,192.25765991210938
2023-04-27,195.86817932128906
2023-04-28,197.5728759765625
2023-05-01,197.47706604003906
2023-05-02,195.06369018554688
2023-05-03,193.92404174804688
2023-05-04,192.47792053222656
2023-05-05,196.03097534179688
2023-05-08,196.24166870117188
2023-05-09,195.43724060058594
2023-05-10,196.29908752441406
2023-05-11,196.04051208496094
2023-05-12,195.5808563232422
2023-05-15,196.4140625
2023-05-16,194.8913116455078
2023-05-17,197.41961669921875
2023-05-18,199.3828887939453
2023-05-19,198.90406799316406
2023-05-22,199.2488250732422
2023-05-23,197.14190673828125
2023-05-24,195.61917114257812
2023-05-25,196.95037841796875
2023-05-26,199.54574584960938
2023-05-30,199.6127471923828
2023-05-31,198.4156494140625
2023-06-01,200.3980712890625
2023-06-02,203.71170043945312
2023-06-05,203.1753692626953
2023-06-06,204.1043701171875
2023-06-07,203.70211791992188
2023-06-08,204.6598358154297
2023-06-09,204.8800811767578
2023-06-12,206.71885681152344
2023-06-13,208.24159240722656
2023-06-14,208.24159240722656
2023-06-15,210.77951049804688
2023-06-16,209.98460388183594
2023-06-20,208.9503173828125
2023-06-21,207.80104064941406
2023-06-22,208.35653686523438
2023-06-23,206.6328125
2023-06-26,205.9117889404297
2023-06-27,208.42092895507812
2023-06-28,208.59397888183594
2023-06-29,209.59378051757812
2023-06-30,211.7664337158203
2023-07-03,212.40093994140625
2023-07-05,211.7568359375
2023-07-06,209.87255859375
2023-07-07,209.613037109375
2023-07-10,210.5263214111328
2023-07-11,212.17984008789062
2023-07-12,213.80450439453125
2023-07-13,215.61184692382812
2023-07-14,215.2946014404297
2023-07-17,216.11175537109375
2023-07-18,217.8325653076172
2023-07-19,218.39974975585938
2023-07-20,216.82315063476562
2023-07-21,216.80392456054688
2023-07-24,217.57301330566406
2023-07-25,218.1209716796875
2023-07-26,218.2843780517578
2023-07-27,216.60208129882812
2023-07-28,218.86122131347656
2023-07-31,219.5245361328125
2023-08-01,218.92849731445312
2023-08-02,215.82334899902344
2023-08-03,215.19845581054688
2023-08-04,214.28517150878906
2023-08-07,215.92909240722656
2023-08-08,214.92929077148438
2023-08-09,213.39111328125
2023-08-10,213.4295654296875
2023-08-11,213.22769165039062
2023-08-14,214.28517150878906
2023-08-15,211.8529510498047
2023-08-16,210.10330200195312
2023-08-17,208.38247680664062
2023-08-18,208.62278747558594
2023-08-21,209.82452392578125
2023-08-22,209.2669219970703
2023-08-23,211.55491638183594
2023-08-24,208.71896362304688
2023-08-25,210.14178466796875
2023-08-28,211.4876251220703
2023-08-29,214.56396484375
2023-08-30,215.5157012939453
2023-08-31,215.28497314453125
2023-09-01,215.9963836669922
2023-09-05,214.7081756591797
2023-09-06,213.36228942871094
2023-09-07,212.63162231445312
2023-09-08,212.86239624023438
2023-09-11,214.1986541748047
2023-09-12,213.160400390625
2023-09-13,213.18923950195312
2023-09-14,215.01583862304688
2023-09-15,212.4874267578125
2023-09-18,212.50668334960938
2023-09-19,211.96832275390625
2023-09-20,210.0937042236328
2023-09-21,206.56996154785156
2023-09-22,206.13575744628906
2023-09-25,206.96556091308594
2023-09-26,203.98411560058594
2023-09-27,204.19638061523438
2023-09-28,205.5471954345703
2023-09-29,204.94898986816406
2023-10-02,204.67881774902344
2023-10-03,201.70701599121094
2023-10-04,203.1639404296875
2023-10-05,203.05780029296875
2023-10-06,205.4796600341797
2023-10-09,206.7725830078125
2023-10-10,208.05587768554688
2023-10-11,208.8760223388672
2023-10-12,207.1971435546875
2023-10-13,206.02964782714844
2023-10-16,208.42251586914062
2023-10-17,208.69268798828125
2023-10-18,205.6051025390625
2023-10-19,203.6656951904297
2023-10-20,201.1473846435547
2023-10-23,200.59739685058594
2023-10-24,202.11224365234375
2023-10-25,199.1114959716797
2023-10-26,197.04666137695312
2023-10-27,195.9852752685547
2023-10-30,198.24310302734375
2023-10-31,199.52639770507812
2023-11-01,201.52366638183594
2023-11-02,205.5279083251953
2023-11-03,207.8436279296875
2023-11-06,207.93043518066406
2023-11-07,208.54795837402344
2023-11-08,208.5189971923828
2023-11-09,206.74363708496094
2023-11-10,209.8216094970703
2023-11-13,209.69615173339844
2023-11-14,214.34686279296875
2023-11-15,214.87754821777344
2023-11-16,214.7328338623047
2023-11-17,215.2731475830078
2023-11-20,216.89413452148438
2023-11-21,216.30555725097656
2023-11-22,217.2318115234375
2023-11-24,217.46339416503906
2023-11-27,217.18356323242188
2023-11-28,217.3186492919922
2023-11-29,217.41513061523438
2023-11-30,218.31248474121094
2023-12-01,220.15541076660156
2023-12-04,219.3642120361328
2023-12-05,218.9396514892578
2023-12-06,218.0133819580078
2023-12-07,219.75979614257812
2023-12-08,220.8115234375
2023-12-11,221.71847534179688
2023-12-12,222.5579376220703
2023-12-13,226.01219177246094
2023-12-14,227.3533477783203
2023-12-15,227.0446014404297
2023-12-18,228.02874755859375
2023-12-19,229.69798278808594
2023-12-20,226.272705078125
2023-12-21,228.7747039794922
2023-12-22,229.2979736328125
2023-12-26,230.43173217773438
2023-12-27,230.8677520751953
2023-12-28,230.7515106201172
2023-12-29,229.86968994140625
2024-01-02,228.32894897460938
2024-01-03,226.1389923095703
2024-01-04,225.55758666992188
2024-01-05,225.896728515625
2024-01-08,229.12353515625
2024-01-09,228.6971435546875
2024-01-10,229.87937927246094
2024-01-11,229.724365234375
2024-01-12,229.76312255859375
2024-01-16,228.6971435546875
2024-01-17,227.3211669921875
2024-01-18,229.32704162597656
2024-01-19,232.1177978515625
2024-01-22,233.12559509277344
2024-01-23,233.55194091796875
2024-01-24,233.51319885253906
2024-01-25,234.81167602539062
2024-01-26,234.61785888671875
2024-01-29,236.74972534179688
2024-01-30,236.4202423095703
2024-01-31,232.4375762939453
2024-02-01,235.5675048828125
2024-02-02,237.5830535888672
2024-02-05,236.458984375
2024-02-06,237.26329040527344
2024-02-07,239.13345336914062
2024-02-08,239.72457885742188
2024-02-09,241.18777465820312
2024-02-12,241.42034912109375
2024-02-13,237.55397033691406
2024-02-14,240.18002319335938
2024-02-15,242.0308380126953
2024-02-16,240.76144409179688
2024-02-20,239.24972534179688
2024-02-21,239.29820251464844
2024-02-22,244.02700805664062
2024-02-23,244.19175720214844
2024-02-26,243.4552764892578
2024-02-27,244.13360595703125
2024-02-28,243.72657775878906
2024-02-29,244.75376892089844
2024-03-01,247.0018768310547
2024-03-04,246.75961303710938
2024-03-05,244.14329528808594
2024-03-06,245.58714294433594
2024-03-07,247.98057556152344
2024-03-08,246.54641723632812
2024-03-11,246.14913940429688
2024-03-12,248.5813751220703
2024-03-13,248.2712860107422
2024-03-14,247.31195068359375
2024-03-15,245.84872436523438
2024-03-18,247.0988006591797
2024-03-19,248.52322387695312
2024-03-20,251.0426483154297
2024-03-21,252.07952880859375
2024-03-22,251.37063598632812
2024-03-25,250.806640625
2024-03-26,250.3592987060547
2024-03-27,252.5667266845703
2024-03-28,252.73202514648438
2024-04-01,252.5375213623047
2024-04-02,250.20370483398438
2024-04-03,250.59268188476562
2024-04-04,247.58790588378906
2024-04-05,250.08700561523438
2024-04-08,250.3787384033203
2024-04-09,250.73854064941406
2024-04-10,247.93797302246094
2024-04-11,249.62025451660156
2024-04-12,246.0222930908203
2024-04-15,242.99806213378906
2024-04-16,242.26876831054688
2024-04-17,240.84901428222656
2024-04-18,240.35308837890625
2024-04-19,238.46661376953125
2024-04-22,240.8101348876953
2024-04-23,243.67874145507812
2024-04-24,243.73709106445312
2024-04-25,242.5799102783203
2024-04-26,244.83592224121094
2024-04-29,245.79867553710938
2024-04-30,241.7533721923828
2024-05-01,241.15049743652344
2024-05-02,243.64956665039062
2024-05-03,246.5376739501953
2024-05-06,249.18267822265625
2024-05-07,249.40634155273438
2024-05-08,249.2312469482422
2024-05-09,250.6996307373047
2024-05-10,250.93299865722656
2024-05-13,251.06915283203125
2024-05-14,252.29441833496094
2024-05-15,255.39646911621094
2024-05-16,254.70603942871094
2024-05-17,255.06581115722656
2024-05-20,255.32833862304688
2024-05-21,255.8534393310547
2024-05-22,254.9879913330078
2024-05-23,252.81951904296875
2024-05-24,254.64764404296875
2024-05-28,254.64764404296875
2024-05-29,252.5569610595703
2024-05-30,251.32199096679688
2024-05-31,253.25711059570312
2024-06-03,253.33486938476562
2024-06-04,253.30572509765625
2024-06-05,256.4077453613281
2024-06-06,256.18408203125
2024-06-07,255.6979217529297
2024-06-10,256.5535583496094
2024-06-11,256.9912414550781
2024-06-12,259.41253662109375
2024-06-13,259.52923583984375
2024-06-14,259.334716796875
2024-06-17,261.3087158203125
2024-06-18,261.9700012207031
2024-06-20,261.3087158203125
2024-06-21,260.9100646972656
2024-06-24,260.47247314453125
2024-06-25,261.3281555175781
2024-06-26,261.31842041015625
2024-06-27,261.9505615234375
2024-06-28,261.0546875
2024-07-01,261.5816650390625
2024-07-02,263.09423828125
2024-07-03,264.1775207519531
2024-07-05,265.55340576171875
2024-07-08,265.91455078125
2024-07-09,265.84619140625
2024-07-10,268.4225158691406
2024-07-11,267.22216796875
2024-07-12,268.9885559082031
2024-07-15,270.1400146484375
2024-07-16,272.3650207519531
2024-07-17,268.5201110839844
2024-07-18,266.1780090332031
2024-07-19,264.51904296875
2024-07-22,267.2807312011719
2024-07-23,267.0855712890625
2024-07-24,261.07421875
2024-07-25,260.0690612792969
2024-07-26,263.18206787109375
2024-07-29,263.2015686035156
2024-07-30,262.108642578125
2024-07-31,265.9925842285156
2024-08-01,261.8255920410156
2024-08-02,256.5558776855469
2024-08-05,249.02223205566406
2024-08-06,251.54974365234375
2024-08-07,249.62728881835938
2024-08-08,255.4727325439453
2024-08-09,256.5754699707031
2024-08-12,256.4095153808594
2024-08-13,260.674072265625
2024-08-14,261.4157409667969
2024-08-15,265.94378662109375
2024-08-16,266.5781555175781
2024-08-19,269.0958251953125
2024-08-20,268.4420471191406
2024-08-21,269.7886657714844
2024-08-22,267.50518798828125
2024-08-23,270.8914489746094
2024-08-26,270.2083740234375
2024-08-27,270.4523620605469
2024-08-28,268.8030700683594
2024-08-29,269.06658935546875
2024-08-30,271.6623840332031
2024-09-03,265.8169250488281
2024-09-04,265.2216491699219
2024-09-05,264.4019470214844
2024-09-06,260.0105285644531
2024-09-09,262.7917175292969
2024-09-10,263.81640625
2024-09-11,266.4414978027344
2024-09-12,268.65673828125
2024-09-13,270.5303649902344
2024-09-16,271.06707763671875
2024-09-17,271.34033203125
2024-09-18,270.6571960449219
2024-09-19,275.24383544921875
2024-09-20,274.66802978515625
2024-09-23,275.3511962890625
2024-09-24,276.04400634765625
2024-09-25,275.136474609375
2024-09-26,276.3660583496094
2024-09-27,276.0929870605469
2024-09-30,277.17950439453125
2024-10-01,274.65399169921875
2024-10-02,274.7127380371094
2024-10-03,274.12542724609375
2024-10-04,276.7781677246094
2024-10-07,274.252685546875
2024-10-08,276.5628356933594
2024-10-09,278.4912414550781
2024-10-10,277.9136657714844
2024-10-11,280.0671691894531
2024-10-14,282.2501220703125
2024-10-15,280.3119201660156
2024-10-16,281.7410888671875
2024-10-17,281.682373046875
2024-10-18,282.7885437011719
2024-10-21,281.897705078125
2024-10-22,281.57464599609375
2024-10-23,279.02960205078125
2024-10-24,279.7735290527344
2024-10-25,279.50927734375
2024-10-28,280.644775390625
2024-10-29,281.0166931152344
2024-10-30,280.32171630859375
2024-10-31,275.0945129394531
2024-11-01,276.2691650390625
2024-11-04,275.7698974609375
2024-11-05,279.2742919921875
2024-11-06,287.08575439453125
2024-11-07,289.09246826171875
2024-11-08,290.4433288574219
2024-11-11,291.25579833984375
2024-11-12,290.11053466796875
2024-11-13,289.97344970703125
2024-11-14,287.8297424316406
2024-11-15,284.1784973144531
2024-11-18,285.3336181640625
2024-11-19,286.6452331542969
2024-11-20,286.81170654296875
2024-11-21,288.8183898925781
2024-11-22,290.24755859375
2024-11-25,291.66693115234375
2024-11-26,292.73388671875
2024-11-27,291.9018859863281
2024-11-29,293.52679443359375
2024-12-02,294.0847473144531
2024-12-03,294.0847473144531
2024-12-04,296.0621337890625
2024-12-05,295.2398376464844
2024-12-06,296.0621337890625
2024-12-09,294.1728820800781
2024-12-10,293.0667419433594
2024-12-11,295.42584228515625
2024-12-12,293.74212646484375
2024-12-13,293.5953063964844
2024-12-16,294.7895812988281
2024-12-17,293.3310241699219
2024-12-18,284.2568664550781
2024-12-19,283.85546875
2024-12-20,287.08575439453125
2024-12-23,288.7169189453125
2024-12-24,291.7808837890625
2024-12-26,291.94781494140625
2024-12-27,288.7856750488281
2024-12-30,285.59405517578125
2024-12-31,284.60223388671875
2025-01-02,284.0621032714844
2025-01-03,287.7938232421875
2025-01-06,289.40435791015625
2025-01-07,286.1734924316406
2025-01-08,286.4385986328125
2025-01-10,282.1372985839844
2025-01-13,282.5989074707031
2025-01-14,283.2372131347656
2025-01-15,288.43212890625
2025-01-16,288.216064453125
2025-01-17,290.87738037109375
2025-01-21,293.76458740234375
2025-01-22,295.19830322265625
2025-01-23,296.7499084472656
2025-01-24,295.8857421875
2025-01-27,291.76123046875
2025-01-28,294.2653503417969
2025-01-29,293.00836181640625
2025-01-30,294.84478759765625
2025-01-31,293.2342834472656
2025-02-03,291.09344482421875
2025-02-04,293.2048034667969
2025-02-05,294.5600280761719
2025-02-06,295.2867126464844
2025-02-07,292.6450500488281
2025-02-10,294.5207214355469
2025-02-11,294.3636169433594
2025-02-12,293.3913879394531
2025-02-13,296.4553527832031
2025-02-14,296.4160461425781
2025-02-18,297.25079345703125
2025-02-19,297.67303466796875
2025-02-20,296.07232666015625
2025-02-21,290.6024169921875
2025-02-24,289.1195373535156
2025-02-25,287.685791015625
2025-02-26,287.78399658203125
2025-02-27,283.3255615234375
2025-02-28,287.6955871582031
2025-03-03,282.53997802734375
2025-03-04,279.01446533203125
2025-03-05,282.1864013671875
2025-03-06,276.9423828125
2025-03-07,278.24847412109375
2025-03-10,270.66717529296875
2025-03-11,268.7718811035156
2025-03-12,270.0976257324219
2025-03-13,266.3069763183594
2025-03-14,272.0125732421875
2025-03-17,274.26141357421875
2025-03-18,271.3055114746094
2025-03-19,274.38909912109375
2025-03-20,273.7310791015625
2025-03-21,273.83917236328125
2025-03-24,278.90643310546875
2025-03-25,279.3777770996094
2025-03-26,276.1076354980469
2025-03-27,274.9398498535156
2025-03-28,269.4605407714844
2025-03-31,270.85009765625
2025-04-01,271.7666015625
2025-04-02,273.91497802734375
2025-04-03,260.1280212402344
2025-04-04,244.86293029785156
2025-04-07,244.06466674804688
2025-04-08,240.21144104003906
2025-04-09,264.58245849609375
2025-04-10,253.6928253173828
2025-04-11,257.9402770996094
2025-04-14,260.3152770996094
2025-04-15,259.8619689941406
2025-04-16,254.4615020751953
2025-04-17,254.99366760253906
2025-04-21,248.93295288085938
2025-04-22,255.26963806152344
2025-04-23,259.6155700683594
2025-04-24,265.08502197265625
2025-04-25,266.7110900878906
2025-04-28,267.0954284667969
2025-04-29,268.7017822265625
2025-04-30,268.85943603515625
2025-05-01,270.5347595214844
2025-05-02,274.7525939941406
2025-05-05,273.1955261230469
2025-05-06,270.97821044921875
2025-05-07,272.1016540527344
2025-05-08,274.2401123046875
2025-05-09,273.9346618652344
2025-05-12,283.0996398925781
2025-05-13,285.02130126953125
2025-05-14,285.2085876464844
2025-05-15,286.3714294433594
2025-05-16,288.3325500488281
2025-05-19,288.5592041015625
2025-05-20,287.6131591796875
2025-05-21,282.6069030761719
2025-05-22,282.5576477050781
2025-05-23,280.90203857421875
2025-05-27,286.67694091796875
2025-05-28,284.99176025390625
2025-05-29,285.9082946777344
2025-05-30,285.6717529296875
2025-06-02,287.1302490234375
2025-06-03,289.1110534667969
2025-06-04,289.0815124511719
2025-06-05,287.48504638671875
2025-06-06,290.835693359375
2025-06-09,291.0721740722656
2025-06-10,292.60955810546875
2025-06-11,291.8310241699219
2025-06-12,292.7672119140625
2025-06-13,289.3081970214844
2025-06-16,292.16607666015625
2025-06-17,289.73193359375
2025-06-18,289.84033203125
2025-06-20,289.1701965332031
2025-06-23,291.9492492675781
2025-06-24,295.35906982421875
2025-06-25,295.0141296386719
2025-06-26,297.55670166015625
2025-06-27,298.9067687988281
2025-06-30,300.422119140625
2025-07-01,300.422119140625
2025-07-02,301.9838562011719
2025-07-03,304.47479248046875
2025-07-07,302.07281494140625
2025-07-08,302.05303955078125
2025-07-09,303.9508972167969
2025-07-10,304.7614440917969
2025-07-11,303.4764099121094
2025-07-14,304.1683349609375
2025-07-15,302.5670471191406
2025-07-16,303.7136535644531
2025-07-17,305.6905822753906
2025-07-18,305.52252197265625
2025-07-21,305.8684997558594
2025-07-22,306.2243347167969
2025-07-23,308.80426025390625
2025-07-24,308.69549560546875
2025-07-25,310.0694580078125
2025-07-28,309.9804992675781
2025-07-29,309.0018615722656
2025-07-30,308.64605712890625
2025-07-31,307.3017883300781
2025-08-01,302.2112121582031
2025-08-04,306.9459228515625
2025-08-05,305.59173583984375
2025-08-06,307.6576232910156
2025-08-07,307.47967529296875
2025-08-08,309.41705322265625
2025-08-11,308.70538330078125
2025-08-12,312.4812927246094
2025-08-13,313.9936218261719
2025-08-14,313.529052734375
2025-08-15,312.8173522949219
2025-08-18,312.9359436035156
2025-08-19,311.03814697265625
2025-08-20,310.2176818847656
2025-08-21,309.1501770019531
2025-08-22,314.50762939453125
2025-08-25,312.9952697753906
2025-08-26,314.41864013671875
2025-08-27,315.2588195800781
2025-08-28,316.40545654296875
2025-08-29,314.52740478515625
2025-09-02,312.3428649902344
2025-09-03,313.66741943359375
2025-09-04,316.4449768066406
2025-09-05,315.8617858886719
2025-09-08,316.8699951171875
2025-09-09,317.2752990722656
2025-09-10,318.0858154296875
2025-09-11,321.03143310546875
2025-09-12,320.56689453125
2025-09-15,322.128662109375
2025-09-16,321.6937255859375
2025-09-17,321.4070739746094
2025-09-18,323.43341064453125
2025-09-19,324.6492004394531
2025-09-22,326.05279541015625
2025-09-23,324.30322265625
2025-09-24,323.1170959472656
2025-09-25,321.3872985839844
2025-09-26,323.40374755859375
2025-09-29,324.22344970703125
2025-09-30,325.2840576171875
2025-10-01,326.4140319824219
2025-10-02,326.88983154296875
2025-10-03,327.0682067871094
2025-10-06,328.29730224609375
2025-10-07,326.7213134765625
2025-10-08,328.8920593261719
2025-10-09,327.7521667480469
2025-10-10,318.97003173828125
2025-10-13,324.0549621582031
2025-10-14,323.955810546875
2025-10-15,325.49224853515625
2025-10-16,322.9051208496094
2025-10-17,324.42169189453125
2025-10-20,328.0395812988281
2025-10-21,327.9999694824219
2025-10-22,326.00762939453125
2025-10-23,328.0990905761719
2025-10-24,330.7753601074219
2025-10-27,334.4626159667969
2025-10-28,334.9780578613281
2025-10-29,334.74017333984375
2025-10-30,331.1420593261719
2025-10-31,332.4703063964844
2025-11-03,332.846923828125
2025-11-04,328.8226623535156
2025-11-05,330.2301940917969
2025-11-06,326.4735107421875
2025-11-07,327.1871643066406
2025-11-10,331.9747009277344
2025-11-11,332.7874755859375
2025-11-12,332.9064025878906
2025-11-13,327.0087890625
2025-11-14,326.95916748046875
2025-11-17,323.5593566894531
2025-11-18,321.3687744140625
2025-11-19,322.4194641113281
2025-11-20,317.2850341796875
2025-11-21,320.95245361328125
2025-11-24,325.7499084472656
2025-11-25,329.23895263671875
2025-11-26,331.4989013671875
2025-11-28,333.35247802734375
2025-12-01,331.7170104980469
2025-12-02,332.1134338378906
2025-12-03,333.6002502441406
2025-12-04,334.1256103515625
2025-12-05,334.59149169921875
2025-12-08,333.61016845703125
2025-12-09,333.273193359375
2025-12-10,335.7511901855469
2025-12-11,336.88116455078125
2025-12-12,333.0352783203125
2025-12-15,332.38104248046875
2025-12-16,331.4195861816406
2025-12-17,327.8017272949219
2025-12-18,330.31939697265625
2025-12-19,333.2632751464844
2025-12-22,335.580322265625
2025-12-23,336.693603515625
2025-12-24,337.8466796875
2025-12-26,337.637939453125
2025-12-29,336.3656005859375
2025-12-30,335.82879638671875
2025-12-31,333.2642517089844
2026-01-02,334.29803466796875
2026-01-05,336.8128662109375
2026-01-06,339.168701171875
2026-01-07,338.015625
2026-01-08,338.1051330566406
2026-01-09,340.3515930175781
2026-01-12,340.9778137207031
2026-01-13,340.2919616699219
2026-01-14,338.9599609375
2026-01-15,340.0036926269531
2026-01-16,339.80487060546875
2026-01-20,333.1051940917969
2026-01-21,337.05145263671875
2026-01-22,338.8307189941406
2026-01-23,338.5225830078125
2026-01-26,339.98382568359375
2026-01-27,341.21636962890625
2026-01-28,341.0274963378906
2026-01-29,340.24224853515625
2026-01-30,338.53253173828125
2026-02-02,340.4311218261719
2026-02-03,337.8168640136719
2026-02-04,336.2264404296875
2026-02-05,331.9024353027344
2026-02-06,338.9201965332031
2026-02-09,340.59014892578125
2026-02-10,339.7551574707031
2026-02-11,339.4271545410156
2026-02-12,333.9998474121094
2026-02-13,334.635986328125
2026-02-17,335.053466796875
2026-02-18,336.80291748046875
2026-02-19,336.1667785644531
2026-02-20,338.23431396484375
2026-02-23,334.4471130371094
2026-02-24,337.1806640625
2026-02-25,339.78497314453125
2026-02-26,338.4530029296875
2026-02-27,336.7432861328125
2026-03-02,337.0912170410156
2026-03-03,333.72149658203125
2026-03-04,336.1667785644531
2026-03-05,333.9898986816406
2026-03-06,329.4273681640625
2026-03-09,332.2801818847656
2026-03-10,331.5148010253906
2026-03-11,331.2463684082031
2026-03-12,325.958251953125
2026-03-13,324.1789245605469
2026-03-16,327.4889831542969
2026-03-17,328.5923767089844
2026-03-18,324.069580078125
2026-03-19,323.4930725097656
2026-03-20,318.4235534667969
2026-03-23,322.2505187988281
2026-03-24,321.24658203125
2026-03-25,323.20477294921875
2026-03-26,317.6382751464844
2026-03-27,312.19195556640625
2026-03-30,310.7860107421875
2026-03-31,319.88983154296875
2026-04-01,322.3128356933594
2026-04-02,322.83135986328125
2026-04-06,324.2771911621094
2026-04-07,324.4965515136719
2026-04-08,332.74285888671875
2026-04-09,334.48785400390625
2026-04-10,334.0889587402344
2026-04-13,337.6986083984375
2026-04-14,341.66717529296875
2026-04-15,344.2497253417969
2026-04-16,345.0374755859375
2026-04-17,349.5245666503906
2026-04-20,349.2054748535156
2026-04-21,346.84228515625
2026-04-22,350.21258544921875
2026-04-23,348.7966613769531
2026-04-24,351.0401916503906
2026-04-27,351.5188293457031
2026-04-28,349.6242980957031
2026-04-29,349.2054748535156
2026-04-30,353.1640930175781
2026-05-01,354.27093505859375
2026-05-04,352.9646911621094
2026-05-05,355.9660339355469
2026-05-06,360.8220520019531
2026-05-07,359.1668395996094
2026-05-08,361.82916259765625
2026-05-11,362.5870056152344
2026-05-12,361.7494201660156
2026-05-13,363.6639099121094
2026-05-14,366.34619140625
2026-05-15,361.6995544433594
2026-05-18,361.32061767578125
2026-05-19,359.0272521972656
2026-05-20,363.1453857421875
2026-05-21,364.0428161621094
2026-05-22,365.7379455566406
2026-05-26,368.4002685546875
2026-05-27,368.300537109375
2026-05-28,370.5939636230469
2026-05-29,371.4714660644531
2026-06-01,372.3289794921875
2026-06-02,373.2862243652344
2026-06-03,370.583984375
2026-06-04,372.3090515136719
2026-06-05,362.3377380371094
2026-06-08,363.4245910644531
2026-06-09,362.62689208984375
2026-06-10,357.0130310058594
2026-06-11,363.25506591796875
2026-06-12,365.30914306640625
2026-06-15,371.46148681640625
2026-06-16,369.30767822265625
2026-06-17,364.7109069824219
2026-06-18,368.9287414550781
2026-06-22,367.75213623046875
2026-06-23,362.65679931640625
2026-06-24,362.60693359375
2026-06-25,362.9360046386719
2026-06-26,362.2200012207031
2026-06-29,367.1199951171875
2026-06-30,370.0400085449219
2026-07-01,370.7019958496094
