Date,Close
2001-08-27,21.856176376342773
2001-08-28,21.60614967346192
2001-08-29,21.50749969482422
2001-08-30,21.201345443725582
2001-08-31,21.25236701965332
2001-09-04,20.76761817932129
2001-09-05,20.64006233215332
2001-09-06,20.17232131958008
2001-09-07,20.05324935913086
2001-09-10,19.823637008666992
2001-09-17,18.956193923950195
2001-09-18,18.803117752075195
2001-09-19,18.752086639404297
2001-09-20,17.93567657470703
2001-09-21,17.43391990661621
2001-09-24,18.24182891845703
2001-09-25,18.45443725585937
2001-09-26,18.547983169555664
2001-09-27,18.84053421020508
2001-09-28,19.207921981811523
2001-10-01,19.10416412353516
2001-10-02,19.171619415283203
2001-10-03,19.367509841918945
2001-10-04,19.57362174987793
2001-10-05,19.60428810119629
2001-10-08,19.48675346374512
2001-10-09,19.435651779174805
2001-10-10,19.82742691040039
2001-10-11,19.963699340820312
2001-10-12,19.93815040588379
2001-10-15,19.623018264770508
2001-10-16,19.895557403564453
2001-10-17,19.912595748901367
2001-10-18,19.750770568847656
2001-10-19,19.55488395690918
2001-10-22,19.69115257263184
2001-10-23,19.847875595092773
2001-10-24,20.04716682434082
2001-10-25,20.01820373535156
2001-10-26,20.147661209106445
2001-10-29,19.726926803588867
2001-10-30,19.5037784576416
2001-10-31,19.55828857421875
2001-11-01,19.97051239013672
2001-11-02,19.968807220458984
2001-11-05,20.16810417175293
2001-11-06,20.37761688232422
2001-11-07,20.193647384643555
2001-11-08,20.338441848754883
2001-11-09,20.30437469482422
2001-11-12,20.03183555603028
2001-11-13,20.215797424316406
2001-11-14,20.23623847961425
2001-11-15,20.323118209838867
2001-11-16,20.437236785888672
2001-11-19,20.539438247680664
2001-11-20,20.398059844970703
2001-11-21,20.34525680541992
2001-11-23,20.40997886657715
2001-11-26,20.60758399963379
2001-11-27,20.44746208190918
2001-11-28,20.091449737548828
2001-11-29,20.135740280151367
2001-11-30,20.21239852905273
2001-12-03,20.04035186767578
2001-12-04,20.32482147216797
2001-12-05,20.81368827819824
2001-12-06,20.878406524658203
2001-12-07,20.56328773498535
2001-12-10,20.16810417175293
2001-12-11,20.208988189697266
2001-12-12,20.29245376586914
2001-12-13,19.812095642089844
2001-12-14,19.92622375488281
2001-12-17,20.16299819946289
2001-12-18,20.217498779296875
2001-12-19,20.00628471374512
2001-12-20,19.90918731689453
2001-12-21,20.00969123840332
2001-12-24,19.93502426147461
2001-12-26,19.91798210144043
2001-12-27,20.182191848754883
2001-12-28,20.34242248535156
2001-12-31,20.33560371398925
2002-01-02,20.448102951049805
2002-01-03,20.632200241088867
2002-01-04,20.76856803894043
2002-01-07,20.49241828918457
2002-01-08,20.25889587402344
2002-01-09,20.045827865600582
2002-01-10,20.093555450439453
2002-01-11,19.979347229003903
2002-01-14,19.7799129486084
2002-01-15,19.76456642150879
2002-01-16,19.416841506958008
2002-01-17,19.696388244628903
2002-01-18,19.6878604888916
2002-01-22,19.457738876342773
2002-01-23,19.50889015197754
2002-01-24,19.61456871032715
2002-01-25,19.33501625061035
2002-01-28,19.515708923339844
2002-01-29,18.973648071289062
2002-01-30,19.18330955505371
2002-01-31,19.159448623657227
2002-02-01,19.116830825805664
2002-02-04,18.96001243591309
2002-02-05,18.58159637451172
2002-02-06,18.554319381713867
2002-02-07,18.760574340820312
2002-02-08,19.01284980773925
2002-02-11,19.244672775268555
2002-02-12,19.236156463623047
2002-02-13,19.261722564697266
2002-02-14,19.415128707885746
2002-02-15,19.295812606811523
2002-02-19,18.88671875
2002-02-20,18.971948623657227
2002-02-21,18.842395782470703
2002-02-22,18.97876167297364
2002-02-25,19.217397689819336
2002-02-26,19.108304977416992
2002-02-27,19.32138061523437
2002-02-28,19.38956642150879
2002-03-01,19.75605201721192
2002-03-04,20.43106269836425
2002-03-05,20.206058502197266
2002-03-06,20.41571617126465
2002-03-07,20.73276710510254
2002-03-08,20.76345443725586
2002-03-11,20.79584503173828
2002-03-12,20.55719566345215
2002-03-13,20.33560371398925
2002-03-14,20.536741256713867
2002-03-15,20.765151977539062
2002-03-18,20.74129295349121
2002-03-19,20.84527015686035
2002-03-20,20.577651977539062
2002-03-21,20.6304931640625
2002-03-22,20.448102951049805
2002-03-25,20.195825576782227
2002-03-26,20.323673248291016
2002-03-27,20.35435104370117
2002-03-28,20.471967697143555
2002-04-01,20.5861759185791
2002-04-02,20.50606155395508
2002-04-03,20.509471893310547
2002-04-04,20.480487823486328
2002-04-05,20.480487823486328
2002-04-08,20.24355697631836
2002-04-09,20.21287727355957
2002-04-10,20.47708320617676
2002-04-11,20.0219669342041
2002-04-12,20.22651481628418
2002-04-15,20.36969375610352
2002-04-16,20.75152587890625
2002-04-17,20.77878761291504
2002-04-18,20.84527015686035
2002-04-19,20.92879676818848
2002-04-22,20.782203674316406
2002-04-23,20.727657318115234
2002-04-24,20.625383377075195
2002-04-25,20.812883377075195
2002-04-26,20.628793716430664
2002-04-29,20.57424545288086
2002-04-30,20.783912658691406
2002-05-01,20.89299392700196
2002-05-02,20.83674430847168
2002-05-03,20.978227615356445
2002-05-06,20.76175117492676
2002-05-07,20.489011764526367
2002-05-08,20.94072532653809
2002-05-09,20.83844947814941
2002-05-10,20.66628837585449
2002-05-13,20.97311210632324
2002-05-14,20.99698066711425
2002-05-15,21.08561897277832
2002-05-16,21.193004608154297
2002-05-17,21.382204055786133
2002-05-20,21.273117065429688
2002-05-21,21.2407341003418
2002-05-22,21.28165054321289
2002-05-23,21.302095413208008
2002-05-24,21.162328720092773
2002-05-28,21.11971092224121
2002-05-29,21.099254608154297
2002-05-30,21.005495071411133
2002-05-31,20.89471244812012
2002-06-03,20.85550308227539
2002-06-04,20.73617935180664
2002-06-05,20.69356346130371
2002-06-06,20.489011764526367
2002-06-07,20.327083587646484
2002-06-10,20.3935604095459
2002-06-11,20.29298973083496
2002-06-12,20.18048477172852
2002-06-13,19.841278076171875
2002-06-14,19.61286163330078
2002-06-17,19.92309188842773
2002-06-18,19.97083282470703
2002-06-19,19.432174682617188
2002-06-20,19.34183692932129
2002-06-21,19.363998413085938
2002-06-24,19.365692138671875
2002-06-25,19.38104057312012
2002-06-26,19.38445281982422
2002-06-27,19.863426208496094
2002-06-28,20.20775413513184
2002-07-01,20.045827865600582
2002-07-02,19.679338455200195
2002-07-03,19.491838455200195
2002-07-05,20.24867057800293
2002-07-08,20.233327865600582
2002-07-09,19.98616409301757
2002-07-10,19.42536354064941
2002-07-11,19.346948623657227
2002-07-12,19.082735061645508
2002-07-15,18.85944175720215
2002-07-16,18.49466323852539
2002-07-17,18.96341896057129
2002-07-18,19.038423538208008
2002-07-19,18.365110397338867
2002-07-22,17.702035903930664
2002-07-23,17.199182510375977
2002-07-24,17.81453514099121
2002-07-25,17.625324249267578
2002-07-26,17.625324249267578
2002-07-29,18.469093322753903
2002-07-30,18.35147476196289
2002-07-31,18.281587600708008
2002-08-01,17.64237403869629
2002-08-02,17.574188232421875
2002-08-05,16.977588653564453
2002-08-06,17.349185943603516
2002-08-07,17.684986114501953
2002-08-08,18.085559844970703
2002-08-09,18.256017684936523
2002-08-12,18.051469802856445
2002-08-13,17.879310607910156
2002-08-14,18.29863548278809
2002-08-15,18.44352149963379
2002-08-16,18.44352149963379
2002-08-19,18.77591896057129
2002-08-20,18.2730655670166
2002-08-21,18.733301162719727
2002-08-22,18.78784370422364
2002-08-23,18.554319381713867
2002-08-26,18.639554977416992
2002-08-27,18.80318832397461
2002-08-28,18.29010963439941
2002-08-29,18.11113166809082
2002-08-30,18.10260772705078
2002-09-03,17.395204544067383
2002-09-04,17.398616790771484
2002-09-05,17.26736068725586
2002-09-06,17.51963996887207
2002-09-09,17.441234588623047
2002-09-10,17.574188232421875
2002-09-11,17.737836837768555
2002-09-12,17.444639205932617
2002-09-13,17.015094757080078
2002-09-16,16.87531089782715
2002-09-17,16.790084838867188
2002-09-18,16.781557083129883
2002-09-19,16.49178123474121
2002-09-20,16.401437759399414
2002-09-23,15.818472862243652
2002-09-24,15.562789916992188
2002-09-25,15.954838752746582
2002-09-26,16.51734733581543
2002-09-27,16.512239456176758
2002-09-30,16.227569580078125
2002-10-01,16.624740600585938
2002-10-02,16.39632225036621
2002-10-03,16.215641021728516
2002-10-04,15.937792778015137
2002-10-07,15.54573917388916
2002-10-08,15.58665370941162
2002-10-09,15.341197967529297
2002-10-10,15.699152946472168
2002-10-11,16.270187377929688
2002-10-14,15.852569580078123
2002-10-15,16.960542678833008
2002-10-16,16.66223907470703
2002-10-17,16.900882720947266
2002-10-18,16.76451301574707
2002-10-21,17.003154754638672
2002-10-22,16.8088321685791
2002-10-23,16.65372085571289
2002-10-24,16.49178123474121
2002-10-25,16.77303695678711
2002-10-28,16.849748611450195
2002-10-29,16.474735260009766
2002-10-30,16.738950729370117
2002-10-31,16.849748611450195
2002-11-01,17.11224365234375
2002-11-04,17.335548400878906
2002-11-05,17.59975814819336
2002-11-06,17.60828399658203
2002-11-07,17.309978485107422
2002-11-08,17.165081024169922
2002-11-11,16.82929039001465
2002-11-12,17.1395206451416
2002-11-13,16.943498611450195
2002-11-14,17.321910858154297
2002-11-15,17.582706451416016
2002-11-18,17.361114501953125
2002-11-19,17.199182510375977
2002-11-20,17.437822341918945
2002-11-21,17.863971710205078
2002-11-22,17.778736114501953
2002-11-25,17.640670776367188
2002-11-26,17.228158950805664
2002-11-27,17.7054443359375
2002-11-29,17.7957820892334
2002-12-02,17.884418487548828
2002-12-03,17.567367553710938
2002-12-04,17.487255096435547
2002-12-05,17.291229248046875
2002-12-06,17.412254333496094
2002-12-09,16.96565055847168
2002-12-10,17.195775985717773
2002-12-11,17.173608779907227
2002-12-12,17.1395206451416
2002-12-13,16.977588653564453
2002-12-16,17.344074249267578
2002-12-17,17.25714111328125
2002-12-18,16.89235496520996
2002-12-19,16.986116409301758
2002-12-20,17.088390350341797
2002-12-23,17.120004653930664
2002-12-24,17.088733673095703
2002-12-26,17.146055221557617
2002-12-27,16.87679672241211
2002-12-30,17.128692626953125
2002-12-31,17.199913024902344
2003-01-02,17.56298828125
2003-01-03,17.580360412597656
2003-01-06,17.79750633239746
2003-01-07,17.51955223083496
2003-01-08,17.28156089782715
2003-01-09,17.493492126464844
2003-01-10,17.47091293334961
2003-01-13,17.507396697998047
2003-01-14,17.641157150268555
2003-01-15,17.47264862060547
2003-01-16,17.54561996459961
2003-01-17,17.36147117614746
2003-01-21,17.05572509765625
2003-01-22,16.815994262695312
2003-01-23,16.934118270874023
2003-01-24,16.75519371032715
2003-01-27,16.308727264404297
2003-01-28,16.378219604492188
2003-01-29,16.338266372680664
2003-01-30,16.327844619750977
2003-01-31,16.459867477416992
2003-02-03,16.71870994567871
2003-02-04,16.477243423461914
2003-02-05,16.505033493041992
2003-02-06,16.34521484375
2003-02-07,16.108957290649414
2003-02-10,16.164546966552734
2003-02-11,16.242717742919922
2003-02-12,16.07073974609375
2003-02-13,16.30699348449707
2003-02-14,16.461612701416016
2003-02-18,16.70307159423828
2003-02-19,16.31220817565918
2003-02-20,16.3295841217041
2003-02-21,16.433813095092773
2003-02-24,16.23403549194336
2003-02-25,16.034255981445312
2003-02-26,15.84316635131836
2003-02-27,15.865753173828123
2003-02-28,16.112430572509766
2003-03-03,16.181915283203125
2003-03-04,15.947402000427246
2003-03-05,15.973456382751465
2003-03-06,15.79104995727539
2003-03-07,15.676403045654297
2003-03-10,15.242103576660156
2003-03-11,15.191720008850098
2003-03-12,15.016264915466309
2003-03-13,15.44534969329834
2003-03-14,15.521787643432615
2003-03-17,15.959554672241213
2003-03-18,16.027305603027344
2003-03-19,16.112430572509766
2003-03-20,16.21493148803711
2003-03-21,16.6075382232666
2003-03-24,16.069002151489258
2003-03-25,16.2479305267334
2003-03-26,16.256616592407227
2003-03-27,16.147174835205078
2003-03-28,16.042943954467773
2003-03-31,15.738938331604004
2003-04-01,15.983880043029783
2003-04-02,16.2479305267334
2003-04-03,16.157602310180664
2003-04-04,16.374746322631836
2003-04-07,16.586687088012695
2003-04-08,16.59015655517578
2003-04-09,16.527624130249023
2003-04-10,16.44249725341797
2003-04-11,16.348691940307617
2003-04-14,16.59710693359375
2003-04-15,16.824674606323242
2003-04-16,16.713502883911133
2003-04-17,16.954965591430664
2003-04-21,16.895904541015625
2003-04-22,17.140846252441406
2003-04-23,17.291976928710938
2003-04-24,17.156482696533203
2003-04-25,16.852476119995117
2003-04-28,17.151268005371094
2003-04-29,17.250289916992188
2003-04-30,17.338882446289062
2003-05-01,17.41011619567871
2003-05-02,17.561246871948242
2003-05-05,17.69501304626465
2003-05-06,18.068504333496094
2003-05-07,17.901729583740234
2003-05-08,17.632471084594727
2003-05-09,17.85482406616211
2003-05-12,17.997285842895508
2003-05-13,17.995540618896484
2003-05-14,18.00075340270996
2003-05-15,18.03202438354492
2003-05-16,18.25439071655273
2003-05-19,17.761024475097656
2003-05-20,17.93821144104004
2003-05-21,17.752338409423828
2003-05-22,17.990333557128906
2003-05-23,18.09282493591309
2003-05-27,18.249174118041992
2003-05-28,18.33603858947754
2003-05-29,18.42289352416992
2003-05-30,18.457637786865234
2003-06-02,18.62961196899414
2003-06-03,18.674787521362305
2003-06-04,18.78770065307617
2003-06-05,18.977060317993164
2003-06-06,19.091716766357425
2003-06-09,18.95447158813477
2003-06-10,19.107345581054688
2003-06-11,19.42177963256836
2003-06-12,19.473892211914062
2003-06-13,19.36097717285156
2003-06-16,19.644142150878903
2003-06-17,19.68409538269043
2003-06-18,19.62850379943848
2003-06-19,19.395723342895508
2003-06-20,19.42177963256836
2003-06-23,19.20636749267578
2003-06-24,19.05522918701172
2003-06-25,18.865880966186523
2003-06-26,18.95273780822754
2003-06-27,18.810285568237305
2003-06-30,18.81549835205078
2003-07-01,18.92667961120605
2003-07-02,19.30017471313477
2003-07-03,19.19593811035156
2003-07-07,19.5485954284668
2003-07-08,19.456518173217773
2003-07-09,19.35576820373535
2003-07-10,19.256744384765625
2003-07-11,19.21505546569824
2003-07-14,19.42177963256836
2003-07-15,19.2393741607666
2003-07-16,19.095186233520508
2003-07-17,18.796390533447266
2003-07-18,19.091716766357425
2003-07-21,18.94578742980957
2003-07-22,18.900617599487305
2003-07-23,19.180307388305664
2003-07-24,19.211576461791992
2003-07-25,19.45304679870605
2003-07-28,19.50342559814453
2003-07-29,19.42177963256836
2003-07-30,19.26022148132324
2003-07-31,19.100399017333984
2003-08-01,19.0969181060791
2003-08-04,19.152517318725582
2003-08-05,18.97358131408692
2003-08-06,18.94404983520508
2003-08-07,19.056962966918945
2003-08-08,19.11602783203125
2003-08-11,19.30017471313477
2003-08-12,19.38182258605957
2003-08-13,19.395723342895508
2003-08-14,19.67193603515625
2003-08-15,19.626766204833984
2003-08-18,19.899503707885746
2003-08-19,19.856077194213867
2003-08-20,19.81958770751953
2003-08-21,19.856077194213867
2003-08-22,19.74142265319824
2003-08-25,19.661508560180664
2003-08-26,19.55901336669922
2003-08-27,19.5937557220459
2003-08-28,19.70841407775879
2003-08-29,19.72926139831543
2003-09-02,20.02804946899414
2003-09-03,20.290367126464844
2003-09-04,20.26605224609375
2003-09-05,20.30601119995117
2003-09-08,20.39633750915528
2003-09-09,20.43629646301269
2003-09-10,20.22957420349121
2003-09-11,20.342493057250977
2003-09-12,20.429351806640625
2003-09-15,20.48841094970703
2003-09-16,20.691665649414062
2003-09-17,20.827163696289062
2003-09-18,21.046045303344727
2003-09-19,20.96787452697754
2003-09-22,20.73162078857422
2003-09-23,20.77852249145508
2003-09-24,20.677759170532227
2003-09-25,20.41197395324707
2003-09-26,20.32511329650879
2003-09-29,20.585693359375
2003-09-30,20.32511329650879
2003-10-01,20.992191314697266
2003-10-02,20.959190368652344
2003-10-03,21.26493453979492
2003-10-06,21.487285614013672
2003-10-07,21.45429039001465
2003-10-08,21.365694046020508
2003-10-09,21.51335334777832
2003-10-10,21.603679656982425
2003-10-13,21.81736183166504
2003-10-14,21.932016372680664
2003-10-15,21.723562240600582
2003-10-16,21.85384559631348
2003-10-17,21.74092674255371
2003-10-20,21.97370338439941
2003-10-21,21.899009704589844
2003-10-22,21.68533706665039
2003-10-23,21.41086196899414
2003-10-24,21.452556610107425
2003-10-27,21.548093795776367
2003-10-28,21.80173110961914
2003-10-29,21.77566909790039
2003-10-30,21.799983978271484
2003-10-31,21.645383834838867
2003-11-03,21.754823684692383
2003-11-04,21.874691009521484
2003-11-05,21.749601364135746
2003-11-06,21.558528900146484
2003-11-07,21.75829315185547
2003-11-10,21.57763290405273
2003-11-11,21.49597930908203
2003-11-12,21.944181442260746
2003-11-13,22.06924819946289
2003-11-14,21.91985511779785
2003-11-17,21.54288673400879
2003-11-18,21.62800979614257
2003-11-19,21.68012428283692
2003-11-20,21.541147232055664
2003-11-21,21.773929595947266
2003-11-24,21.937231063842773
2003-11-25,21.971973419189453
2003-11-26,22.15785217285156
2003-11-28,22.19259262084961
2003-12-01,22.632099151611328
2003-12-02,22.685958862304688
2003-12-03,22.731115341186523
2003-12-04,22.783241271972656
2003-12-05,22.61993980407715
2003-12-08,22.80929946899414
2003-12-09,22.713747024536133
2003-12-10,22.550466537475582
2003-12-11,22.80061912536621
2003-12-12,22.87530517578125
2003-12-15,22.7224349975586
2003-12-16,23.013591766357425
2003-12-17,22.95955276489257
2003-12-18,23.30126953125
2003-12-19,23.17050170898437
2003-12-22,23.32364273071289
2003-12-23,23.373046875
2003-12-24,23.429506301879883
2003-12-26,23.38716506958008
2003-12-29,23.78058815002441
2003-12-30,23.82646369934082
2003-12-31,24.131681442260746
2004-01-02,24.19696044921875
2004-01-05,24.66272735595703
2004-01-06,24.69977569580078
2004-01-07,24.45277214050293
2004-01-08,24.80386543273925
2004-01-09,24.6468448638916
2004-01-12,24.639793395996094
2004-01-13,24.49687957763672
2004-01-14,24.70859146118164
2004-01-15,24.55863380432129
2004-01-16,24.47042465209961
2004-01-20,24.73506736755371
2004-01-21,25.034988403320312
2004-01-22,25.05086898803711
2004-01-23,24.78269386291504
2004-01-26,24.862085342407227
2004-01-27,24.7526969909668
2004-01-28,24.43514060974121
2004-01-29,24.46688842773437
2004-01-30,24.403379440307617
2004-02-02,24.3469181060791
2004-02-03,24.39102554321289
2004-02-04,24.12638664245605
2004-02-05,24.226951599121094
2004-02-06,24.68389129638672
2004-02-09,24.839155197143555
2004-02-10,24.94677925109864
2004-02-11,25.22905540466309
2004-02-12,25.00852394104004
2004-02-13,24.976762771606445
2004-02-17,25.45841217041016
2004-02-18,25.10555648803711
2004-02-19,25.27316093444824
2004-02-20,24.964418411254883
2004-02-23,25.034988403320312
2004-02-24,24.937959671020508
2004-02-25,24.7526969909668
2004-02-26,24.761518478393555
2004-02-27,24.964418411254883
2004-03-01,25.299619674682617
2004-03-02,24.893842697143555
2004-03-03,24.84091567993164
2004-03-04,24.920305252075195
2004-03-05,25.211414337158203
2004-03-08,25.049102783203125
2004-03-09,24.87619972229004
2004-03-10,24.477474212646484
2004-03-11,24.08051872253418
2004-03-12,24.29222679138184
2004-03-15,23.87939643859864
2004-03-16,24.09992218017578
2004-03-17,24.60274887084961
2004-03-18,24.593914031982425
2004-03-19,24.276350021362305
2004-03-22,23.96054077148437
2004-03-23,24.144020080566406
2004-03-24,24.04875946044922
2004-03-25,24.50569725036621
2004-03-26,24.39984703063965
2004-03-29,24.7526969909668
2004-03-30,24.805625915527344
2004-03-31,24.982053756713867
2004-04-01,25.31374168395996
2004-04-02,25.38606643676757
2004-04-05,25.38606643676757
2004-04-06,25.308448791503903
2004-04-07,25.34726524353028
2004-04-08,25.29433250427246
2004-04-12,25.45841217041016
2004-04-13,25.13201713562012
2004-04-14,24.87267303466797
2004-04-15,24.69977569580078
2004-04-16,24.964418411254883
2004-04-19,24.990880966186523
2004-04-20,24.6468448638916
2004-04-21,24.81444931030273
2004-04-22,24.990880966186523
2004-04-23,24.955596923828125
2004-04-26,24.94853782653809
2004-04-27,24.97323036193848
2004-04-28,24.51276016235352
2004-04-29,24.249887466430664
2004-04-30,24.13520622253418
2004-05-03,24.382204055786133
2004-05-04,24.69271469116211
2004-05-05,24.964418411254883
2004-05-06,24.43514060974121
2004-05-07,23.77353286743164
2004-05-10,23.16486167907715
2004-05-11,23.33246612548828
2004-05-12,23.48243904113769
2004-05-13,23.23543739318848
2004-05-14,23.21601867675781
2004-05-17,22.96196937561035
2004-05-18,23.20543670654297
2004-05-19,23.434795379638672
2004-05-20,23.464786529541016
2004-05-21,23.637693405151367
2004-05-24,23.78941535949707
2004-05-25,24.144020080566406
2004-05-26,24.09992218017578
2004-05-27,24.55863380432129
2004-05-28,24.410430908203125
2004-06-01,24.468652725219727
2004-06-02,24.539226531982425
2004-06-03,24.302818298339844
2004-06-04,24.593914031982425
2004-06-07,25.13731384277344
2004-06-08,24.996166229248047
2004-06-09,24.567459106445312
2004-06-10,24.85856056213379
2004-06-14,24.260473251342773
2004-06-15,24.690954208374023
2004-06-16,24.6821346282959
2004-06-17,24.84091567993164
2004-06-18,24.885028839111328
2004-06-21,24.79680824279785
2004-06-22,24.807392120361328
2004-06-23,24.964418411254883
2004-06-24,25.06144905090332
2004-06-25,24.969715118408203
2004-06-28,25.123199462890625
2004-06-29,25.070274353027344
2004-06-30,25.22905540466309
2004-07-01,24.911489486694336
2004-07-02,25.05086898803711
2004-07-06,24.63803100585937
2004-07-07,24.92912483215332
2004-07-08,24.770347595214844
2004-07-09,24.98029136657715
2004-07-12,25.052629470825195
2004-07-13,24.92912483215332
2004-07-14,24.787992477416992
2004-07-15,24.4792423248291
2004-07-16,24.67683792114257
2004-07-19,24.69624137878418
2004-07-20,24.70859146118164
2004-07-21,24.172258377075195
2004-07-22,24.302818298339844
2004-07-23,23.85469436645508
2004-07-26,23.85469436645508
2004-07-27,24.00288772583008
2004-07-28,24.034645080566406
2004-07-29,24.064640045166016
2004-07-30,24.15285301208496
2004-08-02,24.26752662658692
2004-08-03,24.10874366760254
2004-08-04,24.105224609375
2004-08-05,23.7470645904541
2004-08-06,23.7117862701416
2004-08-09,23.685317993164062
2004-08-10,23.87939643859864
2004-08-11,23.799999237060547
2004-08-12,23.53535270690918
2004-08-13,23.676496505737305
2004-08-16,23.91467666625977
2004-08-17,23.93231010437012
2004-08-18,24.11404037475586
2004-08-19,24.05758476257324
2004-08-20,24.17049789428711
2004-08-23,23.97466087341309
2004-08-24,23.969369888305664
2004-08-25,24.22341728210449
2004-08-26,24.241065979003903
2004-08-27,24.302818298339844
2004-08-30,24.214599609375
2004-08-31,24.4404296875
2004-09-01,24.46159553527832
2004-09-02,24.71742248535156
2004-09-03,24.38926887512207
2004-09-07,24.72977066040039
2004-09-08,24.71742248535156
2004-09-09,24.63803100585937
2004-09-10,24.823272705078125
2004-09-13,24.911489486694336
2004-09-14,24.97323036193848
2004-09-15,24.615089416503903
2004-09-16,24.77739906311035
2004-09-17,24.85856056213379
2004-09-20,24.70330238342285
2004-09-21,25.08967018127441
2004-09-22,24.6821346282959
2004-09-23,24.615089416503903
2004-09-24,24.6468448638916
2004-09-27,24.52334785461425
2004-09-28,24.76328468322754
2004-09-29,24.85856056213379
2004-09-30,24.94677925109864
2004-10-01,25.33491897583008
2004-10-04,25.37372589111328
2004-10-05,25.38783836364746
2004-10-06,25.483118057250977
2004-10-07,25.308448791503903
2004-10-08,25.48488426208496
2004-10-11,25.54661750793457
2004-10-12,25.255510330200195
2004-10-13,25.07909393310547
2004-10-14,24.94677925109864
2004-10-15,25.23082160949707
2004-10-18,25.331382751464844
2004-10-19,25.281980514526367
2004-10-20,25.37902069091797
2004-10-21,25.527219772338867
2004-10-22,25.370201110839844
2004-10-25,25.343725204467773
2004-10-26,25.48488426208496
2004-10-27,25.74951934814453
2004-10-28,25.820083618164062
2004-10-29,25.820083618164062
2004-11-01,25.86419486999512
2004-11-02,26.065317153930664
2004-11-03,26.374073028564453
2004-11-04,26.7427978515625
2004-11-05,26.868066787719727
2004-11-08,26.68105125427246
2004-11-09,26.6140079498291
2004-11-10,26.56285285949707
2004-11-11,26.852182388305664
2004-11-12,27.169740676879883
2004-11-15,27.19621658325196
2004-11-16,26.966854095458984
2004-11-17,27.31089782714844
2004-11-18,27.249147415161133
2004-11-19,27.07271957397461
2004-11-22,27.15210723876953
2004-11-23,27.20504379272461
2004-11-24,27.328533172607425
2004-11-26,27.48731231689453
2004-11-29,27.57554626464844
2004-11-30,27.390289306640625
2004-12-01,27.86663627624512
2004-12-02,27.822534561157227
2004-12-03,27.988370895385746
2004-12-06,27.81724166870117
2004-12-07,27.665510177612305
2004-12-08,27.646106719970703
2004-12-09,27.53142547607422
2004-12-10,27.2614974975586
2004-12-13,27.67257308959961
2004-12-14,27.68138885498047
2004-12-15,27.8490047454834
2004-12-16,27.67257308959961
2004-12-17,27.593175888061523
2004-12-20,27.84547996520996
2004-12-21,28.041303634643555
2004-12-22,28.083641052246094
2004-12-23,28.267974853515625
2004-12-27,28.49009704589844
2004-12-28,28.67999839782715
2004-12-29,28.542064666748047
2004-12-30,28.545637130737305
2004-12-31,28.70686721801757
2005-01-03,28.500856399536133
2005-01-04,27.95448303222656
2005-01-05,27.93656539916992
2005-01-06,27.93656539916992
2005-01-07,27.811180114746094
2005-01-10,27.93656539916992
2005-01-11,27.88282966613769
2005-01-12,28.106752395629883
2005-01-13,27.86491775512696
2005-01-14,27.9992790222168
2005-01-18,28.020771026611328
2005-01-19,27.730567932128903
2005-01-20,27.546039581298828
2005-01-21,27.65532684326172
2005-01-24,27.70369529724121
2005-01-25,27.712650299072266
2005-01-26,28.04763603210449
2005-01-27,28.088836669921875
2005-01-28,28.02613639831543
2005-01-31,28.160505294799805
2005-02-01,28.336048126220703
2005-02-02,28.375459671020508
2005-02-03,28.22140121459961
2005-02-04,28.366498947143555
2005-02-07,28.18736457824707
2005-02-08,28.18736457824707
2005-02-09,28.11571502685547
2005-02-10,28.40770530700684
2005-02-11,28.60475730895996
2005-02-14,28.82688331604004
2005-02-15,29.02036094665528
2005-02-16,28.76418685913086
2005-02-17,28.823305130004883
2005-02-18,28.96661376953125
2005-02-22,28.89853477478028
2005-02-23,28.912872314453125
2005-02-24,28.95766258239746
2005-02-25,29.2944450378418
2005-02-28,29.22637176513672
2005-03-01,29.38758850097656
2005-03-02,29.16724967956543
2005-03-03,29.18157386779785
2005-03-04,29.692119598388672
2005-03-07,29.56673049926757
2005-03-08,29.647335052490234
2005-03-09,29.512985229492188
2005-03-10,29.60972023010254
2005-03-11,29.60256004333496
2005-03-14,29.50760078430176
2005-03-15,29.32488822937012
2005-03-16,29.35892677307129
2005-03-17,29.32488822937012
2005-03-18,29.265777587890625
2005-03-21,29.06693458557129
2005-03-22,28.733736038208008
2005-03-23,28.542064666748047
2005-03-24,28.53668212890625
2005-03-28,28.53668212890625
2005-03-29,28.241100311279297
2005-03-30,28.47219657897949
2005-03-31,28.45966148376465
2005-04-01,28.39336585998535
2005-04-04,28.402341842651367
2005-04-05,28.554594039916992
2005-04-06,28.63521385192871
2005-04-07,28.75165748596192
2005-04-08,28.75165748596192
2005-04-11,28.859128952026367
2005-04-12,28.9307861328125
2005-04-13,28.62625312805176
2005-04-14,28.25006484985352
2005-04-15,27.90432548522949
2005-04-18,27.802217483520508
2005-04-19,28.171247482299805
2005-04-20,27.811180114746094
2005-04-21,28.31455421447754
2005-04-22,28.214242935180664
2005-04-25,28.362916946411133
2005-04-26,28.00822830200196
2005-04-27,27.93298721313477
2005-04-28,27.556798934936523
2005-04-29,27.9992790222168
2005-05-02,27.99031639099121
2005-05-03,28.05122184753418
2005-05-04,28.38442039489746
2005-05-05,28.42562484741211
2005-05-06,28.302017211914062
2005-05-09,28.366498947143555
2005-05-10,27.97239875793457
2005-05-11,28.09779930114746
2005-05-12,27.74847984313965
2005-05-13,27.58723831176757
2005-05-16,27.698318481445312
2005-05-17,27.694732666015625
2005-05-18,28.00822830200196
2005-05-19,28.02793312072754
2005-05-20,27.90969467163086
2005-05-23,28.14079475402832
2005-05-24,28.067338943481445
2005-05-25,27.99031639099121
2005-05-26,28.00822830200196
2005-05-27,28.124662399291992
2005-05-31,27.757434844970703
2005-06-01,27.92582130432129
2005-06-02,28.16407966613769
2005-06-03,27.900745391845703
2005-06-06,28.085248947143555
2005-06-07,28.228559494018555
2005-06-08,28.124662399291992
2005-06-09,28.235729217529297
2005-06-10,28.12824821472168
2005-06-13,28.03151512145996
2005-06-14,27.9992790222168
2005-06-15,28.16587257385254
2005-06-16,28.25722885131836
2005-06-17,28.68178939819336
2005-06-20,28.413074493408203
2005-06-21,28.6280460357666
2005-06-22,28.542064666748047
2005-06-23,28.21961212158203
2005-06-24,28.214242935180664
2005-06-27,28.149747848510746
2005-06-28,28.31097412109375
2005-06-29,28.192737579345703
2005-06-30,28.155122756958008
2005-07-01,28.11750602722168
2005-07-05,28.149747848510746
2005-07-06,28.074508666992188
2005-07-07,27.91865539550781
2005-07-08,28.29484939575196
2005-07-11,28.49906349182129
2005-07-12,28.794652938842773
2005-07-13,28.563554763793945
2005-07-14,28.644161224365234
2005-07-15,28.56893920898437
2005-07-18,28.48830986022949
2005-07-19,28.55280303955078
2005-07-20,28.746278762817383
2005-07-21,28.80539321899414
2005-07-22,28.77851867675781
2005-07-25,28.69790267944336
2005-07-26,28.61192321777344
2005-07-27,28.939743041992188
2005-07-28,29.138591766357425
2005-07-29,28.99886131286621
2005-08-01,29.283679962158203
2005-08-02,29.4932861328125
2005-08-03,29.713623046875
2005-08-04,29.471790313720703
2005-08-05,29.36430931091309
2005-08-08,29.43416404724121
2005-08-09,29.81035423278809
2005-08-10,30.014568328857425
2005-08-11,30.498247146606445
2005-08-12,30.310148239135746
2005-08-15,30.36389923095703
2005-08-16,30.03606414794922
2005-08-17,29.96083641052246
2005-08-18,29.63838005065918
2005-08-19,29.78348731994629
2005-08-22,30.11130714416504
2005-08-23,29.982322692871094
2005-08-24,29.66525650024414
2005-08-25,29.778106689453125
2005-08-26,29.681379318237305
2005-08-29,29.66525650024414
2005-08-30,29.57926750183105
2005-08-31,30.11130714416504
2005-09-01,30.471370697021484
2005-09-02,30.57885360717773
2005-09-06,30.955049514770508
2005-09-07,30.86906623840332
2005-09-08,30.63260269165039
2005-09-09,31.035663604736328
2005-09-12,30.7938289642334
2005-09-13,30.584238052368164
2005-09-14,30.60573005676269
2005-09-15,30.6272201538086
2005-09-16,30.971172332763672
2005-09-19,30.766958236694336
2005-09-20,30.654096603393555
2005-09-21,30.68634796142578
2005-09-22,30.654096603393555
2005-09-23,30.52511215209961
2005-09-26,30.85830879211425
2005-09-27,30.740079879760746
2005-09-28,31.057153701782227
2005-09-29,31.42796897888184
2005-09-30,31.223756790161133
2005-10-03,31.11626434326172
2005-10-04,30.912052154541016
2005-10-05,30.643354415893555
2005-10-06,30.498247146606445
2005-10-07,30.60573005676269
2005-10-10,30.45524406433105
2005-10-11,30.49287796020508
2005-10-12,30.28865623474121
2005-10-13,30.224164962768555
2005-10-14,30.50898742675781
2005-10-17,30.20267105102539
2005-10-18,29.85334587097168
2005-10-19,30.09518241882324
2005-10-20,29.40729713439941
2005-10-21,29.53626823425293
2005-10-24,29.99844741821289
2005-10-25,30.03068923950196
2005-10-26,29.97694969177246
2005-10-27,29.917829513549805
2005-10-28,30.17579460144043
2005-10-31,30.22954368591309
2005-11-01,30.487499237060547
2005-11-02,30.90667152404785
2005-11-03,30.89055633544922
2005-11-04,30.60573005676269
2005-11-07,30.783071517944336
2005-11-08,30.707836151123047
2005-11-09,30.68634796142578
2005-11-10,30.64871597290039
2005-11-11,30.809959411621094
2005-11-14,30.6272201538086
2005-11-15,30.46062469482422
2005-11-16,30.406888961791992
2005-11-17,30.92818069458008
2005-11-18,31.14313125610352
2005-11-21,31.18613052368164
2005-11-22,31.28824615478516
2005-11-23,31.4387264251709
2005-11-25,31.13775634765625
2005-11-28,31.218372344970703
2005-11-29,31.170011520385746
2005-11-30,30.92818069458008
2005-12-01,31.508588790893555
2005-12-02,31.62680625915528
2005-12-05,31.76653289794922
2005-12-06,31.86327362060547
2005-12-07,31.6536808013916
2005-12-08,31.648311614990234
2005-12-09,31.96538734436035
2005-12-12,32.368446350097656
2005-12-13,32.52430725097656
2005-12-14,32.5081672668457
2005-12-15,32.20722198486328
2005-12-16,32.45980453491211
2005-12-19,32.400691986083984
2005-12-20,32.40605545043945
2005-12-21,32.561920166015625
2005-12-22,32.75000762939453
2005-12-23,32.73359680175781
2005-12-27,32.432525634765625
2005-12-28,32.667903900146484
2005-12-29,32.67884063720703
2005-12-30,32.53105926513672
2006-01-03,33.6203498840332
2006-01-04,33.89950942993164
2006-01-05,33.729835510253906
2006-01-06,34.18416213989258
2006-01-09,34.2005729675293
2006-01-10,33.8940544128418
2006-01-11,34.18416213989258
2006-01-12,33.904998779296875
2006-01-13,34.0363655090332
2006-01-17,33.60940170288086
2006-01-18,33.15506362915039
2006-01-19,33.532772064208984
2006-01-20,33.02370071411133
2006-01-23,33.48350524902344
2006-01-24,33.653194427490234
2006-01-25,33.76815414428711
2006-01-26,34.167747497558594
2006-01-27,34.34837341308594
2006-01-30,34.37574005126953
2006-01-31,34.40858459472656
2006-02-01,34.51258850097656
2006-02-02,34.12393951416016
2006-02-03,34.0363655090332
2006-02-06,33.98709487915039
2006-02-07,33.73529815673828
2006-02-08,33.85572814941406
2006-02-09,33.92140197753906
2006-02-10,33.844783782958984
2006-02-13,33.60940170288086
2006-02-14,33.98162841796875
2006-02-15,33.675086975097656
2006-02-16,33.998046875
2006-02-17,33.89950942993164
2006-02-21,33.904998779296875
2006-02-22,34.16226577758789
2006-02-23,34.24984359741211
2006-02-24,34.36478042602539
2006-02-27,34.48522186279297
2006-02-28,34.167747497558594
2006-03-01,34.51805877685547
2006-03-02,34.45238494873047
2006-03-03,34.310054779052734
2006-03-06,34.178688049316406
2006-03-07,33.762664794921875
2006-03-08,33.87760925292969
2006-03-09,33.83930206298828
2006-03-10,34.35385513305664
2006-03-13,34.63849258422852
2006-03-14,35.00522994995117
2006-03-15,35.131134033203125
2006-03-16,35.2460823059082
2006-03-17,35.415771484375
2006-03-20,35.4869499206543
2006-03-21,35.12018203735352
2006-03-22,35.4486198425293
2006-03-23,35.02165603637695
2006-03-24,35.30082702636719
2006-03-27,35.240596771240234
2006-03-28,34.9012336730957
2006-03-29,35.36103057861328
2006-03-30,35.78799057006836
2006-03-31,35.53619766235352
2006-04-03,35.92483139038086
2006-04-04,36.2094841003418
2006-04-05,36.32991027832031
2006-04-06,36.36275100708008
2006-04-07,35.946739196777344
2006-04-10,36.012428283691406
2006-04-11,35.77157211303711
2006-04-12,35.59640884399414
2006-04-13,35.6894645690918
2006-04-17,35.853668212890625
2006-04-18,36.58717346191406
2006-04-19,36.8389778137207
2006-04-20,36.67475891113281
2006-04-21,36.92107391357422
2006-04-24,36.95939636230469
2006-04-25,36.9375114440918
2006-04-26,37.16739273071289
2006-04-27,37.23308181762695
2006-04-28,37.23857116699219
2006-05-01,37.22214126586914
2006-05-02,37.79141998291016
2006-05-03,37.566986083984375
2006-05-04,37.85710906982422
2006-05-05,38.43733978271485
2006-05-08,38.40449142456055
2006-05-09,38.6343879699707
2006-05-10,38.513973236083984
2006-05-11,38.12532043457031
2006-05-12,37.63268280029297
2006-05-15,37.30971908569336
2006-05-16,37.25498580932617
2006-05-17,36.067161560058594
2006-05-18,35.95769119262695
2006-05-19,36.13832092285156
2006-05-22,35.344600677490234
2006-05-23,35.35555648803711
2006-05-24,35.33366394042969
2006-05-25,35.80988311767578
2006-05-26,36.0999870300293
2006-05-30,35.55262756347656
2006-05-31,35.815364837646484
2006-06-01,36.04526138305664
2006-06-02,36.39559173583984
2006-06-05,35.607364654541016
2006-06-06,35.17493438720703
2006-06-07,34.6932258605957
2006-06-08,33.92688751220703
2006-06-09,33.88856506347656
2006-06-12,33.59845733642578
2006-06-13,32.547481536865234
2006-06-14,33.01823806762695
2006-06-15,34.15678405761719
2006-06-16,33.883094787597656
2006-06-19,33.71341323852539
2006-06-20,33.91594314575195
2006-06-21,34.35385513305664
2006-06-22,34.173213958740234
2006-06-23,34.074668884277344
2006-06-26,34.34290313720703
2006-06-27,33.70794677734375
2006-06-28,34.09110641479492
2006-06-29,35.35009002685547
2006-06-30,35.79346466064453
2006-07-03,35.979576110839844
2006-07-05,35.29534149169922
2006-07-06,35.66756057739258
2006-07-07,35.50334930419922
2006-07-10,35.79893493652344
2006-07-11,35.8974723815918
2006-07-12,35.224178314208984
2006-07-13,34.605648040771484
2006-07-14,34.310054779052734
2006-07-17,33.82835388183594
2006-07-18,33.773624420166016
2006-07-19,34.605648040771484
2006-07-20,34.41953659057617
2006-07-21,34.41953659057617
2006-07-24,35.043548583984375
2006-07-25,35.032596588134766
2006-07-26,35.2789306640625
2006-07-27,35.49788284301758
2006-07-28,36.2094841003418
2006-07-31,36.08358001708984
2006-08-01,35.831787109375
2006-08-02,36.22589874267578
2006-08-03,36.16568756103516
2006-08-04,36.19305419921875
2006-08-07,35.96863555908203
2006-08-08,35.84273147583008
2006-08-09,36.01789855957031
2006-08-10,36.0999870300293
2006-08-11,35.78799057006836
2006-08-14,35.90842056274414
2006-08-15,36.68570709228516
2006-08-16,37.01959991455078
2006-08-17,36.88275909423828
2006-08-18,37.03602981567383
2006-08-21,36.92107391357422
2006-08-22,36.817081451416016
2006-08-23,36.68570709228516
2006-08-24,36.58170318603516
2006-08-25,36.5543327331543
2006-08-28,36.70759582519531
2006-08-29,37.00318908691406
2006-08-30,37.00318908691406
2006-08-31,37.00318908691406
2006-09-01,37.27687454223633
2006-09-05,37.47392654418945
2006-09-06,36.84443664550781
2006-09-07,36.40106201171875
2006-09-08,36.41200637817383
2006-09-11,36.19305419921875
2006-09-12,36.60905838012695
2006-09-13,36.53790664672852
2006-09-14,36.58717346191406
2006-09-15,36.510536193847656
2006-09-18,36.66381072998047
2006-09-19,36.32442474365234
2006-09-20,36.68022918701172
2006-09-21,36.7678108215332
2006-09-22,36.58717346191406
2006-09-25,36.74044418334961
2006-09-26,36.82802200317383
2006-09-27,37.06340026855469
2006-09-28,37.16739273071289
2006-09-29,37.08528900146485
2006-10-02,37.18929290771485
2006-10-03,37.22214126586914
2006-10-04,37.577938079833984
2006-10-05,37.62173080444336
2006-10-06,37.28781509399414
2006-10-09,37.31520080566406
2006-10-10,37.358985900878906
2006-10-11,37.33161544799805
2006-10-12,37.73120880126953
2006-10-13,37.79689407348633
2006-10-16,37.93921661376953
2006-10-17,37.703834533691406
2006-10-18,37.79689407348633
2006-10-19,38.08154296875
2006-10-20,38.20195007324219
2006-10-23,38.23479843139648
2006-10-24,38.24028015136719
2006-10-25,38.50848388671875
2006-10-26,38.804080963134766
2006-10-27,38.535865783691406
2006-10-30,38.453758239746094
2006-10-31,38.47564697265625
2006-11-01,38.40995788574219
2006-11-02,38.55228805541992
2006-11-03,38.40449142456055
2006-11-06,38.97378158569336
2006-11-07,39.01755905151367
2006-11-08,39.02851104736328
2006-11-09,38.83144760131836
2006-11-10,38.98471450805664
2006-11-13,38.73839569091797
2006-11-14,39.16534805297852
2006-11-15,39.15439987182617
2006-11-16,39.072303771972656
2006-11-17,38.95734405517578
2006-11-20,38.66175842285156
2006-11-21,38.85334396362305
2006-11-22,39.23104095458984
2006-11-24,39.02304458618164
2006-11-27,38.7000846862793
2006-11-28,39.04493713378906
2006-11-29,39.48831558227539
2006-11-30,39.65800476074219
2006-12-01,39.60874176025391
2006-12-04,39.86601638793945
2006-12-05,40.090431213378906
2006-12-06,40.00286102294922
2006-12-07,40.13970184326172
2006-12-08,40.04116439819336
2006-12-11,40.20538330078125
2006-12-12,40.369606018066406
2006-12-13,40.52286148071289
2006-12-14,40.68707275390625
2006-12-15,40.52286148071289
2006-12-18,40.46266555786133
2006-12-19,40.64329147338867
2006-12-20,40.57212066650391
2006-12-21,40.551456451416016
2006-12-22,40.45642852783203
2006-12-26,40.43965911865234
2006-12-27,40.94271469116211
2006-12-28,40.970664978027344
2006-12-29,40.92595291137695
2007-01-03,41.08804321289063
2007-01-04,40.970664978027344
2007-01-05,40.35580825805664
2007-01-08,40.411712646484375
2007-01-09,40.45084381103516
2007-01-10,40.14342498779297
2007-01-11,40.40054321289063
2007-01-12,40.85887145996094
2007-01-16,40.8085823059082
2007-01-17,40.8309326171875
2007-01-18,40.691192626953125
2007-01-19,41.18865585327149
2007-01-22,40.98183441162109
2007-01-23,41.345157623291016
2007-01-24,41.61344909667969
2007-01-25,40.9371223449707
2007-01-26,41.01537322998047
2007-01-29,41.06010437011719
2007-01-30,41.33955764770508
2007-01-31,41.49605178833008
2007-02-01,41.842620849609375
2007-02-02,41.75876998901367
2007-02-05,41.62461853027344
2007-02-06,41.94881820678711
2007-02-07,42.06620407104492
2007-02-08,41.89850234985352
2007-02-09,41.71964263916016
2007-02-12,41.55755615234375
2007-02-13,42.08855438232422
2007-02-14,42.65866088867188
2007-02-15,42.70898818969727
2007-02-16,42.69220352172852
2007-02-20,42.753692626953125
2007-02-21,42.53570556640625
2007-02-22,42.72575378417969
2007-02-23,42.8598861694336
2007-02-26,42.88225173950195
2007-02-27,41.15510940551758
2007-02-28,41.44575500488281
2007-03-01,41.02095031738281
2007-03-02,40.46761703491211
2007-03-05,39.62919616699219
2007-03-06,40.85887145996094
2007-03-07,40.87004852294922
2007-03-08,41.35074996948242
2007-03-09,41.41781234741211
2007-03-12,41.68610000610352
2007-03-13,40.691192626953125
2007-03-14,40.70796203613281
2007-03-15,40.89241409301758
2007-03-16,40.94271469116211
2007-03-19,41.57432174682617
2007-03-20,41.92646408081055
2007-03-21,42.820762634277344
2007-03-22,42.65866088867188
2007-03-23,42.75928115844727
2007-03-26,42.77605056762695
2007-03-27,42.58601760864258
2007-03-28,42.21152114868164
2007-03-29,42.580413818359375
2007-03-30,42.64750671386719
2007-04-02,42.75928115844727
2007-04-03,43.11701202392578
2007-04-04,43.295875549316406
2007-04-05,43.45237350463867
2007-04-09,43.41884231567383
2007-04-10,43.74302673339844
2007-04-11,43.53062438964844
2007-04-12,43.82129669189453
2007-04-13,43.96660232543945
2007-04-16,44.43052291870117
2007-04-17,44.43611907958984
2007-04-18,44.41935348510742
2007-04-19,44.25166320800781
2007-04-20,44.76031112670898
2007-04-23,44.324344635009766
2007-04-24,44.29638671875
2007-04-25,44.71000289916992
2007-04-26,44.50319290161133
2007-04-27,44.40817260742188
2007-04-30,44.2460823059082
2007-05-01,44.20136642456055
2007-05-02,44.5367431640625
2007-05-03,44.59821701049805
2007-05-04,45.01742935180664
2007-05-07,45.08448791503906
2007-05-08,44.7155876159668
2007-05-09,44.96153259277344
2007-05-10,44.07279968261719
2007-05-11,44.816200256347656
2007-05-14,44.64850997924805
2007-05-15,44.72676849365234
2007-05-16,44.79384613037109
2007-05-17,44.5646858215332
2007-05-18,44.90562438964844
2007-05-21,44.698829650878906
2007-05-22,44.73795700073242
2007-05-23,44.96710205078125
2007-05-24,44.5367431640625
2007-05-25,44.8218002319336
2007-05-29,44.877685546875
2007-05-30,45.06772232055664
2007-05-31,45.291297912597656
2007-06-01,45.58753967285156
2007-06-04,45.71050262451172
2007-06-05,45.47575378417969
2007-06-06,44.8218002319336
2007-06-07,44.05602645874024
2007-06-08,44.5367431640625
2007-06-11,44.68765258789063
2007-06-12,43.89393997192383
2007-06-13,44.46406936645508
2007-06-14,44.79384613037109
2007-06-15,45.15715408325195
2007-06-18,45.4086799621582
2007-06-19,45.453392028808594
2007-06-20,44.91680908203125
2007-06-21,45.32484436035156
2007-06-22,44.698829650878906
2007-06-25,44.68765258789063
2007-06-26,44.46406936645508
2007-06-27,44.782657623291016
2007-06-28,44.816200256347656
2007-06-29,45.145973205566406
2007-07-02,45.79994583129883
2007-07-03,46.01792907714844
2007-07-05,45.788761138916016
2007-07-06,46.1185417175293
2007-07-09,46.23032760620117
2007-07-10,45.66578674316406
2007-07-11,46.096187591552734
2007-07-12,46.73897552490234
2007-07-13,46.70545196533203
2007-07-16,46.5992317199707
2007-07-17,46.44272232055664
2007-07-18,46.28065872192383
2007-07-19,46.54334259033203
2007-07-20,46.06265640258789
2007-07-23,46.34212875366211
2007-07-24,45.64344787597656
2007-07-25,45.52047348022461
2007-07-26,44.00573348999024
2007-07-27,43.39649963378906
2007-07-30,44.16783142089844
2007-07-31,44.1119270324707
2007-08-01,44.184600830078125
2007-08-02,44.31874847412109
2007-08-03,43.51945495605469
2007-08-06,43.99454879760742
2007-08-07,44.14546203613281
2007-08-08,44.86091613769531
2007-08-09,43.5809440612793
2007-08-10,42.83193588256836
2007-08-13,42.91578674316406
2007-08-14,42.50217819213867
2007-08-15,41.50725173950195
2007-08-16,41.32838821411133
2007-08-17,41.70846176147461
2007-08-20,41.842620849609375
2007-08-21,41.81466293334961
2007-08-22,42.80400085449219
2007-08-23,42.99403762817383
2007-08-24,43.74302673339844
2007-08-27,43.27911376953125
2007-08-28,42.40713882446289
2007-08-29,43.37972259521485
2007-08-30,43.077880859375
2007-08-31,43.832462310791016
2007-09-04,44.23488235473633
2007-09-05,43.59210205078125
2007-09-06,43.75419998168945
2007-09-07,43.22321319580078
2007-09-10,43.044342041015625
2007-09-11,43.787742614746094
2007-09-12,43.832462310791016
2007-09-13,44.01691055297852
2007-09-14,43.759796142578125
2007-09-17,43.14495849609375
2007-09-18,44.54789733886719
2007-09-19,44.95035934448242
2007-09-20,44.91122817993164
2007-09-21,45.10684585571289
2007-09-24,45.20745086669922
2007-09-25,45.26336669921875
2007-09-26,45.486942291259766
2007-09-27,46.09058380126953
2007-09-28,46.16325759887695
2007-10-01,46.75575256347656
2007-10-02,46.63835906982422
2007-10-03,46.42597198486328
2007-10-04,46.58806991577149
2007-10-05,47.06316375732422
2007-10-08,46.62717819213867
2007-10-09,47.14699172973633
2007-10-10,47.05756759643555
2007-10-11,47.27556610107422
2007-10-12,47.48236083984375
2007-10-15,47.0966911315918
2007-10-16,46.370079040527344
2007-10-17,46.8619270324707
2007-10-18,46.97373580932617
2007-10-19,45.93967819213867
2007-10-22,45.88379669189453
2007-10-23,46.53216552734375
2007-10-24,46.43155288696289
2007-10-25,46.64394760131836
2007-10-26,47.48796463012695
2007-10-29,47.83450698852539
2007-10-30,47.45441436767578
2007-10-31,48.12515258789063
2007-11-01,47.11347579956055
2007-11-02,47.37617492675781
2007-11-05,46.62158584594727
2007-11-06,47.32588195800781
2007-11-07,46.50420379638672
2007-11-08,46.58806991577149
2007-11-09,45.68257522583008
2007-11-12,44.93358612060547
2007-11-13,46.140892028808594
2007-11-14,46.0682258605957
2007-11-15,45.308082580566406
2007-11-16,45.453392028808594
2007-11-19,44.25166320800781
2007-11-20,45.240997314453125
2007-11-21,44.21812438964844
2007-11-23,45.33043670654297
2007-11-26,44.62056350708008
2007-11-27,45.224239349365234
2007-11-28,46.5097885131836
2007-11-29,46.12971115112305
2007-11-30,46.38125991821289
2007-12-03,46.20798110961914
2007-12-04,45.91732406616211
2007-12-05,46.44832229614258
2007-12-06,46.889892578125
2007-12-07,46.70545196533203
2007-12-10,47.186134338378906
2007-12-11,45.95644760131836
2007-12-12,46.87870788574219
2007-12-13,45.92292022705078
2007-12-14,44.68204498291016
2007-12-17,43.73185348510742
2007-12-18,44.27961349487305
2007-12-19,43.916290283203125
2007-12-20,44.22929382324219
2007-12-21,44.86091613769531
2007-12-24,45.04435729980469
2007-12-26,45.17046737670898
2007-12-27,44.89530944824219
2007-12-28,45.27936935424805
2007-12-31,44.99848937988281
2008-01-02,44.837989807128906
2008-01-03,44.912506103515625
2008-01-04,43.89216232299805
2008-01-07,43.93802261352539
2008-01-08,43.691532135009766
2008-01-09,44.00680160522461
2008-01-10,43.96094512939453
2008-01-11,43.08389663696289
2008-01-14,43.77177810668945
2008-01-15,42.35016632080078
2008-01-16,41.496055603027344
2008-01-17,40.87124633789063
2008-01-18,41.10625457763672
2008-01-22,39.959808349609375
2008-01-23,39.72479248046875
2008-01-24,41.11773681640625
2008-01-25,40.52156829833984
2008-01-28,40.97443008422852
2008-01-29,41.22092056274414
2008-01-30,41.03175735473633
2008-01-31,41.46739959716797
2008-02-01,42.1610107421875
2008-02-04,41.731082916259766
2008-02-05,39.81649017333984
2008-02-06,39.78211212158203
2008-02-07,39.58147811889648
2008-02-08,39.17448043823242
2008-02-11,39.38084030151367
2008-02-12,40.229225158691406
2008-02-13,40.504371643066406
2008-02-14,40.32093811035156
2008-02-15,40.4699821472168
2008-02-19,40.865509033203125
2008-02-20,40.65340805053711
2008-02-21,40.57889175415039
2008-02-22,41.09480285644531
2008-02-25,41.748294830322266
2008-02-26,42.36737823486328
2008-02-27,42.50493621826172
2008-02-28,42.09794998168945
2008-02-29,41.043212890625
2008-03-03,41.1635856628418
2008-03-04,40.53876876831055
2008-03-05,41.02602005004883
2008-03-06,40.44132995605469
2008-03-07,39.96554183959961
2008-03-10,39.76490783691406
2008-03-11,41.02028274536133
2008-03-12,41.02028274536133
2008-03-13,41.08906555175781
2008-03-14,40.09738159179688
2008-03-17,39.48975372314453
2008-03-18,40.69927597045898
2008-03-19,39.22608947753906
2008-03-20,39.81649017333984
2008-03-24,40.54449844360352
2008-03-25,41.13492965698242
2008-03-26,41.13492965698242
2008-03-27,41.10054397583008
2008-03-28,41.06614303588867
2008-03-31,41.215179443359375
2008-04-01,42.51639175415039
2008-04-02,42.608131408691406
2008-04-03,42.73423004150391
2008-04-04,42.87753677368164
2008-04-07,43.141231536865234
2008-04-08,42.68838119506836
2008-04-09,42.33870697021485
2008-04-10,42.20686721801758
2008-04-11,41.63938522338867
2008-04-14,41.731082916259766
2008-04-15,42.02344512939453
2008-04-16,43.34758377075195
2008-04-17,42.86608505249024
2008-04-18,43.16988754272461
2008-04-21,43.50810623168945
2008-04-22,43.05525207519531
2008-04-23,43.2788200378418
2008-04-24,42.99793243408203
2008-04-25,43.353328704833984
2008-04-28,43.60552978515625
2008-04-29,43.22148895263672
2008-04-30,43.45650100708008
2008-05-01,43.72019958496094
2008-05-02,43.8405647277832
2008-05-05,43.91508102416992
2008-05-06,44.2418327331543
2008-05-07,43.46797180175781
2008-05-08,43.8463020324707
2008-05-09,43.49662780761719
2008-05-12,43.93229293823242
2008-05-13,43.78324508666992
2008-05-14,43.78324508666992
2008-05-15,44.5284538269043
2008-05-16,45.00996017456055
2008-05-19,44.8265266418457
2008-05-20,44.4138069152832
2008-05-21,43.90935897827149
2008-05-22,44.419525146484375
2008-05-23,43.91508102416992
2008-05-27,43.82910919189453
2008-05-28,43.82337188720703
2008-05-29,43.725921630859375
2008-05-30,43.97240829467773
2008-06-02,43.51383590698242
2008-06-03,43.4221076965332
2008-06-04,43.16988754272461
2008-06-05,43.88642120361328
2008-06-06,42.62532043457031
2008-06-09,42.5680046081543
2008-06-10,41.84573745727539
2008-06-11,41.3126335144043
2008-06-12,41.1693229675293
2008-06-13,41.547645568847656
2008-06-16,41.759742736816406
2008-06-17,41.88584899902344
2008-06-18,41.54191589355469
2008-06-19,41.461673736572266
2008-06-20,40.555965423583984
2008-06-23,40.55023956298828
2008-06-24,40.366798400878906
2008-06-25,40.7978515625
2008-06-26,39.7640380859375
2008-06-27,39.869171142578125
2008-06-30,40.10865020751953
2008-07-01,39.67642974853516
2008-07-02,39.04560470581055
2008-07-03,39.29676818847656
2008-07-07,38.95800018310547
2008-07-08,39.16242980957031
2008-07-09,38.654296875
2008-07-10,38.98720932006836
2008-07-11,38.373931884765625
2008-07-14,38.29215240478516
2008-07-15,37.67887878417969
2008-07-16,38.373931884765625
2008-07-17,38.95800018310547
2008-07-18,39.20915985107422
2008-07-21,39.43694686889648
2008-07-22,39.571285247802734
2008-07-23,39.71731185913086
2008-07-24,38.99304962158203
2008-07-25,39.074825286865234
2008-07-28,38.420658111572266
2008-07-29,38.80031204223633
2008-07-30,39.16242980957031
2008-07-31,38.77693939208984
2008-08-01,38.19869613647461
2008-08-04,37.83658218383789
2008-08-05,38.79446792602539
2008-08-06,38.806148529052734
2008-08-07,38.02933120727539
2008-08-08,38.18701934814453
2008-08-11,38.1519889831543
2008-08-12,37.87745666503906
2008-08-13,37.28170776367188
2008-08-14,37.13567733764648
2008-08-15,36.8903694152832
2008-08-18,36.70346832275391
2008-08-19,36.288761138916016
2008-08-20,36.504878997802734
2008-08-21,36.65089797973633
2008-08-22,36.82028579711914
2008-08-25,36.24204635620117
2008-08-26,36.42311096191406
2008-08-27,36.76771926879883
2008-08-28,37.24081039428711
2008-08-29,37.12984085083008
2008-09-02,36.55743789672852
2008-09-03,36.40559005737305
2008-09-04,34.846099853515625
2008-09-05,34.71760177612305
2008-09-08,35.49442672729492
2008-09-09,34.34379196166992
2008-09-10,34.67670822143555
2008-09-11,34.60078430175781
2008-09-12,35.27831268310547
2008-09-15,33.77723693847656
2008-09-16,33.52607727050781
2008-09-17,32.2469482421875
2008-09-18,33.71298599243164
2008-09-19,36.10186767578125
2008-09-22,34.86944961547852
2008-09-23,34.37882614135742
2008-09-24,34.47812271118164
2008-09-25,35.272464752197266
2008-09-26,34.89865493774414
2008-09-29,31.00286865234375
2008-09-30,32.88359451293945
2008-10-01,32.63827896118164
2008-10-02,31.21312713623047
2008-10-03,31.09048080444336
2008-10-06,29.332393646240234
2008-10-07,27.95981216430664
2008-10-08,27.33484649658203
2008-10-09,25.69944190979004
2008-10-10,24.74154663085937
2008-10-13,28.67239761352539
2008-10-14,28.082481384277344
2008-10-15,25.08616065979004
2008-10-16,26.563871383666992
2008-10-17,25.997314453125
2008-10-20,27.65608787536621
2008-10-21,26.096603393554688
2008-10-22,24.19251251220703
2008-10-23,24.724027633666992
2008-10-24,23.123645782470703
2008-10-27,21.90876579284668
2008-10-28,24.92845726013184
2008-10-29,24.986852645874023
2008-10-30,25.862979888916016
2008-10-31,26.032358169555664
2008-11-03,26.13749313354492
2008-11-04,27.93061065673828
2008-11-05,26.412010192871094
2008-11-06,24.706499099731445
2008-11-07,26.102453231811523
2008-11-10,25.71111488342285
2008-11-11,24.864198684692383
2008-11-12,23.52665901184082
2008-11-13,25.530048370361328
2008-11-14,24.064014434814453
2008-11-17,23.625961303710938
2008-11-18,23.666847229003903
2008-11-19,22.08398628234864
2008-11-20,20.869112014770508
2008-11-21,22.3526668548584
2008-11-24,23.690210342407227
2008-11-25,24.122425079345703
2008-11-26,24.385257720947266
2008-11-28,24.373579025268555
2008-12-01,22.381872177124023
2008-12-02,23.59675025939941
2008-12-03,23.912158966064453
2008-12-04,23.17621612548828
2008-12-05,23.46825408935547
2008-12-08,24.58384132385254
2008-12-09,24.35605239868164
2008-12-10,24.9985466003418
2008-12-11,24.887569427490234
2008-12-12,25.13287734985352
2008-12-15,25.19713020324707
2008-12-16,26.64563369750977
2008-12-17,26.51129722595215
2008-12-18,25.69944190979004
2008-12-19,25.32562255859375
2008-12-22,25.150405883789062
2008-12-23,24.96170997619629
2008-12-24,25.29295539855957
2008-12-26,25.41125869750977
2008-12-29,25.417177200317383
2008-12-30,26.18021583557129
2008-12-31,26.535125732421875
2009-01-02,26.87820243835449
2009-01-05,26.446393966674805
2009-01-06,26.73031997680664
2009-01-07,26.268945693969727
2009-01-08,26.65934181213379
2009-01-09,25.73658561706543
2009-01-12,25.11550712585449
2009-01-13,24.654125213623047
2009-01-14,23.64264678955078
2009-01-15,23.85558319091797
2009-01-16,23.997547149658203
2009-01-20,22.240758895874023
2009-01-21,23.329145431518555
2009-01-22,22.78495407104492
2009-01-23,22.62524604797364
2009-01-26,23.06887626647949
2009-01-27,23.51842498779297
2009-01-28,24.210494995117188
2009-01-29,23.11027908325196
2009-01-30,22.89142608642578
2009-02-02,22.66665267944336
2009-02-03,23.31731605529785
2009-02-04,23.199012756347656
2009-02-05,23.53026008605957
2009-02-06,24.074447631835938
2009-02-09,24.068532943725582
2009-02-10,22.873680114746094
2009-02-11,23.12211036682129
2009-02-12,23.051130294799805
2009-02-13,22.80269432067871
2009-02-17,21.59010124206543
2009-02-18,21.57236289978028
2009-02-19,21.542781829833984
2009-02-20,21.22928237915039
2009-02-23,20.418914794921875
2009-02-24,21.270687103271484
2009-02-25,20.685096740722656
2009-02-26,20.51355743408203
2009-02-27,20.51355743408203
2009-03-02,19.336450576782227
2009-03-03,19.259559631347656
2009-03-04,20.11723899841309
2009-03-05,19.30688095092773
2009-03-06,19.271387100219727
2009-03-09,18.7508602142334
2009-03-10,20.01077651977539
2009-03-11,20.123159408569336
2009-03-12,20.5786190032959
2009-03-13,20.714672088623047
2009-03-16,20.939435958862305
2009-03-17,21.48954391479492
2009-03-18,22.10471534729004
2009-03-19,22.09288787841797
2009-03-20,21.78530502319336
2009-03-23,23.3528060913086
2009-03-24,22.61932945251465
2009-03-25,22.968324661254883
2009-03-26,23.27590560913086
2009-03-27,22.53060340881348
2009-03-30,21.672914505004883
2009-03-31,22.234848022460938
2009-04-01,22.81453514099121
2009-04-02,23.84375762939453
2009-04-03,23.97980117797852
2009-04-06,23.48294258117676
2009-04-07,22.991981506347656
2009-04-08,23.22266960144043
2009-04-09,23.84375762939453
2009-04-13,24.080352783203125
2009-04-14,23.84967422485352
2009-04-15,24.16317367553711
2009-04-16,24.31696510314941
2009-04-17,24.23415184020996
2009-04-20,23.24042510986328
2009-04-21,23.772777557373047
2009-04-22,23.583494186401367
2009-04-23,24.17499732971192
2009-04-24,24.54764938354492
2009-04-27,24.25780868530273
2009-04-28,24.027124404907227
2009-04-29,24.642290115356445
2009-04-30,24.796083450317383
2009-05-01,25.0859317779541
2009-05-04,26.126977920532227
2009-05-05,25.866714477539062
2009-05-06,26.493724822998047
2009-05-07,26.05009078979492
2009-05-08,27.17987632751465
2009-05-11,26.487808227539062
2009-05-12,26.77172470092773
2009-05-13,25.86080741882324
2009-05-14,26.11515617370605
2009-05-15,25.87854766845703
2009-05-18,26.866378784179688
2009-05-19,27.108890533447266
2009-05-20,27.28634262084961
2009-05-21,27.07931327819824
2009-05-22,27.233110427856445
2009-05-26,27.77730178833008
2009-05-27,27.239023208618164
2009-05-28,27.51703643798828
2009-05-29,28.06713104248047
2009-06-01,28.75920295715332
2009-06-02,29.007627487182617
2009-06-03,28.144031524658203
2009-06-04,28.32148742675781
2009-06-05,27.972501754760746
2009-06-08,27.91333770751953
2009-06-09,28.256420135498047
2009-06-10,28.30965614318848
2009-06-11,28.79469108581543
2009-06-12,28.646806716918945
2009-06-15,27.617589950561523
2009-06-16,27.298179626464844
2009-06-17,27.37506484985352
2009-06-18,27.327747344970703
2009-06-19,27.7595443725586
2009-06-22,26.866378784179688
2009-06-23,27.219757080078125
2009-06-24,27.243921279907227
2009-06-25,27.81779861450196
2009-06-26,27.7634334564209
2009-06-29,27.99901580810547
2009-06-30,27.67281150817871
2009-07-01,28.131914138793945
2009-07-02,27.322452545166016
2009-07-06,27.35869789123535
2009-07-07,26.694215774536133
2009-07-08,26.585474014282227
2009-07-09,26.91167449951172
2009-07-10,26.597558975219727
2009-07-13,27.06269264221192
2009-07-14,27.20767974853516
2009-07-15,28.13795661926269
2009-07-16,28.38563537597656
2009-07-17,28.282928466796875
2009-07-20,28.8326358795166
2009-07-21,29.013872146606445
2009-07-22,29.08635330200196
2009-07-23,29.57565689086914
2009-07-24,29.756881713867188
2009-07-27,29.78708839416504
2009-07-28,29.660232543945312
2009-07-29,29.41860008239746
2009-07-30,29.99248695373535
2009-07-31,30.451574325561523
2009-08-03,31.158353805541992
2009-08-04,31.110021591186523
2009-08-05,30.9831600189209
2009-08-06,30.78985595703125
2009-08-07,30.759653091430664
2009-08-10,30.5723876953125
2009-08-11,30.397214889526367
2009-08-12,30.741531372070312
2009-08-13,31.21271705627441
2009-08-14,30.94692039489746
2009-08-17,29.950193405151367
2009-08-18,30.46969413757324
2009-08-19,30.72944641113281
2009-08-20,30.94692039489746
2009-08-21,31.62349319458008
2009-08-24,31.617446899414062
2009-08-25,31.931564331054688
2009-08-26,31.79867553710937
2009-08-27,32.040306091308594
2009-08-28,32.05841064453125
2009-08-31,31.822830200195312
2009-09-01,31.031492233276367
2009-09-02,30.995248794555664
2009-09-03,31.23686981201172
2009-09-04,31.71410179138184
2009-09-08,32.342342376708984
2009-09-09,32.74103164672852
2009-09-10,33.03099060058594
2009-09-11,32.98870086669922
2009-09-14,33.055152893066406
2009-09-15,33.06119537353516
2009-09-16,33.713600158691406
2009-09-17,33.496131896972656
2009-09-18,33.58673477172852
2009-09-21,33.2303352355957
2009-09-22,33.68943786621094
2009-09-23,33.39947509765625
2009-09-24,32.91017532348633
2009-09-25,32.77123260498047
2009-09-28,33.2182502746582
2009-09-29,33.01890563964844
2009-09-30,33.03099060058594
2009-10-01,32.16715621948242
2009-10-02,31.810752868652344
2009-10-05,32.26984786987305
2009-10-06,32.81351852416992
2009-10-07,32.93433380126953
2009-10-08,33.41156005859375
2009-10-09,33.326995849609375
2009-10-12,33.526336669921875
2009-10-13,33.45384216308594
2009-10-14,34.257266998291016
2009-10-15,34.414329528808594
2009-10-16,33.894832611083984
2009-10-19,34.43848419189453
2009-10-20,34.257266998291016
2009-10-21,34.14249038696289
2009-10-22,34.4747314453125
2009-10-23,33.93106460571289
2009-10-26,33.4176025390625
2009-10-27,33.151798248291016
2009-10-28,32.35441589355469
2009-10-29,33.308860778808594
2009-10-30,32.197364807128906
2009-11-02,32.51148223876953
2009-11-03,32.38462448120117
2009-11-04,32.710819244384766
2009-11-05,33.13368606567383
2009-11-06,33.2303352355957
2009-11-09,34.16061782836914
2009-11-10,33.97938919067383
2009-11-11,34.082088470458984
2009-11-12,33.58673477172852
2009-11-13,34.05792236328125
2009-11-16,34.601593017578125
2009-11-17,34.37204360961914
2009-11-18,34.263309478759766
2009-11-19,33.616943359375
2009-11-20,33.4296875
2009-11-23,34.02772521972656
2009-11-24,33.88877487182617
2009-11-25,34.34184265136719
2009-11-27,33.35114288330078
2009-11-30,33.45988464355469
2009-12-01,34.378082275390625
2009-12-02,34.43245315551758
2009-12-03,34.35392761230469
2009-12-04,34.233097076416016
2009-12-07,34.045833587646484
2009-12-08,33.45384216308594
2009-12-09,33.41156005859375
2009-12-10,33.51425552368164
2009-12-11,33.502166748046875
2009-12-14,33.82837677001953
2009-12-15,33.45384216308594
2009-12-16,33.84650039672852
2009-12-17,33.04911804199219
2009-12-18,33.12764358520508
2009-12-21,33.224300384521484
2009-12-22,33.43520736694336
2009-12-23,33.73999786376953
2009-12-24,33.87409973144531
2009-12-28,34.02040481567383
2009-12-29,34.07526016235352
2009-12-30,33.935054779052734
2009-12-31,33.69731140136719
2010-01-04,34.581207275390625
2010-01-05,34.6116828918457
2010-01-06,34.75798797607422
2010-01-07,34.62387466430664
2010-01-08,34.8981819152832
2010-01-11,35.184688568115234
2010-01-12,34.77016830444336
2010-01-13,35.062774658203125
2010-01-14,35.33098220825195
2010-01-15,34.776275634765625
2010-01-19,35.117637634277344
2010-01-20,34.22154998779297
2010-01-21,33.49006652832031
2010-01-22,32.837825775146484
2010-01-25,33.240142822265625
2010-01-26,33.051177978515625
2010-01-27,33.01460266113281
2010-01-28,32.45988464355469
2010-01-29,31.990516662597656
2010-02-01,32.575706481933594
2010-02-02,33.11823272705078
2010-02-03,32.77076721191406
2010-02-04,31.435806274414062
2010-02-05,31.38094520568848
2010-02-08,30.759172439575195
2010-02-09,31.728391647338867
2010-02-10,31.52724266052246
2010-02-11,31.819833755493164
2010-02-12,31.54551696777344
2010-02-16,32.24653625488281
2010-02-17,32.28920364379883
2010-02-18,32.472076416015625
2010-02-19,32.27091598510742
2010-02-22,32.33188247680664
2010-02-23,31.874691009521484
2010-02-24,32.07585144042969
2010-02-25,31.880783081054688
2010-02-26,32.07585144042969
2010-03-01,32.32577896118164
2010-03-02,32.56961441040039
2010-03-03,32.959739685058594
2010-03-04,32.87440490722656
2010-03-05,33.514442443847656
2010-03-08,33.514442443847656
2010-03-09,33.43520736694336
2010-03-10,33.57542037963867
2010-03-11,33.70342254638672
2010-03-12,33.92896270751953
2010-03-15,33.69122314453125
2010-03-16,34.1179313659668
2010-03-17,34.300804138183594
2010-03-18,34.09964370727539
2010-03-19,33.75218200683594
2010-03-22,33.8497200012207
2010-03-23,34.08744430541992
2010-03-24,33.526649475097656
2010-03-25,33.50835418701172
2010-03-26,33.8375244140625
2010-03-29,34.124027252197266
2010-03-30,34.124027252197266
2010-03-31,34.124027252197266
2010-04-01,34.72750473022461
2010-04-05,34.76407241821289
2010-04-06,34.66655349731445
2010-04-07,34.42272186279297
2010-04-08,34.38614654541016
2010-04-09,34.83723831176758
2010-04-12,34.94694900512695
2010-04-13,34.916481018066406
2010-04-14,35.3797492980957
2010-04-15,35.355369567871094
2010-04-16,34.57511520385742
2010-04-19,34.48367691040039
2010-04-20,34.697025299072266
2010-04-21,34.47148132324219
2010-04-22,34.160606384277344
2010-04-23,34.416622161865234
2010-04-26,34.45319366455078
2010-04-27,33.069454193115234
2010-04-28,33.0755615234375
2010-04-29,33.58759307861328
2010-04-30,33.166996002197266
2010-05-03,33.40472412109375
2010-05-04,32.08195495605469
2010-05-05,31.466285705566406
2010-05-06,30.06426048278809
2010-05-07,29.99719619750977
2010-05-10,31.94174575805664
2010-05-11,31.423603057861328
2010-05-12,31.777162551879883
2010-05-13,31.362642288208008
2010-05-14,30.4726676940918
2010-05-17,30.51533889770508
2010-05-18,29.85700416564941
2010-05-19,29.972808837890625
2010-05-20,28.93045234680176
2010-05-21,29.637550354003903
2010-05-24,28.95482444763184
2010-05-25,28.845109939575195
2010-05-26,28.418399810791016
2010-05-27,30.03377723693848
2010-05-28,29.45468139648437
2010-06-01,29.162080764770508
2010-06-02,29.94233512878418
2010-06-03,29.85089874267578
2010-06-04,28.576889038085938
2010-06-07,28.217247009277344
2010-06-08,28.668317794799805
2010-06-09,28.564697265625
2010-06-10,29.77165412902832
2010-06-11,29.814329147338867
2010-06-14,30.003292083740234
2010-06-15,30.95422744750977
2010-06-16,30.807937622070312
2010-06-17,30.90547561645508
2010-06-18,30.8506088256836
2010-06-21,30.844518661499023
2010-06-22,30.454381942749023
2010-06-23,30.65843963623047
2010-06-24,30.12503242492676
2010-06-25,30.298688888549805
2010-06-28,30.075408935546875
2010-06-29,29.04582595825196
2010-06-30,28.847335815429688
2010-07-01,29.26909828186035
2010-07-02,29.207077026367188
2010-07-06,29.79011344909668
2010-07-07,30.72046661376953
2010-07-08,31.0181827545166
2010-07-09,31.04918670654297
2010-07-12,30.93134117126465
2010-07-13,31.50197029113769
2010-07-14,31.61361122131348
2010-07-15,31.768667221069336
2010-07-16,30.751480102539062
2010-07-19,30.949954986572266
2010-07-20,31.160839080810547
2010-07-21,30.59642601013184
2010-07-22,31.62601661682129
2010-07-23,31.99816131591797
2010-07-26,32.221458435058594
2010-07-27,32.31447982788086
2010-07-28,32.14702224731445
2010-07-29,32.29586410522461
2010-07-30,32.19664001464844
2010-08-02,33.28205871582031
2010-08-03,33.23244094848633
2010-08-04,33.263450622558594
2010-08-05,33.238643646240234
2010-08-06,33.33787155151367
2010-08-09,33.37508773803711
2010-08-10,33.108394622802734
2010-08-11,31.601205825805664
2010-08-12,31.56399154663086
2010-08-13,31.452342987060547
2010-08-16,31.706653594970703
2010-08-17,32.0601806640625
2010-08-18,32.04777526855469
2010-08-19,31.53298568725586
2010-08-20,31.20425605773925
2010-08-23,31.14223289489746
2010-08-24,30.714263916015625
2010-08-25,30.74527168273925
2010-08-26,30.732873916625977
2010-08-27,31.33450698852539
2010-08-30,30.881731033325195
2010-08-31,30.974754333496094
2010-09-01,32.07878875732422
2010-09-02,32.25865936279297
2010-09-03,32.55636978149414
2010-09-07,32.103599548339844
2010-09-08,32.3516960144043
2010-09-09,32.655616760253906
2010-09-10,32.75485610961914
2010-09-13,33.35028839111328
2010-09-14,33.57356262207031
2010-09-15,33.58596420288086
2010-09-16,33.42470932006836
2010-09-17,33.263450622558594
2010-09-20,33.84027862548828
2010-09-21,33.83406066894531
2010-09-22,33.784446716308594
2010-09-23,33.41851043701172
2010-09-24,34.3488655090332
2010-09-27,34.175193786621094
2010-09-28,34.37367248535156
2010-09-29,34.31785202026367
2010-09-30,34.063560485839844
2010-10-01,34.404685974121094
2010-10-04,33.90849685668945
2010-10-05,34.869869232177734
2010-10-06,35.161380767822266
2010-10-07,35.04352951049805
2010-10-08,35.27301788330078
2010-10-11,35.22960662841797
2010-10-12,35.15517044067383
2010-10-13,35.5521240234375
2010-10-14,35.80023193359375
2010-10-15,35.682369232177734
2010-10-18,35.76301574707031
2010-10-19,34.97530746459961
2010-10-20,35.63276290893555
2010-10-21,35.44048309326172
2010-10-22,35.53351974487305
2010-10-25,35.66997146606445
2010-10-26,35.44048309326172
2010-10-27,35.099361419677734
2010-10-28,35.37226486206055
2010-10-29,35.35985565185547
2010-11-01,35.22960662841797
2010-11-02,35.812625885009766
2010-11-03,36.06072998046875
2010-11-04,36.879432678222656
2010-11-05,36.71817779541016
2010-11-08,36.49488830566406
2010-11-09,36.12895584106445
2010-11-10,36.23439407348633
2010-11-11,35.92427062988281
2010-11-12,35.62656021118164
2010-11-15,35.60176086425781
2010-11-16,34.764427185058594
2010-11-17,34.95670318603516
2010-11-18,35.831233978271484
2010-11-19,35.831233978271484
2010-11-22,35.44670104980469
2010-11-23,34.3798828125
2010-11-24,34.92569732666016
2010-11-26,34.342655181884766
2010-11-29,34.03874588012695
2010-11-30,33.65420150756836
2010-12-01,34.60936737060547
2010-12-02,35.266815185546875
2010-12-03,35.60795211791992
2010-12-06,35.44670104980469
2010-12-07,35.465301513671875
2010-12-08,35.570735931396484
2010-12-09,35.66377258300781
2010-12-10,35.74441909790039
2010-12-13,36.12895584106445
2010-12-14,36.18478012084961
2010-12-15,35.70719528198242
2010-12-16,35.90566635131836
2010-12-17,35.70719528198242
2010-12-20,35.78782272338867
2010-12-21,36.08708190917969
2010-12-22,36.155948638916016
2010-12-23,36.13717651367188
2010-12-27,36.062049865722656
2010-12-28,36.09334564208984
2010-12-29,36.406394958496094
2010-12-30,36.23109436035156
2010-12-31,36.45021057128906
2011-01-03,36.750732421875
2011-01-04,36.63804626464844
2011-01-05,36.48151779174805
2011-01-06,36.062049865722656
2011-01-07,35.91803741455078
2011-01-10,35.855438232421875
2011-01-11,36.09961318969727
2011-01-12,36.89472579956055
2011-01-13,36.99489974975586
2011-01-14,37.22028350830078
2011-01-18,37.464454650878906
2011-01-19,37.20777130126953
2011-01-20,36.88846206665039
2011-01-21,37.08881378173828
2011-01-24,37.48323822021485
2011-01-25,37.40811538696289
2011-01-26,37.6460189819336
2011-01-27,37.733665466308594
2011-01-28,36.89472579956055
2011-01-31,37.21402359008789
2011-02-01,38.09678649902344
2011-02-02,38.06548690795898
2011-02-03,38.07175064086914
2011-02-04,38.05923461914063
2011-02-07,38.178184509277344
2011-02-08,38.42861175537109
2011-02-09,38.3159294128418
2011-02-10,38.06548690795898
2011-02-11,38.08427047729492
2011-02-14,38.15940856933594
2011-02-15,38.04670333862305
2011-02-16,38.503753662109375
2011-02-17,38.63522338867188
2011-02-18,38.766693115234375
2011-02-22,37.65855407714844
2011-02-23,37.7086296081543
2011-02-24,37.73994064331055
2011-02-25,38.190704345703125
2011-02-28,38.53504943847656
2011-03-01,37.996620178222656
2011-03-02,38.19696807861328
2011-03-03,38.685306549072266
2011-03-04,38.33470153808594
2011-03-07,37.96531677246094
2011-03-08,38.08427047729492
2011-03-09,38.09678649902344
2011-03-10,37.15141677856445
2011-03-11,37.15141677856445
2011-03-14,36.48777389526367
2011-03-15,35.72394943237305
2011-03-16,34.61581039428711
2011-03-17,35.76778793334961
2011-03-18,36.26238250732422
2011-03-21,37.15768051147461
2011-03-22,37.05123901367188
2011-03-23,37.09506988525391
2011-03-24,37.58967971801758
2011-03-25,37.17646026611328
2011-03-28,37.15768051147461
2011-03-29,37.35176086425781
2011-03-30,37.7962760925293
2011-03-31,37.61471176147461
2011-04-01,37.97158050537109
2011-04-04,38.02166366577149
2011-04-05,37.9277572631836
2011-04-06,38.24079132080078
2011-04-07,38.05296325683594
2011-04-08,38.366004943847656
2011-04-11,38.29088592529297
2011-04-12,37.93401336669922
2011-04-13,38.04670333862305
2011-04-14,38.21575546264648
2011-04-15,38.15940856933594
2011-04-18,37.37680435180664
2011-04-19,37.65227508544922
2011-04-20,38.61017227172852
2011-04-21,38.8606071472168
2011-04-25,38.8606071472168
2011-04-26,39.16111755371094
2011-04-27,39.64946365356445
2011-04-28,39.91868209838867
2011-04-29,39.73085403442383
2011-05-02,39.987548828125
2011-05-03,39.66199493408203
2011-05-04,39.32390594482422
2011-05-05,38.54757308959961
2011-05-06,38.566349029541016
2011-05-09,38.84183120727539
2011-05-10,39.21121597290039
2011-05-11,38.42234420776367
2011-05-12,38.54757308959961
2011-05-13,37.9465446472168
2011-05-16,37.877662658691406
2011-05-17,37.95906448364258
2011-05-18,38.190704345703125
2011-05-19,38.40982818603516
2011-05-20,37.86515426635742
2011-05-23,36.98864364624024
2011-05-24,37.20150375366211
2011-05-25,37.439414978027344
2011-05-26,37.79001998901367
2011-05-27,38.06548690795898
2011-05-31,38.85434341430664
2011-06-01,37.93401336669922
2011-06-02,38.12810134887695
2011-06-03,38.14688491821289
2011-06-06,37.65227508544922
2011-06-07,37.996620178222656
2011-06-08,37.50828552246094
2011-06-09,37.89645004272461
2011-06-10,37.01993942260742
2011-06-13,37.07628631591797
2011-06-14,37.733665466308594
2011-06-15,36.49403762817383
2011-06-16,36.36882781982422
2011-06-17,36.725685119628906
2011-06-20,36.68185806274414
2011-06-21,37.47697448730469
2011-06-22,37.11382293701172
2011-06-23,36.7946891784668
2011-06-24,36.443660736083984
2011-06-27,36.743629455566406
2011-06-28,37.18403244018555
2011-06-29,37.83502578735352
2011-06-30,38.38391876220703
2011-07-01,38.805152893066406
2011-07-05,38.57539749145508
2011-07-06,38.33286285400391
2011-07-07,38.66474533081055
2011-07-08,38.18606948852539
2011-07-11,37.030853271484375
2011-07-12,36.78192901611328
2011-07-13,37.33082962036133
2011-07-14,37.00531005859375
2011-07-15,37.13296508789063
2011-07-18,36.584075927734375
2011-07-19,37.13296508789063
2011-07-20,37.5733528137207
2011-07-21,38.37115097045898
2011-07-22,38.40945053100586
2011-07-25,38.16692352294922
2011-07-26,38.39668273925781
2011-07-27,37.46486282348633
2011-07-28,37.37550354003906
2011-07-29,37.47123336791992
2011-08-01,36.99892807006836
2011-08-02,36.02242660522461
2011-08-03,36.23304748535156
2011-08-04,33.70559310913086
2011-08-05,34.29916763305664
2011-08-08,31.73981094360352
2011-08-09,33.877933502197266
2011-08-10,31.854692459106445
2011-08-11,33.380096435546875
2011-08-12,33.76304626464844
2011-08-15,34.5480842590332
2011-08-16,34.04386901855469
2011-08-17,34.24173355102539
2011-08-18,32.575904846191406
2011-08-19,32.020633697509766
2011-08-22,32.224884033203125
2011-08-23,33.2715950012207
2011-08-24,33.28435516357422
2011-08-25,32.48017120361328
2011-08-26,32.99076843261719
2011-08-29,33.775814056396484
2011-08-30,33.57795715332031
2011-08-31,34.190673828125
2011-09-01,33.76942825317383
2011-09-02,33.01629638671875
2011-09-06,31.9312801361084
2011-09-07,32.882266998291016
2011-09-08,32.231258392333984
2011-09-09,31.11432456970215
2011-09-12,30.98030471801757
2011-09-13,31.312206268310547
2011-09-14,31.78449440002441
2011-09-15,32.47379684448242
2011-09-16,32.486549377441406
2011-09-19,31.593021392822266
2011-09-20,31.72066307067871
2011-09-21,30.776073455810547
2011-09-22,29.780406951904297
2011-09-23,30.11866950988769
2011-09-26,30.737781524658203
2011-09-27,31.497278213500977
2011-09-28,30.961162567138672
2011-09-29,31.567487716674805
2011-09-30,30.49524688720703
2011-10-03,29.691057205200195
2011-10-04,30.188884735107425
2011-10-05,30.65479278564453
2011-10-06,31.478137969970703
2011-10-07,31.26113510131836
2011-10-10,32.454647064208984
2011-10-11,32.3972053527832
2011-10-12,32.86951446533203
2011-10-13,32.882266998291016
2011-10-14,33.26521682739258
2011-10-17,32.49931716918945
2011-10-18,32.96524810791016
2011-10-19,32.37167739868164
2011-10-20,32.454647064208984
2011-10-21,33.239688873291016
2011-10-24,33.73751449584961
2011-10-25,33.15671920776367
2011-10-26,33.609867095947266
2011-10-27,35.4671516418457
2011-10-28,35.262908935546875
2011-10-31,33.43115997314453
2011-11-01,32.38443756103516
2011-11-02,32.65888214111328
2011-11-03,33.48221206665039
2011-11-04,33.060970306396484
2011-11-07,33.20138931274414
2011-11-08,33.60348129272461
2011-11-09,31.88022232055664
2011-11-10,32.25679397583008
2011-11-11,33.060970306396484
2011-11-14,32.47379684448242
2011-11-15,32.38443756103516
2011-11-16,31.76534652709961
2011-11-17,31.42069435119629
2011-11-18,31.529193878173828
2011-11-21,30.73139381408692
2011-11-22,30.64203453063965
2011-11-23,29.79955101013184
2011-11-25,29.64637756347656
2011-11-28,30.91009521484375
2011-11-29,31.11432456970215
2011-11-30,32.703556060791016
2011-12-01,32.422733306884766
2011-12-02,32.416343688964844
2011-12-05,32.78653335571289
2011-12-06,32.63335037231445
2011-12-07,32.863121032714844
2011-12-08,31.78449440002441
2011-12-09,32.575904846191406
2011-12-12,31.624929428100582
2011-12-13,31.197303771972656
2011-12-14,30.82713508605957
2011-12-15,30.98030471801757
2011-12-16,30.852651596069336
2011-12-19,30.56543731689453
2011-12-20,31.64348030090332
2011-12-21,31.47554016113281
2011-12-22,31.75975799560547
2011-12-23,31.979358673095703
2011-12-27,31.83726119995117
2011-12-28,31.26238822937012
2011-12-29,31.83726119995117
2011-12-30,31.992280960083008
2012-01-03,32.86426544189453
2012-01-04,32.67049026489258
2012-01-05,32.18605041503906
2012-01-06,31.746835708618164
2012-01-09,31.869558334350582
2012-01-10,32.354000091552734
2012-01-11,32.25065612792969
2012-01-12,32.38628005981445
2012-01-13,32.0374870300293
2012-01-17,32.4185905456543
2012-01-18,32.96115493774414
2012-01-19,33.36808395385742
2012-01-20,33.542476654052734
2012-01-23,33.67166519165039
2012-01-24,33.484344482421875
2012-01-25,33.83314514160156
2012-01-26,33.846065521240234
2012-01-27,33.90419006347656
2012-01-30,33.50373077392578
2012-01-31,33.6781120300293
2012-02-01,34.20777130126953
2012-02-02,34.278839111328125
2012-02-03,34.814937591552734
2012-02-06,34.64699935913086
2012-02-07,34.86015701293945
2012-02-08,34.982879638671875
2012-02-09,35.073299407958984
2012-02-10,34.40800476074219
2012-02-13,34.80201721191406
2012-02-14,34.54365158081055
2012-02-15,34.58241653442383
2012-02-16,35.06038284301758
2012-02-17,35.21540069580078
2012-02-21,35.22186279296875
2012-02-22,35.1185188293457
2012-02-23,35.409175872802734
2012-02-24,35.62232971191406
2012-02-27,35.44147872924805
2012-02-28,35.77088928222656
2012-02-29,35.30583190917969
2012-03-01,35.7062873840332
2012-03-02,35.37688446044922
2012-03-05,35.189579010009766
2012-03-06,34.065677642822266
2012-03-07,34.48551940917969
2012-03-08,35.22832489013672
2012-03-09,35.112060546875
2012-03-12,35.02162551879883
2012-03-13,35.59004211425781
2012-03-14,35.27354049682617
2012-03-15,35.60940933227539
2012-03-16,35.854854583740234
2012-03-19,36.04217529296875
2012-03-20,35.61587142944336
2012-03-21,35.38334274291992
2012-03-22,35.137901306152344
2012-03-23,35.38334274291992
2012-03-26,35.83548355102539
2012-03-27,35.60940933227539
2012-03-28,35.36396026611328
2012-03-29,35.137901306152344
2012-03-30,35.45439910888672
2012-04-02,35.86777114868164
2012-04-03,35.241249084472656
2012-04-04,34.45322036743164
2012-04-05,34.24652862548828
2012-04-09,34.09797668457031
2012-04-10,33.36808395385742
2012-04-11,33.83314514160156
2012-04-12,34.45322036743164
2012-04-13,33.79439163208008
2012-04-16,34.039833068847656
2012-04-17,34.58241653442383
2012-04-18,34.40155029296875
2012-04-19,34.19485855102539
2012-04-20,34.52427291870117
2012-04-23,33.83314514160156
2012-04-24,34.10442352294922
2012-04-25,34.56949234008789
2012-04-26,34.77617645263672
2012-04-27,34.91828536987305
2012-04-30,34.718048095703125
2012-05-01,34.86015701293945
2012-05-02,34.588871002197266
2012-05-03,34.28528594970703
2012-05-04,33.76209259033203
2012-05-07,34.00754165649414
2012-05-08,33.484344482421875
2012-05-09,33.09679412841797
2012-05-10,33.2518196105957
2012-05-11,33.04512405395508
2012-05-14,32.412132263183594
2012-05-15,32.00519943237305
2012-05-16,31.68871116638184
2012-05-17,31.301149368286133
2012-05-18,31.0750732421875
2012-05-21,31.75975799560547
2012-05-22,31.64348030090332
2012-05-23,31.385114669799805
2012-05-24,31.178422927856445
2012-05-25,31.0686149597168
2012-05-29,31.462629318237305
2012-05-30,30.71981811523437
2012-05-31,30.8490047454834
2012-06-01,30.067441940307617
2012-06-04,30.319360733032227
2012-06-05,30.538957595825195
2012-06-06,31.391578674316406
2012-06-07,31.436798095703125
2012-06-08,31.333452224731445
2012-06-11,31.029861450195312
2012-06-12,31.54659080505371
2012-06-13,31.29469108581543
2012-06-14,31.527223587036133
2012-06-15,31.9729061126709
2012-06-18,31.882476806640625
2012-06-19,32.412132263183594
2012-06-20,32.59944152832031
2012-06-21,31.746129989624023
2012-06-22,32.017127990722656
2012-06-25,31.30328750610352
2012-06-26,31.508180618286133
2012-06-27,31.80562973022461
2012-06-28,31.87171936035156
2012-06-29,33.02179336547852
2012-07-02,33.23991394042969
2012-07-03,33.54396057128906
2012-07-05,32.98875045776367
2012-07-06,32.678104400634766
2012-07-09,32.60539245605469
2012-07-10,32.38727188110352
2012-07-11,32.486412048339844
2012-07-12,32.16254425048828
2012-07-13,32.61861038208008
2012-07-16,32.61201095581055
2012-07-17,32.70453643798828
2012-07-18,32.96230697631836
2012-07-19,33.266353607177734
2012-07-20,32.486412048339844
2012-07-23,31.81884002685547
2012-07-24,31.475143432617188
2012-07-25,31.64037704467773
2012-07-26,32.60539245605469
2012-07-27,33.29278564453125
2012-07-30,33.253135681152344
2012-07-31,33.04823684692383
2012-08-01,33.05484771728516
2012-08-02,32.5921745300293
2012-08-03,33.702598571777344
2012-08-06,33.94054412841797
2012-08-07,34.22476577758789
2012-08-08,34.204933166503906
2012-08-09,34.22476577758789
2012-08-10,34.28424072265625
2012-08-13,34.11900329589844
2012-08-14,34.19831085205078
2012-08-15,34.099178314208984
2012-08-16,34.52219009399414
2012-08-17,34.568458557128906
2012-08-20,34.52879333496094
2012-08-21,34.72708511352539
2012-08-22,34.68743133544922
2012-08-23,34.489139556884766
2012-08-24,34.436256408691406
2012-08-27,34.456092834472656
2012-08-28,34.42304992675781
2012-08-29,34.317291259765625
2012-08-30,33.808345794677734
2012-08-31,34.10578155517578
2012-09-04,33.93392562866211
2012-09-05,33.841392517089844
2012-09-06,34.68082046508789
2012-09-07,35.202980041503906
2012-09-10,34.92536926269531
2012-09-11,35.32195281982422
2012-09-12,35.55330276489258
2012-09-13,36.09527969360352
2012-09-14,36.45220184326172
2012-09-17,36.260528564453125
2012-09-18,36.10850143432617
2012-09-19,36.260528564453125
2012-09-20,36.02919387817383
2012-09-21,36.04901885986328
2012-09-24,35.923439025878906
2012-09-25,35.67226791381836
2012-09-26,35.31534576416016
2012-09-27,35.73836135864258
2012-09-28,35.03113555908203
2012-10-01,35.31534576416016
2012-10-02,35.45414733886719
2012-10-03,35.30873489379883
2012-10-04,35.73836135864258
2012-10-05,35.78463363647461
2012-10-08,35.57311248779297
2012-10-09,35.05756759643555
2012-10-10,34.95841979980469
2012-10-11,35.18315124511719
2012-10-12,35.143489837646484
2012-10-15,35.48720169067383
2012-10-16,36.0754508972168
2012-10-17,36.41255187988281
2012-10-18,36.27374267578125
2012-10-19,35.78463363647461
2012-10-22,36.03580093383789
2012-10-23,35.26245880126953
2012-10-24,35.28230285644531
2012-10-25,35.493804931640625
2012-10-26,35.44092559814453
2012-10-31,35.41449737548828
2012-11-01,35.83089065551758
2012-11-02,35.48720169067383
2012-11-05,35.401268005371094
2012-11-06,35.73836135864258
2012-11-07,35.202980041503906
2012-11-08,34.88571548461914
2012-11-09,34.89894104003906
2012-11-12,34.87248992919922
2012-11-13,34.700645446777344
2012-11-14,34.33711624145508
2012-11-15,34.449485778808594
2012-11-16,34.429649353027344
2012-11-19,35.17654037475586
2012-11-20,35.22942352294922
2012-11-21,35.288917541503906
2012-11-23,36.04901885986328
2012-11-26,35.96309280395508
2012-11-27,35.78463363647461
2012-11-28,36.04240417480469
2012-11-29,36.35306167602539
2012-11-30,36.39933013916016
2012-12-03,36.44559097290039
2012-12-04,36.53812789916992
2012-12-05,36.591007232666016
2012-12-06,36.66371154785156
2012-12-07,36.67692565917969
2012-12-10,36.71658706665039
2012-12-11,36.92809677124024
2012-12-12,37.04707336425781
2012-12-13,36.93470764160156
2012-12-14,37.06689834594727
2012-12-17,37.21892547607422
2012-12-18,37.60647964477539
2012-12-19,37.7401237487793
2012-12-20,37.99403762817383
2012-12-21,37.76016998291016
2012-12-24,37.659934997558594
2012-12-26,37.65325927734375
2012-12-27,37.826995849609375
2012-12-28,37.426063537597656
2012-12-31,37.99403762817383
2013-01-02,38.582061767578125
2013-01-03,38.20786285400391
2013-01-04,38.40164566040039
2013-01-07,38.234596252441406
2013-01-08,38.02076721191406
2013-01-09,38.21453857421875
2013-01-10,38.70232772827149
2013-01-11,38.782527923583984
2013-01-14,38.82929611206055
2013-01-15,38.7691650390625
2013-01-16,38.582061767578125
2013-01-17,38.8961181640625
2013-01-18,38.85602569580078
2013-01-22,38.876075744628906
2013-01-23,38.835975646972656
2013-01-24,39.023075103759766
2013-01-25,39.44404983520508
2013-01-28,39.250267028808594
2013-01-29,39.51753616333008
2013-01-30,39.5576286315918
2013-01-31,39.4106330871582
2013-02-01,39.72468566894531
2013-02-04,39.009708404541016
2013-02-05,39.190128326416016
2013-02-06,39.18344879150391
2013-02-07,38.86270523071289
2013-02-08,39.10993957519531
2013-02-11,39.06985092163086
2013-02-12,39.26362228393555
2013-02-13,39.35717010498047
2013-02-14,39.143348693847656
2013-02-15,39.04312133789063
2013-02-19,39.504180908203125
2013-02-20,39.11661911010742
2013-02-21,38.528602600097656
2013-02-22,39.08322143554688
2013-02-25,38.14773178100586
2013-02-26,38.4551010131836
2013-02-27,38.94289016723633
2013-02-28,38.90280151367188
2013-03-01,38.82261657714844
2013-03-04,38.98965835571289
2013-03-05,39.377227783203125
2013-03-06,39.47745132446289
2013-03-07,39.591041564941406
2013-03-08,39.67791366577149
2013-03-11,39.79819107055664
2013-03-12,39.59772872924805
2013-03-13,39.537593841552734
2013-03-14,39.92514419555664
2013-03-15,40.005332946777344
2013-03-18,39.5643196105957
2013-03-19,39.44404983520508
2013-03-20,39.68458938598633
2013-03-21,39.32375717163086
2013-03-22,39.664546966552734
2013-03-25,39.17007827758789
2013-03-26,39.41730880737305
2013-03-27,39.22352981567383
2013-03-28,39.4106330871582
2013-04-01,38.88274765014648
2013-04-02,39.29704284667969
2013-04-03,39.10326385498047
2013-04-04,39.45071792602539
2013-04-05,39.27030563354492
2013-04-08,39.42399597167969
2013-04-09,39.5643196105957
2013-04-10,40.15233612060547
2013-04-11,40.466400146484375
2013-04-12,40.36616134643555
2013-04-15,39.57099533081055
2013-04-16,40.13228988647461
2013-04-17,39.29704284667969
2013-04-18,39.17676544189453
2013-04-19,39.490814208984375
2013-04-22,39.65786743164063
2013-04-23,40.21916198730469
2013-04-24,40.56661987304688
2013-04-25,40.78044128417969
2013-04-26,40.8138542175293
2013-04-29,41.33506393432617
2013-04-30,41.388519287109375
2013-05-01,41.14128112792969
2013-05-02,41.26823043823242
2013-05-03,41.79610824584961
2013-05-06,41.74265670776367
2013-05-07,41.80948257446289
2013-05-08,42.25049591064453
2013-05-09,41.84288787841797
2013-05-10,41.88965606689453
2013-05-13,41.86961364746094
2013-05-14,41.94979476928711
2013-05-15,42.13022232055664
2013-05-16,41.84288787841797
2013-05-17,42.13022232055664
2013-05-20,42.36408996582031
2013-05-21,42.450950622558594
2013-05-22,42.02331161499024
2013-05-23,41.42192840576172
2013-05-24,41.06109237670898
2013-05-28,41.16801452636719
2013-05-29,40.77376556396485
2013-05-30,40.93413162231445
2013-05-31,40.13896560668945
2013-06-03,40.29264831542969
2013-06-04,40.43965911865234
2013-06-05,39.537593841552734
2013-06-06,39.758087158203125
2013-06-07,40.29264831542969
2013-06-10,40.3327522277832
2013-06-11,39.83827209472656
2013-06-12,39.79150772094727
2013-06-13,40.39956283569336
2013-06-14,39.95855712890625
2013-06-17,40.5332145690918
2013-06-18,40.82054138183594
2013-06-19,40.05878829956055
2013-06-20,38.58874130249024
2013-06-21,38.71569442749024
2013-06-24,38.10763549804688
2013-06-25,38.59542465209961
2013-06-26,38.74911117553711
2013-06-27,39.139068603515625
2013-06-28,39.06406784057617
2013-07-01,39.432220458984375
2013-07-02,39.23451614379883
2013-07-03,39.24814987182617
2013-07-05,39.432220458984375
2013-07-08,39.67763900756836
2013-07-09,39.89581298828125
2013-07-10,40.01170349121094
2013-07-11,41.047950744628906
2013-07-12,40.7752685546875
2013-07-15,41.02750396728516
2013-07-16,41.0002326965332
2013-07-17,41.122955322265625
2013-07-18,41.39565658569336
2013-07-19,41.36155700683594
2013-07-22,41.59334945678711
2013-07-23,41.681976318359375
2013-07-24,41.62744522094727
2013-07-25,41.709259033203125
2013-07-26,41.45018768310547
2013-07-29,41.05477142333984
2013-07-30,41.047950744628906
2013-07-31,41.143402099609375
2013-08-01,41.70243835449219
2013-08-02,42.04330062866211
2013-08-05,41.954681396484375
2013-08-06,41.89332580566406
2013-08-07,41.709259033203125
2013-08-08,42.08420944213867
2013-08-09,42.1592025756836
2013-08-12,42.04330062866211
2013-08-13,42.31600189208984
2013-08-14,42.336456298828125
2013-08-15,41.98196029663086
2013-08-16,42.056941986083984
2013-08-19,41.756980895996094
2013-08-20,41.70243835449219
2013-08-21,41.21158218383789
2013-08-22,41.61381530761719
2013-08-23,41.97513961791992
2013-08-26,41.6683464050293
2013-08-27,40.95932769775391
2013-08-28,40.91161346435547
2013-08-29,40.84344482421875
2013-08-30,40.33894729614258
2013-09-03,41.11613464355469
2013-09-04,41.48427200317383
2013-09-05,41.45018768310547
2013-09-06,41.67516708374024
2013-09-09,42.24783706665039
2013-09-10,42.725059509277344
2013-09-11,42.87504577636719
2013-09-12,42.62960815429688
2013-09-13,42.83414077758789
2013-09-16,43.16818237304688
2013-09-17,43.195457458496094
2013-09-18,44.347618103027344
2013-09-19,44.13626480102539
2013-09-20,43.81584930419922
2013-09-23,43.80221557617188
2013-09-24,43.73403549194336
2013-09-25,43.781768798828125
2013-09-26,43.96582794189453
2013-09-27,43.80903244018555
2013-09-30,43.49542999267578
2013-10-01,43.72721862792969
2013-10-02,43.71359634399414
2013-10-03,43.4272575378418
2013-10-04,43.52951049804688
2013-10-07,43.07955551147461
2013-10-08,42.745513916015625
2013-10-09,42.92958068847656
2013-10-10,43.69994735717773
2013-10-11,43.9317512512207
2013-10-14,44.08173751831055
2013-10-15,43.870384216308594
2013-10-16,44.1976318359375
2013-10-17,44.783935546875
2013-10-18,45.0498161315918
2013-10-21,45.11798858642578
2013-10-22,45.56793975830078
2013-10-23,45.12480926513672
2013-10-24,45.43841552734375
2013-10-25,45.30887985229492
2013-10-28,45.233882904052734
2013-10-29,45.32932662963867
2013-10-30,45.16570663452149
2013-10-31,44.9134521484375
2013-11-01,44.6953010559082
2013-11-04,44.9134521484375
2013-11-05,44.52487564086914
2013-11-06,44.9134521484375
2013-11-07,44.20444488525391
2013-11-08,44.46350860595703
2013-11-11,44.5589485168457
2013-11-12,44.408973693847656
2013-11-13,44.55213928222656
2013-11-14,44.75666809082031
2013-11-15,45.11798858642578
2013-11-18,45.11798858642578
2013-11-19,45.0020866394043
2013-11-20,44.6884880065918
2013-11-21,44.967994689941406
2013-11-22,45.0975341796875
2013-11-25,44.961185455322266
2013-11-26,44.961185455322266
2013-11-27,45.07027816772461
2013-11-29,45.15889739990234
2013-12-02,44.824832916259766
2013-12-03,44.51123428344727
2013-12-04,44.27262115478516
2013-12-05,44.02037048339844
2013-12-06,44.56577682495117
2013-12-09,44.5180549621582
2013-12-10,44.443058013916016
2013-12-11,44.027191162109375
2013-12-12,43.70677947998047
2013-12-13,43.67949676513672
2013-12-16,43.993106842041016
2013-12-17,43.80221557617188
2013-12-18,44.49123764038086
2013-12-19,44.49123764038086
2013-12-20,44.74567794799805
2013-12-23,45.20640182495117
2013-12-24,45.29580307006836
2013-12-26,45.54335403442383
2013-12-27,45.77716064453125
2013-12-30,45.96969985961914
2013-12-31,46.1416130065918
2014-01-02,45.32330322265625
2014-01-03,45.37144088745117
2014-01-06,45.31644058227539
2014-01-07,45.57086944580078
2014-01-08,45.557106018066406
2014-01-09,45.522735595703125
2014-01-10,45.94219970703125
2014-01-13,45.54335403442383
2014-01-14,45.90781021118164
2014-01-15,46.10034942626953
2014-01-16,46.07971954345703
2014-01-17,45.94219970703125
2014-01-21,46.1622428894043
2014-01-22,46.1622428894043
2014-01-23,45.85280227661133
2014-01-24,44.59437942504883
2014-01-27,44.388092041015625
2014-01-28,44.773170471191406
2014-01-29,44.27119064331055
2014-01-30,44.49811935424805
2014-01-31,43.74170303344727
2014-02-03,42.84775161743164
2014-02-04,43.34286117553711
2014-02-05,43.4322509765625
2014-02-06,44.202430725097656
2014-02-07,44.780067443847656
2014-02-10,44.62878036499024
2014-02-11,45.33706283569336
2014-02-12,45.412696838378906
2014-02-13,45.55023956298828
2014-02-14,45.72214889526367
2014-02-18,46.114105224609375
2014-02-19,45.804664611816406
2014-02-20,45.96282577514648
2014-02-21,46.052223205566406
2014-02-24,46.4510612487793
2014-02-25,46.34103393554688
2014-02-26,46.18287658691406
2014-02-27,46.34103393554688
2014-02-28,46.42355346679688
2014-03-03,45.440208435058594
2014-03-04,46.34103393554688
2014-03-05,46.29977798461914
2014-03-06,46.7811393737793
2014-03-07,46.526702880859375
2014-03-10,46.23788833618164
2014-03-11,45.90093612670898
2014-03-12,45.72901153564453
2014-03-13,44.8763427734375
2014-03-14,44.780067443847656
2014-03-17,45.34393310546875
2014-03-18,45.62586975097656
2014-03-19,45.06888198852539
2014-03-20,44.8969612121582
2014-03-21,44.80756378173828
2014-03-24,44.92447280883789
2014-03-25,45.412696838378906
2014-03-26,45.40583038330078
2014-03-27,45.632755279541016
2014-03-28,45.97658157348633
2014-03-31,46.21037292480469
2014-04-01,46.50606918334961
2014-04-02,46.595462799072266
2014-04-03,46.46480941772461
2014-04-04,46.320404052734375
2014-04-07,46.10034942626953
2014-04-08,46.072853088378906
2014-04-09,46.66422653198242
2014-04-10,45.83905029296875
2014-04-11,45.5639762878418
2014-04-14,45.82529067993164
2014-04-15,45.632755279541016
2014-04-16,46.19663238525391
2014-04-17,46.43730926513672
2014-04-21,46.49918746948242
2014-04-22,46.69174957275391
2014-04-23,46.58171844482422
2014-04-24,46.57484817504883
2014-04-25,46.34790802001953
2014-04-28,46.49232482910156
2014-04-29,46.79488754272461
2014-04-30,46.98055267333984
2014-05-01,47.111209869384766
2014-05-02,47.03556442260742
2014-05-05,47.00117111206055
2014-05-06,46.91866683959961
2014-05-07,46.97368240356445
2014-05-08,46.98055267333984
2014-05-09,46.91178512573242
2014-05-12,47.22122573852539
2014-05-13,47.28999710083008
2014-05-14,47.20059967041016
2014-05-15,46.99430465698242
2014-05-16,47.09745788574219
2014-05-19,47.00117111206055
2014-05-20,46.70549774169922
2014-05-21,47.0699462890625
2014-05-22,47.1318359375
2014-05-23,47.25562286376953
2014-05-27,47.59257125854492
2014-05-28,47.43440246582031
2014-05-29,47.72321319580078
2014-05-30,47.7300910949707
2014-06-02,47.82637405395508
2014-06-03,47.70947265625
2014-06-04,47.69571685791016
2014-06-05,48.02577590942383
2014-06-06,48.28710174560547
2014-06-09,48.23896408081055
2014-06-10,48.13581848144531
2014-06-11,47.895137786865234
2014-06-12,47.90888595581055
2014-06-13,47.94327163696289
2014-06-16,47.95702362060547
2014-06-17,47.92264175415039
2014-06-18,48.33523178100586
2014-06-19,48.59653472900391
2014-06-20,48.51403427124024
2014-06-23,48.38336563110352
2014-06-24,48.08080291748047
2014-06-25,48.06388854980469
2014-06-26,48.09911346435547
2014-06-27,48.12730407714844
2014-06-30,48.169578552246094
2014-07-01,48.59230041503906
2014-07-02,48.66979217529297
2014-07-03,48.76842880249024
2014-07-07,48.38798141479492
2014-07-08,47.8807258605957
2014-07-09,48.03571319580078
2014-07-10,47.50730895996094
2014-07-11,47.53548431396485
2014-07-14,47.88775634765625
2014-07-15,47.76798248291016
2014-07-16,48.06388854980469
2014-07-17,47.4509391784668
2014-07-18,47.82434844970703
2014-07-21,47.64820861816406
2014-07-22,47.85958099365234
2014-07-23,47.95821762084961
2014-07-24,48.07093811035156
2014-07-25,47.87366485595703
2014-07-28,47.8807258605957
2014-07-29,47.782073974609375
2014-07-30,47.71162414550781
2014-07-31,46.915489196777344
2014-08-01,46.59138870239258
2014-08-04,46.80979537963867
2014-08-05,46.21094512939453
2014-08-06,46.09821319580078
2014-08-07,45.72481918334961
2014-08-08,45.99253463745117
2014-08-11,46.16866302490234
2014-08-12,46.133445739746094
2014-08-13,46.39411544799805
2014-08-14,46.640724182128906
2014-08-15,46.59138870239258
2014-08-18,46.89435577392578
2014-08-19,47.007080078125
2014-08-20,46.85911560058594
2014-08-21,47.05639266967773
2014-08-22,46.83094024658203
2014-08-25,47.13389587402344
2014-08-26,47.14094543457031
2014-08-27,47.23252868652344
2014-08-28,47.02116775512695
2014-08-29,47.00003433227539
2014-09-02,47.09162521362305
2014-09-03,47.42275238037109
2014-09-04,47.197303771972656
2014-09-05,47.204349517822266
2014-09-08,46.70412826538086
2014-09-09,46.57025909423828
2014-09-10,46.837989807128906
2014-09-11,46.57731246948242
2014-09-12,46.51389694213867
2014-09-15,46.41525650024414
2014-09-16,46.61254119873047
2014-09-17,46.28140258789063
2014-09-18,46.640724182128906
2014-09-19,46.47866439819336
2014-09-22,46.27436065673828
2014-09-23,45.8868522644043
2014-09-24,46.11934661865234
2014-09-25,45.4429931640625
2014-09-26,45.63321685791016
2014-09-29,45.210487365722656
2014-09-30,45.1752815246582
2014-10-01,44.63980865478516
2014-10-02,44.16071319580078
2014-10-03,44.16071319580078
2014-10-06,44.44254302978516
2014-10-07,43.68867874145508
2014-10-08,44.37913131713867
2014-10-09,43.188453674316406
2014-10-10,42.54027938842773
2014-10-13,42.4839096069336
2014-10-14,42.589599609375
2014-10-15,42.33596420288086
2014-10-16,41.94142150878906
2014-10-17,42.72345733642578
2014-10-20,42.99118423461914
2014-10-21,43.5055046081543
2014-10-22,43.188453674316406
2014-10-23,43.6041374206543
2014-10-24,43.84368133544922
2014-10-27,43.59709167480469
2014-10-28,44.25936508178711
2014-10-29,43.921180725097656
2014-10-30,44.23822784423828
2014-10-31,45.05549621582031
2014-11-03,44.6679916381836
2014-11-04,44.414363861083984
2014-11-05,44.4989013671875
2014-11-06,44.25936508178711
2014-11-07,44.280494689941406
2014-11-10,44.47776794433594
2014-11-11,44.74549865722656
2014-11-12,44.36503601074219
2014-11-13,44.57640075683594
2014-11-14,44.63980865478516
2014-11-17,44.463680267333984
2014-11-18,44.9498176574707
2014-11-19,44.815956115722656
2014-11-20,44.54822540283203
2014-11-21,44.93572235107422
2014-11-24,45.19639587402344
2014-11-25,45.27389907836914
2014-11-26,45.45003509521485
2014-11-28,45.083683013916016
2014-12-01,45.04140090942383
2014-12-02,45.16823196411133
2014-12-03,45.11185836791992
2014-12-04,44.96390914916992
2014-12-05,45.06253433227539
2014-12-08,44.6679916381836
2014-12-09,44.428443908691406
2014-12-10,43.86482238769531
2014-12-11,43.80845260620117
2014-12-12,42.9630012512207
2014-12-15,42.25141143798828
2014-12-16,42.55436706542969
2014-12-17,43.06303787231445
2014-12-18,43.83139801025391
2014-12-19,43.89542770385742
2014-12-22,44.108848571777344
2014-12-23,43.96657180786133
2014-12-24,44.165771484375
2014-12-26,44.27959442138672
2014-12-29,43.959449768066406
2014-12-30,43.553932189941406
2014-12-31,43.28357696533203
2015-01-02,43.09861373901367
2015-01-05,42.08126449584961
2015-01-06,41.6046028137207
2015-01-07,42.06704330444336
2015-01-08,42.63618850708008
2015-01-09,42.42986297607422
2015-01-12,42.33027267456055
2015-01-13,42.543701171875
2015-01-14,42.42275238037109
2015-01-15,42.69309997558594
2015-01-16,43.24801635742188
2015-01-20,43.39741516113281
2015-01-21,43.73891830444336
2015-01-22,43.90253829956055
2015-01-23,43.65353775024414
2015-01-26,44.25114059448242
2015-01-27,44.3151741027832
2015-01-28,43.65353775024414
2015-01-29,44.25114059448242
2015-01-30,43.553932189941406
2015-02-02,44.08039855957031
2015-02-03,44.78471374511719
2015-02-04,44.41476440429688
2015-02-05,45.0265998840332
2015-02-06,44.46456527709961
2015-02-09,44.25114059448242
2015-02-10,44.656646728515625
2015-02-11,44.41476440429688
2015-02-12,45.10486602783203
2015-02-13,45.40365982055664
2015-02-17,45.510372161865234
2015-02-18,45.78071594238281
2015-02-19,45.83763885498047
2015-02-20,46.26449203491211
2015-02-23,46.10086441040039
2015-02-24,46.38543701171875
2015-02-25,46.42100143432617
2015-02-26,46.2929573059082
2015-02-27,46.31429290771485
2015-03-02,46.38543701171875
2015-03-03,46.10086441040039
2015-03-04,45.91588973999024
2015-03-05,46.02261352539063
2015-03-06,45.39654541015625
2015-03-09,45.46768569946289
2015-03-10,44.478797912597656
2015-03-11,44.59262847900391
2015-03-12,45.14754104614258
2015-03-13,44.884315490722656
2015-03-16,45.389434814453125
2015-03-17,45.275611877441406
2015-03-18,46.2431526184082
2015-03-19,45.70246505737305
2015-03-20,46.71269607543945
2015-03-23,46.94746398925781
2015-03-24,46.84786605834961
2015-03-25,46.62732696533203
2015-03-26,46.22180938720703
2015-03-27,46.34275817871094
2015-03-30,46.3712043762207
2015-03-31,45.65266418457031
2015-04-01,45.97990798950195
2015-04-02,46.378326416015625
2015-04-06,46.84786605834961
2015-04-07,46.78385162353516
2015-04-08,46.98303985595703
2015-04-09,47.04706954956055
2015-04-10,47.13955307006836
2015-04-13,46.84074783325195
2015-04-14,47.189361572265625
2015-04-15,47.40278244018555
2015-04-16,47.53084564208984
2015-04-17,46.93324279785156
2015-04-20,46.98303985595703
2015-04-21,47.40278244018555
2015-04-22,47.49527359008789
2015-04-23,47.673126220703125
2015-04-24,47.95059585571289
2015-04-27,48.18537521362305
2015-04-28,48.242279052734375
2015-04-29,47.82252883911133
2015-04-30,47.317413330078125
2015-05-01,47.843875885009766
2015-05-04,47.79407501220703
2015-05-05,47.0826530456543
2015-05-06,47.20358657836914
2015-05-07,47.04706954956055
2015-05-08,48.13555908203125
2015-05-11,47.71581268310547
2015-05-12,47.68735885620117
2015-05-13,48.043067932128906
2015-05-14,48.61933898925781
2015-05-15,48.67625045776367
2015-05-18,48.51262283325195
2015-05-19,48.32765579223633
2015-05-20,48.420143127441406
2015-05-21,48.67625045776367
2015-05-22,48.36323165893555
2015-05-26,47.49527359008789
2015-05-27,47.957706451416016
2015-05-28,47.87232971191406
2015-05-29,47.4099006652832
2015-06-01,47.281837463378906
2015-06-02,47.50239181518555
2015-06-03,47.7656135559082
2015-06-04,47.25339126586914
2015-06-05,46.691349029541016
2015-06-08,46.62732696533203
2015-06-09,46.3712043762207
2015-06-10,47.34587478637695
2015-06-11,47.47393035888672
2015-06-12,47.096866607666016
2015-06-15,46.812313079833984
2015-06-16,46.798072814941406
2015-06-17,46.691349029541016
2015-06-18,47.11110305786133
2015-06-19,46.99726867675781
2015-06-22,47.88656234741211
2015-06-23,48.01462936401367
2015-06-24,47.60198974609375
2015-06-25,47.58100509643555
2015-06-26,47.55930709838867
2015-06-29,46.09794616699219
2015-06-30,45.93156433105469
2015-07-01,46.22816467285156
2015-07-02,46.28603363037109
2015-07-06,45.35277938842773
2015-07-07,45.36726379394531
2015-07-08,44.311031341552734
2015-07-09,45.04171371459961
2015-07-10,46.51754379272461
2015-07-13,46.691165924072266
2015-07-14,47.081825256347656
2015-07-15,46.90819549560547
2015-07-16,47.31333160400391
2015-07-17,47.23374938964844
2015-07-20,47.35673904418945
2015-07-21,47.21928024291992
2015-07-22,46.85755920410156
2015-07-23,46.73456954956055
2015-07-24,46.22093200683594
2015-07-27,45.88090133666992
2015-07-28,46.45966339111328
2015-07-29,46.62605667114258
2015-07-30,46.589881896972656
2015-07-31,46.86479568481445
2015-08-03,46.74181365966797
2015-08-04,46.77798461914063
2015-08-05,47.0239486694336
2015-08-06,46.82862091064453
2015-08-07,46.74181365966797
2015-08-10,47.31333160400391
2015-08-11,46.589881896972656
2015-08-12,46.25709915161133
2015-08-13,46.22816467285156
2015-08-14,46.300514221191406
2015-08-17,46.21370315551758
2015-08-18,45.8664436340332
2015-08-19,45.461307525634766
2015-08-20,44.36167526245117
2015-08-21,43.348854064941406
2015-08-24,41.85131454467773
2015-08-25,42.24920654296875
2015-08-26,43.24756622314453
2015-08-27,43.77568435668945
2015-08-28,43.710567474365234
2015-08-31,43.38502883911133
2015-09-01,41.93090057373047
2015-09-02,42.55305099487305
2015-09-03,42.65435028076172
2015-09-04,41.67768478393555
2015-09-08,42.90031814575195
2015-09-09,42.726688385009766
2015-09-10,43.00883102416992
2015-09-11,43.00160217285156
2015-09-14,42.67604446411133
2015-09-15,42.965423583984375
2015-09-16,43.62376022338867
2015-09-17,43.64546585083008
2015-09-18,42.55305099487305
2015-09-21,42.53136444091797
2015-09-22,41.518531799316406
2015-09-23,41.32319641113281
2015-09-24,41.20745086669922
2015-09-25,41.56917190551758
2015-09-28,40.75168228149414
2015-09-29,40.69380187988281
2015-09-30,41.467891693115234
2015-10-01,41.59810256958008
2015-10-02,42.307090759277344
2015-10-05,43.146278381347656
2015-10-06,43.196922302246094
2015-10-07,43.739505767822266
2015-10-08,44.08676528930664
2015-10-09,44.16633987426758
2015-10-12,44.07952499389648
2015-10-13,43.52248764038086
2015-10-14,43.60928726196289
2015-10-15,44.35443878173828
2015-10-16,44.31826400756836
2015-10-19,44.16633987426758
2015-10-20,43.98548126220703
2015-10-21,43.963775634765625
2015-10-22,44.45572662353516
2015-10-23,44.89702606201172
2015-10-26,44.73063659667969
2015-10-27,44.339969635009766
2015-10-28,44.62934875488281
2015-10-29,44.30379486083984
2015-10-30,44.20975112915039
2015-11-02,44.62934875488281
2015-11-03,44.6148796081543
2015-11-04,44.36891555786133
2015-11-05,44.28932571411133
2015-11-06,44.08676528930664
2015-11-09,43.6309928894043
2015-11-10,43.60205841064453
2015-11-11,43.82632446289063
2015-11-12,43.25480270385742
2015-11-13,42.89308166503906
2015-11-16,43.435665130615234
2015-11-17,43.551414489746094
2015-11-18,43.949310302734375
2015-11-19,44.17357635498047
2015-11-20,44.0722885131836
2015-11-23,43.7973861694336
2015-11-24,43.80461502075195
2015-11-25,43.90590286254883
2015-11-27,43.91313552856445
2015-11-30,43.8769645690918
2015-12-01,44.339969635009766
2015-12-02,43.869728088378906
2015-12-03,43.65993118286133
2015-12-04,44.0144157409668
2015-12-07,43.73227691650391
2015-12-08,43.088409423828125
2015-12-09,42.89308166503906
2015-12-10,42.90031814575195
2015-12-11,42.08281707763672
2015-12-14,42.147926330566406
2015-12-15,42.35773086547852
2015-12-16,43.21139907836914
2015-12-17,42.66157531738281
2015-12-18,42.21303176879883
2015-12-21,42.40863037109375
2015-12-22,42.729736328125
2015-12-23,43.4449462890625
2015-12-24,43.3719596862793
2015-12-28,43.269798278808594
2015-12-29,43.70037460327149
2015-12-30,43.437644958496094
2015-12-31,42.85380935668945
2016-01-04,42.19699478149414
2016-01-05,42.13129806518555
2016-01-06,41.43799209594727
2016-01-07,40.57682800292969
2016-01-08,40.087867736816406
2016-01-11,40.25571823120117
2016-01-12,40.445457458496094
2016-01-13,39.81783676147461
2016-01-14,40.32869720458984
2016-01-15,38.86909866333008
2016-01-19,39.22669982910156
2016-01-20,38.33634948730469
2016-01-21,38.62096786499024
2016-01-22,39.75945663452149
2016-01-25,39.22669982910156
2016-01-26,39.92730331420898
2016-01-27,39.67189025878906
2016-01-28,39.78864288330078
2016-01-29,40.48926162719727
2016-02-01,40.445457458496094
2016-02-02,39.50402069091797
2016-02-03,39.83243560791016
2016-02-04,39.883522033691406
2016-02-05,39.27049255371094
2016-02-08,38.54070281982422
2016-02-09,38.09551239013672
2016-02-10,38.05172348022461
2016-02-11,37.49707794189453
2016-02-12,38.153900146484375
2016-02-16,38.92748260498047
2016-02-17,39.598899841308594
2016-02-18,39.39455032348633
2016-02-19,39.35076522827149
2016-02-22,39.79594802856445
2016-02-23,39.146427154541016
2016-02-24,39.00777053833008
2016-02-25,39.47483444213867
2016-02-26,39.37266540527344
2016-02-29,39.13913345336914
2016-03-01,40.16084671020508
2016-03-02,40.438175201416016
2016-03-03,40.8322639465332
2016-03-04,41.13148498535156
2016-03-07,41.08038711547852
2016-03-08,40.67900848388672
2016-03-09,40.8322639465332
2016-03-10,40.76658630371094
2016-03-11,41.83209228515625
2016-03-14,41.74451446533203
2016-03-15,41.35042190551758
2016-03-16,41.71531295776367
2016-03-17,42.03642654418945
2016-03-18,41.96344375610352
2016-03-21,41.89776611328125
2016-03-22,41.82479476928711
2016-03-23,41.40149688720703
2016-03-24,41.12417602539063
2016-03-28,41.372318267822266
2016-03-29,41.81747817993164
2016-03-30,42.13129806518555
2016-03-31,41.71531295776367
2016-04-01,41.2701530456543
2016-04-04,41.182559967041016
2016-04-05,40.37248611450195
2016-04-06,41.02930068969727
2016-04-07,40.43087005615234
2016-04-08,41.2044563293457
2016-04-11,41.22635269165039
2016-04-12,41.839385986328125
2016-04-13,42.50350570678711
2016-04-14,42.64215850830078
2016-04-15,42.54728698730469
2016-04-18,42.91218948364258
2016-04-19,43.65658187866211
2016-04-20,43.69308090209961
2016-04-21,43.43034744262695
2016-04-22,43.45223617553711
2016-04-25,43.23329544067383
2016-04-26,43.38655471801758
2016-04-27,43.41575241088867
2016-04-28,42.82461166381836
2016-04-29,42.64215850830078
2016-05-02,43.043548583984375
2016-05-03,42.33565139770508
2016-05-04,41.84668731689453
2016-05-05,41.75910186767578
2016-05-06,41.87587356567383
2016-05-09,41.78829956054688
2016-05-10,42.38673782348633
2016-05-11,42.02183532714844
2016-05-12,42.00724411010742
2016-05-13,41.576656341552734
2016-05-16,42.07292175292969
2016-05-17,41.76639938354492
2016-05-18,41.78099822998047
2016-05-19,41.48178482055664
2016-05-20,41.82479476928711
2016-05-23,41.686126708984375
2016-05-24,42.29186248779297
2016-05-25,42.73704147338867
2016-05-26,42.85380935668945
2016-05-27,42.810020446777344
2016-05-31,42.60567092895508
2016-06-01,42.569183349609375
2016-06-02,42.569183349609375
2016-06-03,42.84650039672852
2016-06-06,43.08733749389648
2016-06-07,43.401161193847656
2016-06-08,43.48872756958008
2016-06-09,42.95598220825195
2016-06-10,41.7080192565918
2016-06-13,41.10227966308594
2016-06-14,40.445457458496094
2016-06-15,40.71549224853516
2016-06-16,40.803070068359375
2016-06-17,41.2044563293457
2016-06-20,42.22618103027344
2016-06-21,42.569183349609375
2016-06-22,42.543113708496094
2016-06-23,43.71990585327149
2016-06-24,39.96609878540039
2016-06-27,39.198951721191406
2016-06-28,40.22677993774414
2016-06-29,40.96412658691406
2016-06-30,41.57487487792969
2016-07-01,41.57487487792969
2016-07-05,40.77048873901367
2016-07-06,40.69600296020508
2016-07-07,40.53214263916016
2016-07-08,41.150333404541016
2016-07-11,41.75362014770508
2016-07-12,42.31967926025391
2016-07-13,42.27498626708984
2016-07-14,42.63993453979492
2016-07-15,42.423946380615234
2016-07-18,42.52822113037109
2016-07-19,42.19305419921875
2016-07-20,42.57290267944336
2016-07-21,42.401611328125
2016-07-22,42.48353576660156
2016-07-25,42.431396484375
2016-07-26,42.61014938354492
2016-07-27,42.76654815673828
2016-07-28,42.72187042236328
2016-07-29,43.22833251953125
2016-08-01,42.945308685302734
2016-08-02,42.72931289672852
2016-08-03,42.58034896850586
2016-08-04,42.826133728027344
2016-08-05,43.0197868347168
2016-08-08,43.10916519165039
2016-08-09,43.45177459716797
2016-08-10,43.60072708129883
2016-08-11,43.91354751586914
2016-08-12,43.80182647705078
2016-08-15,43.97312927246094
2016-08-16,43.90610885620117
2016-08-17,43.89121627807617
2016-08-18,44.11464691162109
2016-08-19,43.78693389892578
2016-08-22,43.83161926269531
2016-08-23,44.017826080322266
2016-08-24,43.91354751586914
2016-08-25,43.73479843139648
2016-08-26,43.47412109375
2016-08-29,43.608177185058594
2016-08-30,43.54860305786133
2016-08-31,43.45921325683594
2016-09-01,43.75714492797852
2016-09-02,44.26360321044922
2016-09-06,44.56153106689453
2016-09-07,44.58386993408203
2016-09-08,44.45724868774414
2016-09-09,43.59328842163086
2016-09-12,43.95079040527344
2016-09-13,43.06448745727539
2016-09-14,43.0048942565918
2016-09-15,43.37730026245117
2016-09-16,42.81868743896485
2016-09-19,43.042137145996094
2016-09-20,43.30281066894531
2016-09-21,44.06250762939453
2016-09-22,44.50939178466797
2016-09-23,44.13698959350586
2016-09-26,43.72734451293945
2016-09-27,43.93589782714844
2016-09-28,44.24871826171875
2016-09-29,43.69756317138672
2016-09-30,44.0401611328125
2016-10-03,43.92100143432617
2016-10-04,43.91354751586914
2016-10-05,44.0923080444336
2016-10-06,43.85396957397461
2016-10-07,43.63052749633789
2016-10-10,43.75714492797852
2016-10-11,43.138954162597656
2016-10-12,43.042137145996094
2016-10-13,42.87828063964844
2016-10-14,42.9527473449707
2016-10-17,42.826133728027344
2016-10-18,43.250675201416016
2016-10-19,43.36983489990234
2016-10-20,43.43687438964844
2016-10-21,43.34005355834961
2016-10-24,43.332611083984375
2016-10-25,43.30281066894531
2016-10-26,43.10916519165039
2016-10-27,43.05702209472656
2016-10-28,43.042137145996094
2016-10-31,43.06448745727539
2016-11-01,42.87828063964844
2016-11-02,42.58780288696289
2016-11-03,42.543113708496094
2016-11-04,42.13347244262695
2016-11-07,42.71441650390625
2016-11-08,42.83358383178711
2016-11-09,42.87083435058594
2016-11-10,42.75166702270508
2016-11-11,42.49098205566406
2016-11-14,42.26009368896485
2016-11-15,42.44629669189453
2016-11-16,41.99940872192383
2016-11-17,42.31967926025391
2016-11-18,41.85790252685547
2016-11-21,42.21540069580078
2016-11-22,42.31967926025391
2016-11-23,42.170711517333984
2016-11-25,42.29732894897461
2016-11-28,42.07388687133789
2016-11-29,42.342018127441406
2016-11-30,42.29732894897461
2016-12-01,42.13347244262695
2016-12-02,42.23773956298828
2016-12-05,42.65483093261719
2016-12-06,42.945308685302734
2016-12-07,43.585845947265625
2016-12-08,43.54860305786133
2016-12-09,43.73479843139648
2016-12-12,43.54114532470703
2016-12-13,44.01038360595703
2016-12-14,43.362396240234375
2016-12-15,43.26557159423828
2016-12-16,43.29536819458008
2016-12-19,43.22833251953125
2016-12-20,43.37730026245117
2016-12-21,43.38933563232422
2016-12-22,43.29151153564453
2016-12-23,43.404388427734375
2016-12-27,43.351707458496094
2016-12-28,43.186161041259766
2016-12-29,43.29151153564453
2016-12-30,43.4420051574707
2017-01-03,43.7129135131836
2017-01-04,44.209564208984375
2017-01-05,44.585819244384766
2017-01-06,44.4353141784668
2017-01-09,44.36758804321289
2017-01-10,44.37511444091797
2017-01-11,44.60839080810547
2017-01-12,44.67610549926758
2017-01-13,44.8416633605957
2017-01-17,44.67610549926758
2017-01-18,44.54819107055664
2017-01-19,44.4353141784668
2017-01-20,44.691165924072266
2017-01-23,44.80403518676758
2017-01-24,44.91690444946289
2017-01-25,45.38346862792969
2017-01-26,45.2028694152832
2017-01-27,45.12760925292969
2017-01-30,44.80403518676758
2017-01-31,44.87177276611328
2017-02-01,45.052371978759766
2017-02-02,45.0749397277832
2017-02-03,45.25553131103516
2017-02-06,44.93195724487305
2017-02-07,44.886817932128906
2017-02-08,44.96206283569336
2017-02-09,45.15018081665039
2017-02-10,45.25553131103516
2017-02-13,45.43614959716797
2017-02-14,45.3684196472168
2017-02-15,45.54148864746094
2017-02-16,45.64684295654297
2017-02-17,45.52643966674805
2017-02-21,45.67693328857422
2017-02-22,45.67693328857422
2017-02-23,45.77476119995117
2017-02-24,45.44366836547852
2017-02-27,45.4737663269043
2017-02-28,45.406044006347656
2017-03-01,45.880126953125
2017-03-02,45.57912063598633
2017-03-03,45.85002517700195
2017-03-06,45.7070426940918
2017-03-07,45.54900741577149
2017-03-08,45.38346862792969
2017-03-09,45.55654525756836
2017-03-10,45.9403190612793
2017-03-13,46.18111801147461
2017-03-14,45.82743835449219
2017-03-15,46.482120513916016
2017-03-16,46.70786285400391
2017-03-17,46.82827377319336
2017-03-20,46.73044204711914
2017-03-21,46.51974487304688
2017-03-22,46.52727508544922
2017-03-23,46.63263320922852
2017-03-24,46.76055908203125
2017-03-27,46.880950927734375
2017-03-28,47.1067008972168
2017-03-29,47.1067008972168
2017-03-30,46.94115829467773
2017-03-31,46.8734245300293
2017-04-03,46.805694580078125
2017-04-04,46.790645599365234
2017-04-05,46.54231643676758
2017-04-06,46.54985046386719
2017-04-07,46.51974487304688
2017-04-10,46.46706771850586
2017-04-11,46.685302734375
2017-04-12,46.64767074584961
2017-04-13,46.34667205810547
2017-04-17,46.63263320922852
2017-04-18,46.42192077636719
2017-04-19,46.23379898071289
2017-04-20,46.60251998901367
2017-04-21,46.63263320922852
2017-04-24,47.81405258178711
2017-04-25,48.152679443359375
2017-04-26,48.0172233581543
2017-04-27,48.0623779296875
2017-04-28,48.00969696044922
2017-05-01,48.20534896850586
2017-05-02,48.45367813110352
2017-05-03,48.35585784912109
2017-05-04,48.81489181518555
2017-05-05,49.356689453125
2017-05-08,48.98795700073242
2017-05-09,48.8675537109375
2017-05-10,48.94281005859375
2017-05-11,48.82240295410156
2017-05-12,49.09330749511719
2017-05-15,49.34162902832031
2017-05-16,49.657691955566406
2017-05-17,49.09330749511719
2017-05-18,49.17607879638672
2017-05-19,49.74798583984375
2017-05-22,49.80818939208984
2017-05-23,49.81570816040039
2017-05-24,49.8458137512207
2017-05-25,49.8458137512207
2017-05-26,49.70284271240234
2017-05-30,49.6501579284668
2017-05-31,49.71035385131836
2017-06-01,50.033935546875
2017-06-02,50.58325958251953
2017-06-05,50.30484390258789
2017-06-06,50.161865234375
2017-06-07,50.17691802978516
2017-06-08,50.086612701416016
2017-06-09,49.89849090576172
2017-06-12,49.71035385131836
2017-06-13,50.09413528442383
2017-06-14,50.05651092529297
2017-06-15,49.53728866577149
2017-06-16,49.958683013916016
2017-06-19,50.161865234375
2017-06-20,49.75810623168945
2017-06-21,49.69692611694336
2017-06-22,49.68928527832031
2017-06-23,49.81163787841797
2017-06-26,49.89574432373047
2017-06-27,49.88810729980469
2017-06-28,50.323974609375
2017-06-29,49.826927185058594
2017-06-30,49.85751724243164
2017-07-03,49.79634094238281
2017-07-05,49.79634094238281
2017-07-06,49.574588775634766
2017-07-07,49.58222579956055
2017-07-10,49.70457458496094
2017-07-11,49.81928253173828
2017-07-12,50.2169189453125
2017-07-13,50.36220932006836
2017-07-14,50.71396255493164
2017-07-17,50.614559173583984
2017-07-18,50.660438537597656
2017-07-19,50.8821907043457
2017-07-20,51.08865737915039
2017-07-21,50.88984298706055
2017-07-24,50.7522087097168
2017-07-25,50.821022033691406
2017-07-26,51.13454818725586
2017-07-27,51.01984786987305
2017-07-28,51.073368072509766
2017-07-31,51.18041610717773
2017-08-01,51.46335983276367
2017-08-02,51.48629379272461
2017-08-03,51.516883850097656
2017-08-04,51.58570861816406
2017-08-07,51.60863876342773
2017-08-08,51.3333625793457
2017-08-09,51.24924850463867
2017-08-10,50.52278900146485
2017-08-11,50.4310302734375
2017-08-14,50.79808807373047
2017-08-15,50.75984573364258
2017-08-16,51.05043029785156
2017-08-17,50.47691345214844
2017-08-18,50.614559173583984
2017-08-21,50.599266052246094
2017-08-22,50.84395599365234
2017-08-23,50.85160446166992
2017-08-24,50.73690414428711
2017-08-25,51.04277801513672
2017-08-28,51.04277801513672
2017-08-29,50.83631896972656
2017-08-30,50.76750183105469
2017-08-31,51.15748977661133
2017-09-01,51.22631454467773
2017-09-05,50.8821907043457
2017-09-06,51.195709228515625
2017-09-07,51.61629104614258
2017-09-08,51.62393951416016
2017-09-11,52.02922439575195
2017-09-12,52.18981552124024
2017-09-13,51.9068717956543
2017-09-14,51.99864196777344
2017-09-15,52.04451370239258
2017-09-18,52.11334609985352
2017-09-19,52.35803985595703
2017-09-20,52.24333572387695
2017-09-21,52.13628387451172
2017-09-22,52.29686737060547
2017-09-25,51.99864196777344
2017-09-26,51.88393783569336
2017-09-27,51.92216491699219
2017-09-28,52.05981063842773
2017-09-29,52.36569595336914
2017-10-02,52.319801330566406
2017-10-03,52.495697021484375
2017-10-04,52.396270751953125
2017-10-05,52.36569595336914
2017-10-06,52.32745361328125
2017-10-09,52.34274291992188
2017-10-10,52.83978271484375
2017-10-11,52.96978378295898
2017-10-12,52.92389297485352
2017-10-13,53.199195861816406
2017-10-16,53.16096115112305
2017-10-17,53.023319244384766
2017-10-18,53.17625045776367
2017-10-19,53.092132568359375
2017-10-20,53.023319244384766
2017-10-23,52.90861892700195
2017-10-24,52.99273300170898
2017-10-25,52.786258697509766
2017-10-26,52.77861022949219
2017-10-27,52.90097427368164
2017-10-30,53.023319244384766
2017-10-31,53.24508666992188
2017-11-01,53.298606872558594
2017-11-02,53.45918655395508
2017-11-03,53.37507247924805
2017-11-06,53.4515380859375
2017-11-07,53.25271987915039
2017-11-08,53.42859649658203
2017-11-09,53.12272644042969
2017-11-10,52.97743606567383
2017-11-13,52.755672454833984
2017-11-14,52.71744537353516
2017-11-15,52.46510314941406
2017-11-16,52.885684967041016
2017-11-17,52.69450759887695
2017-11-20,52.8092041015625
2017-11-21,53.20684051513672
2017-11-22,53.35213470458984
2017-11-24,53.78799819946289
2017-11-27,53.466827392578125
2017-11-28,53.77271270751953
2017-11-29,53.55860137939453
2017-11-30,53.61212921142578
2017-12-01,53.39801406860352
2017-12-04,53.20684051513672
2017-12-05,53.092132568359375
2017-12-06,52.98508071899414
2017-12-07,53.12272644042969
2017-12-08,53.40564727783203
2017-12-11,53.54329681396485
2017-12-12,53.61212921142578
2017-12-13,53.81858825683594
2017-12-14,53.52035903930664
2017-12-15,53.505069732666016
2017-12-18,54.1397590637207
2017-12-19,53.9411506652832
2017-12-20,53.84841537475586
2017-12-21,54.0416145324707
2017-12-22,54.18071365356445
2017-12-26,54.16524505615234
2017-12-27,54.26572799682617
2017-12-28,54.296634674072266
2017-12-29,54.33527755737305
2018-01-02,54.73713302612305
2018-01-03,54.9998779296875
2018-01-04,55.602664947509766
2018-01-05,55.91177749633789
2018-01-08,55.89632797241211
2018-01-09,55.958152770996094
2018-01-10,55.84994888305664
2018-01-11,56.2363510131836
2018-01-12,56.80050659179688
2018-01-16,56.74639892578125
2018-01-17,57.04005432128906
2018-01-18,56.97051239013672
2018-01-19,57.28734970092773
2018-01-22,57.58102416992188
2018-01-23,57.76649475097656
2018-01-24,57.86695098876953
2018-01-25,57.64284896850586
2018-01-26,58.15289306640625
2018-01-29,57.619659423828125
2018-01-30,57.14052200317383
2018-01-31,57.06324768066406
2018-02-01,57.22553253173828
2018-02-02,56.06633758544922
2018-02-05,53.71704864501953
2018-02-06,54.77576446533203
2018-02-07,54.19617462158203
2018-02-08,52.78195190429688
2018-02-09,53.00607299804688
2018-02-12,53.817501068115234
2018-02-13,53.65521240234375
2018-02-14,54.60575485229492
2018-02-15,54.94578170776367
2018-02-16,55.19308471679688
2018-02-20,54.67531204223633
2018-02-21,54.41256332397461
2018-02-22,54.698486328125
2018-02-23,55.13125228881836
2018-02-26,55.6490364074707
2018-02-27,54.82213973999024
2018-02-28,54.30435943603516
2018-03-01,53.39246368408203
2018-03-02,53.647491455078125
2018-03-05,53.93341827392578
2018-03-06,54.25027084350586
2018-03-07,54.23482131958008
2018-03-08,54.35073852539063
2018-03-09,54.698486328125
2018-03-12,54.76031112670898
2018-03-13,54.3971061706543
2018-03-14,54.528465270996094
2018-03-15,54.49756240844727
2018-03-16,54.45893096923828
2018-03-19,54.01842498779297
2018-03-20,54.010704040527344
2018-03-21,54.09571075439453
2018-03-22,53.091064453125
2018-03-23,52.50375747680664
2018-03-26,53.44656753540039
2018-03-27,53.05245208740234
2018-03-28,53.36155700683594
2018-03-29,53.84841537475586
2018-04-02,53.10652923583984
2018-04-03,53.44656753540039
2018-04-04,53.63202667236328
2018-04-05,53.98751831054688
2018-04-06,53.63202667236328
2018-04-09,54.07251739501953
2018-04-10,54.65211868286133
2018-04-11,54.4434700012207
2018-04-12,54.65211868286133
2018-04-13,54.70621490478516
2018-04-16,54.79122161865234
2018-04-17,55.03851318359375
2018-04-18,55.32444381713867
2018-04-19,55.11580657958984
2018-04-20,54.90714263916016
2018-04-23,54.837589263916016
2018-04-24,54.61347961425781
2018-04-25,54.52074432373047
2018-04-26,54.79122161865234
2018-04-27,54.84531784057617
2018-04-30,54.667572021484375
2018-05-01,54.47438049316406
2018-05-02,54.45119857788086
2018-05-03,54.62120819091797
2018-05-04,54.81441116333008
2018-05-07,54.82213973999024
2018-05-08,54.82986831665039
2018-05-09,54.96124649047852
2018-05-10,55.31672286987305
2018-05-11,55.46356201171875
2018-05-14,55.56401824951172
2018-05-15,55.16217041015625
2018-05-16,55.239444732666016
2018-05-17,55.32444381713867
2018-05-18,55.12353515625
2018-05-21,55.471290588378906
2018-05-22,55.401737213134766
2018-05-23,54.79122161865234
2018-05-24,54.62120819091797
2018-05-25,54.26572799682617
2018-05-29,53.16062927246094
2018-05-30,53.972049713134766
2018-05-31,53.63202667236328
2018-06-01,54.09571075439453
2018-06-04,54.25799179077149
2018-06-05,54.1729850769043
2018-06-06,54.65985107421875
2018-06-07,54.35073852539063
2018-06-08,54.41256332397461
2018-06-11,54.76031112670898
2018-06-12,54.41256332397461
2018-06-13,54.489845275878906
2018-06-14,54.37392044067383
2018-06-15,54.09571075439453
2018-06-18,53.70931625366211
2018-06-19,53.21592330932617
2018-06-20,53.25532913208008
2018-06-21,52.87703323364258
2018-06-22,53.43661117553711
2018-06-25,52.69574737548828
2018-06-26,52.790321350097656
2018-06-27,52.293792724609375
2018-06-28,52.490821838378906
2018-06-29,52.782447814941406
2018-07-02,52.30168151855469
2018-07-03,52.45930099487305
2018-07-05,52.979488372802734
2018-07-06,53.263221740722656
2018-07-09,53.77552032470703
2018-07-10,53.75185775756836
2018-07-11,52.8533821105957
2018-07-12,53.263221740722656
2018-07-13,53.4287338256836
2018-07-16,53.40508270263672
2018-07-17,53.49966430664063
2018-07-18,53.50754165649414
2018-07-19,53.39720153808594
2018-07-20,53.6494140625
2018-07-23,53.6494140625
2018-07-24,53.96467208862305
2018-07-25,54.36663055419922
2018-07-26,54.1223030090332
2018-07-27,54.22476577758789
2018-07-30,54.21688079833984
2018-07-31,54.28781509399414
2018-08-01,54.01195526123047
2018-08-02,53.65729904174805
2018-08-03,53.68881988525391
2018-08-06,53.46025848388672
2018-08-07,53.87797546386719
2018-08-08,53.830684661865234
2018-08-09,53.67305374145508
2018-08-10,52.60117721557617
2018-08-13,52.41201019287109
2018-08-14,52.40413665771485
2018-08-15,51.64751052856445
2018-08-16,52.01006317138672
2018-08-17,52.31743621826172
2018-08-20,52.60117721557617
2018-08-21,52.92432022094727
2018-08-22,53.12923431396485
2018-08-23,52.75091552734375
2018-08-24,53.05829620361328
2018-08-27,53.76763916015625
2018-08-28,53.72034454345703
2018-08-29,54.01195526123047
2018-08-30,53.49966430664063
2018-08-31,53.07405853271485
2018-09-04,52.62481689453125
2018-09-05,52.14405059814453
2018-09-06,51.98641204833984
2018-09-07,51.568695068359375
2018-09-10,51.88395690917969
2018-09-11,51.931243896484375
2018-09-12,52.15192794799805
2018-09-13,52.538116455078125
2018-09-14,52.61693572998047
2018-09-17,52.66422271728516
2018-09-18,53.21592330932617
2018-09-19,53.40508270263672
2018-09-20,54.0671272277832
2018-09-21,54.09077835083008
2018-09-24,53.84645080566406
2018-09-25,54.11441802978516
2018-09-26,54.13806915283203
2018-09-27,54.02773284912109
2018-09-28,53.58636093139648
2018-10-01,53.6494140625
2018-10-02,53.3735580444336
2018-10-03,53.27898406982422
2018-10-04,52.656341552734375
2018-10-05,52.34107971191406
2018-10-08,52.08887100219727
2018-10-09,51.95487976074219
2018-10-10,50.85147476196289
2018-10-11,50.14213562011719
2018-10-12,50.32340621948242
2018-10-15,50.205196380615234
2018-10-16,51.06428527832031
2018-10-17,50.77266693115234
2018-10-18,49.95298385620117
2018-10-19,50.23671722412109
2018-10-22,50.01603698730469
2018-10-23,49.54314804077149
2018-10-24,48.14024353027344
2018-10-25,48.74711608886719
2018-10-26,48.41608810424805
2018-10-29,48.2821159362793
2018-10-30,48.8653450012207
2018-10-31,49.2278938293457
2018-11-01,49.8584098815918
2018-11-02,49.929344177246094
2018-11-05,49.929344177246094
2018-11-06,50.13426208496094
2018-11-07,50.8041877746582
2018-11-08,50.307655334472656
2018-11-09,49.97662734985352
2018-11-12,49.15695571899414
2018-11-13,49.3697509765625
2018-11-14,49.40916061401367
2018-11-15,49.56679153442383
2018-11-16,49.62196731567383
2018-11-19,49.18848037719727
2018-11-20,48.33727645874024
2018-11-21,49.01508331298828
2018-11-23,48.69194412231445
2018-11-26,49.4249267578125
2018-11-27,49.23577117919922
2018-11-28,49.93722534179688
2018-11-29,49.68502807617188
2018-11-30,49.47221374511719
2018-12-03,50.12638092041016
2018-12-04,48.825931549072266
2018-12-06,48.36880111694336
2018-12-07,47.880149841308594
2018-12-10,47.50972366333008
2018-12-11,47.65947341918945
2018-12-12,48.36091995239258
2018-12-13,48.27422332763672
2018-12-14,47.65158081054688
2018-12-17,47.27327346801758
2018-12-18,47.31151580810547
2018-12-19,46.85742950439453
2018-12-20,46.66624450683594
2018-12-21,45.85369491577149
2018-12-24,45.31995391845703
2018-12-26,46.37149429321289
2018-12-27,46.50691604614258
2018-12-28,46.75387954711914
2018-12-31,46.82556915283203
2019-01-02,46.7299690246582
2019-01-03,46.30776596069336
2019-01-04,47.72575759887695
2019-01-07,47.90898132324219
2019-01-08,48.219669342041016
2019-01-09,48.76136779785156
2019-01-10,48.95256042480469
2019-01-11,48.61798095703125
2019-01-14,48.39492416381836
2019-01-15,48.64983749389648
2019-01-16,48.78526306152344
2019-01-17,48.96052551269531
2019-01-18,49.45442581176758
2019-01-22,48.68967819213867
2019-01-23,48.9127197265625
2019-01-24,48.96849060058594
2019-01-25,49.526123046875
2019-01-28,49.255279541015625
2019-01-29,49.36679458618164
2019-01-30,49.90850067138672
2019-01-31,49.93239974975586
2019-02-01,49.91647720336914
2019-02-04,50.09969711303711
2019-02-05,50.49003982543945
2019-02-06,50.2351188659668
2019-02-07,49.565956115722656
2019-02-08,49.40663528442383
2019-02-11,49.35884094238281
2019-02-12,49.93239974975586
2019-02-13,49.94036865234375
2019-02-14,49.95630645751953
2019-02-15,50.68122482299805
2019-02-19,50.87241744995117
2019-02-20,51.01581573486328
2019-02-21,50.91225051879883
2019-02-22,51.07954406738281
2019-02-25,51.230899810791016
2019-02-26,51.47785949707031
2019-02-27,51.27073287963867
2019-02-28,51.199031829833984
2019-03-01,51.47785949707031
2019-03-04,51.28666305541992
2019-03-05,51.33446502685547
2019-03-06,51.20700073242188
2019-03-07,50.55377197265625
2019-03-08,50.56173706054688
2019-03-11,50.9998779296875
2019-03-12,50.968021392822266
2019-03-13,51.406158447265625
2019-03-14,51.398193359375
2019-03-15,51.955833435058594
2019-03-18,52.13905334472656
2019-03-19,52.24261474609375
2019-03-20,52.26651763916016
2019-03-21,52.234642028808594
2019-03-22,51.230899810791016
2019-03-25,51.3026008605957
2019-03-26,51.55752182006836
2019-03-27,51.58141708374024
2019-03-28,51.45395278930664
2019-03-29,51.669044494628906
2019-04-01,52.33024597167969
2019-04-02,52.346168518066406
2019-04-03,52.7524528503418
2019-04-04,52.64093399047852
2019-04-05,52.77635192871094
2019-04-08,52.8082160949707
2019-04-09,52.47363662719727
2019-04-10,52.67279815673828
2019-04-11,52.5612678527832
2019-04-12,52.927711486816406
2019-04-15,52.951602935791016
2019-04-16,52.99143981933594
2019-04-17,53.142799377441406
2019-04-18,53.110939025878906
2019-04-22,53.02330017089844
2019-04-23,53.12686920166016
2019-04-24,52.76042556762695
2019-04-25,52.720584869384766
2019-04-26,52.93567657470703
2019-04-29,53.15076446533203
2019-04-30,53.1826286315918
2019-05-01,52.879913330078125
2019-05-02,52.800254821777344
2019-05-03,53.36585998535156
2019-05-06,52.76042556762695
2019-05-07,51.836334228515625
2019-05-08,51.90007019042969
2019-05-09,51.66107940673828
2019-05-10,52.04346084594727
2019-05-13,50.83259201049805
2019-05-14,51.34243392944336
2019-05-15,51.52565383911133
2019-05-16,51.93989181518555
2019-05-17,51.59735107421875
2019-05-20,51.39022445678711
2019-05-21,51.7327766418457
2019-05-22,51.52565383911133
2019-05-23,51.05564880371094
2019-05-24,51.60531234741211
2019-05-28,51.10344696044922
2019-05-29,50.77682495117188
2019-05-30,50.968021392822266
2019-05-31,50.5059814453125
2019-06-03,50.80071640014648
2019-06-04,51.38225936889648
2019-06-05,51.366329193115234
2019-06-06,51.57344818115234
2019-06-07,52.2266731262207
2019-06-10,52.370079040527344
2019-06-11,52.63296508789063
2019-06-12,52.24261474609375
2019-06-13,52.2904052734375
2019-06-14,51.90803909301758
2019-06-17,51.94546890258789
2019-06-18,52.63720703125
2019-06-19,52.96273422241211
2019-06-20,53.426605224609375
2019-06-21,53.19874572753906
2019-06-24,53.31267547607422
2019-06-25,52.99528503417969
2019-06-26,53.06038284301758
2019-06-27,53.19060134887695
2019-06-28,53.49171447753906
2019-07-01,53.74398422241211
2019-07-02,53.89861679077149
2019-07-03,54.26482009887695
2019-07-05,53.84978485107422
2019-07-08,53.54053115844727
2019-07-09,53.31267547607422
2019-07-10,53.499847412109375
2019-07-11,53.48357009887695
2019-07-12,53.54868698120117
2019-07-15,53.597503662109375
2019-07-16,53.37776184082031
2019-07-17,53.304534912109375
2019-07-18,53.46729278564453
2019-07-19,53.31267547607422
2019-07-22,53.36963272094727
2019-07-23,53.70329666137695
2019-07-24,53.74398422241211
2019-07-25,53.19874572753906
2019-07-26,53.304534912109375
2019-07-29,53.41846466064453
2019-07-30,52.79997634887695
2019-07-31,52.45002746582031
2019-08-01,52.30353927612305
2019-08-02,51.83966827392578
2019-08-05,50.54571533203125
2019-08-06,50.88751220703125
2019-08-07,51.08282852172852
2019-08-08,51.57925796508789
2019-08-09,51.2211799621582
2019-08-12,50.81427764892578
2019-08-13,51.2944221496582
2019-08-14,49.88652801513672
2019-08-15,50.05742645263672
2019-08-16,50.6596565246582
2019-08-19,50.968894958496094
2019-08-20,50.79799270629883
2019-08-21,51.15607833862305
2019-08-22,51.05841827392578
2019-08-23,50.42364501953125
2019-08-26,50.83868789672852
2019-08-27,50.79799270629883
2019-08-28,50.79799270629883
2019-08-29,51.23745346069336
2019-08-30,51.4409065246582
2019-09-03,51.34325408935547
2019-09-04,52.06754684448242
2019-09-05,52.344234466552734
2019-09-06,52.51513671875
2019-09-09,52.66975784301758
2019-09-10,52.75927734375
2019-09-11,53.05225372314453
2019-09-12,53.36149597167969
2019-09-13,53.66260528564453
2019-09-16,53.18246078491211
2019-09-17,53.36149597167969
2019-09-18,53.29639053344727
2019-09-19,53.47544097900391
2019-09-20,53.35335540771485
2019-09-23,53.21500778198242
2019-09-24,53.01156234741211
2019-09-25,52.85693740844727
2019-09-26,53.05225372314453
2019-09-27,52.87320327758789
2019-09-30,53.06852340698242
2019-10-01,52.54768371582031
2019-10-02,51.47345352172852
2019-10-03,51.81526565551758
2019-10-04,52.22216033935547
2019-10-07,52.15706253051758
2019-10-08,51.66878128051758
2019-10-09,52.04312896728516
2019-10-10,52.40933990478516
2019-10-11,53.34522247314453
2019-10-14,53.12549209594727
2019-10-15,53.74398422241211
2019-10-16,53.82537078857422
2019-10-17,53.95558166503906
2019-10-18,53.93115997314453
2019-10-21,54.22413635253906
2019-10-22,54.09392166137695
2019-10-23,54.38690185546875
2019-10-24,54.48455429077149
2019-10-25,54.54152297973633
2019-10-28,54.7856559753418
2019-10-29,54.7693977355957
2019-10-30,54.99724960327149
2019-10-31,54.86704254150391
2019-11-01,55.35532760620117
2019-11-04,55.640167236328125
2019-11-05,55.534366607666016
2019-11-06,55.509952545166016
2019-11-07,55.680850982666016
2019-11-08,55.64830017089844
2019-11-11,55.57505798339844
2019-11-12,55.59947204589844
2019-11-13,55.4041633605957
2019-11-14,55.24953079223633
2019-11-15,55.59947204589844
2019-11-18,55.66458511352539
2019-11-19,55.591339111328125
2019-11-20,55.24139022827149
2019-11-21,55.168155670166016
2019-11-22,55.32278060913086
2019-11-25,55.76222610473633
2019-11-26,55.72968673706055
2019-11-27,55.87617111206055
2019-11-29,55.48554229736328
2019-12-02,55.20070266723633
2019-12-03,54.99724960327149
2019-12-04,55.50181198120117
2019-12-05,55.39602279663086
2019-12-06,55.90058517456055
2019-12-09,55.60761642456055
2019-12-10,55.63202667236328
2019-12-11,55.92499923706055
2019-12-12,56.299346923828125
2019-12-13,56.68999099731445
2019-12-16,57.295692443847656
2019-12-17,56.96650695800781
2019-12-18,56.89242935180664
2019-12-19,56.89242935180664
2019-12-20,56.93357467651367
2019-12-23,57.02410888671875
2019-12-24,56.96650695800781
2019-12-26,57.21338653564453
2019-12-27,57.3121452331543
2019-12-30,56.88419723510742
2019-12-31,57.14755630493164
2020-01-02,57.7236328125
2020-01-03,57.00764083862305
2020-01-06,57.22985076904297
2020-01-07,57.073490142822266
2020-01-08,57.23808288574219
2020-01-09,57.36975860595703
2020-01-10,57.15577697753906
2020-01-13,57.45204544067383
2020-01-14,57.50966644287109
2020-01-15,57.50966644287109
2020-01-16,57.74832534790039
2020-01-17,57.921146392822266
2020-01-21,57.46028137207031
2020-01-22,57.57550430297852
2020-01-23,57.435585021972656
2020-01-24,57.18869400024414
2020-01-27,56.00362014770508
2020-01-28,56.53032302856445
2020-01-29,56.53854370117188
2020-01-30,56.48917007446289
2020-01-31,55.53451919555664
2020-02-03,55.66619873046875
2020-02-04,56.596153259277344
2020-02-05,57.13932800292969
2020-02-06,57.295692443847656
2020-02-07,56.75251770019531
2020-02-10,56.86773300170898
2020-02-11,57.25453567504883
2020-02-12,57.45204544067383
2020-02-13,57.04879760742188
2020-02-14,56.950042724609375
2020-02-18,56.58793640136719
2020-02-19,56.77720260620117
2020-02-20,56.43980026245117
2020-02-21,56.17644119262695
2020-02-24,53.92970657348633
2020-02-25,53.0408935546875
2020-02-26,53.10673904418945
2020-02-27,51.53484725952149
2020-02-28,51.22212219238281
2020-03-02,51.8804931640625
2020-03-03,51.46077728271485
2020-03-04,52.99974822998047
2020-03-05,51.59245681762695
2020-03-06,50.81885528564453
2020-03-09,46.87679290771485
2020-03-10,48.60504531860352
2020-03-11,46.12788772583008
2020-03-12,41.058349609375
2020-03-13,43.54373550415039
2020-03-16,39.05027770996094
2020-03-17,40.95135116577149
2020-03-18,38.60587310791016
2020-03-19,39.20664978027344
2020-03-20,38.72108459472656
2020-03-23,38.26845169067383
2020-03-24,41.51097869873047
2020-03-25,42.86066818237305
2020-03-26,44.77820587158203
2020-03-27,43.502586364746094
2020-03-30,44.38317489624024
2020-03-31,43.99637222290039
2020-04-01,42.0459213256836
2020-04-02,42.868896484375
2020-04-03,41.889556884765625
2020-04-06,44.11159133911133
2020-04-07,44.35848617553711
2020-04-08,44.7205924987793
2020-04-09,45.73285675048828
2020-04-13,45.29668045043945
2020-04-14,46.10319519042969
2020-04-15,44.66298675537109
2020-04-16,44.68767929077149
2020-04-17,45.87276458740234
2020-04-20,45.18969345092773
2020-04-21,44.3091049194336
2020-04-22,45.058013916015625
2020-04-23,44.91810989379883
2020-04-24,45.43658447265625
2020-04-27,46.037357330322266
2020-04-28,46.38301467895508
2020-04-29,47.54340744018555
2020-04-30,46.55583572387695
2020-05-01,45.54357147216797
2020-05-04,45.5271110534668
2020-05-05,45.60940933227539
2020-05-06,45.31314086914063
2020-05-07,45.99620819091797
2020-05-08,46.77803802490234
2020-05-11,46.73689651489258
2020-05-12,46.14434051513672
2020-05-13,45.79046630859375
2020-05-14,45.35429382324219
2020-05-15,45.39543533325195
2020-05-18,47.23066711425781
2020-05-19,46.58052444458008
2020-05-20,47.5516357421875
2020-05-21,47.00023651123047
2020-05-22,46.86856842041016
2020-05-26,48.21001815795898
2020-05-27,48.79433441162109
2020-05-28,49.25520324707031
2020-05-29,49.08237457275391
2020-06-01,50.17693710327149
2020-06-02,50.64603042602539
2020-06-03,51.855804443359375
2020-06-04,51.63360977172852
2020-06-05,52.52241516113281
2020-06-08,53.20549392700195
2020-06-09,52.51418685913086
2020-06-10,52.39897918701172
2020-06-11,49.59262466430664
2020-06-12,50.448516845703125
2020-06-15,50.655517578125
2020-06-16,51.2815055847168
2020-06-17,51.473480224609375
2020-06-18,51.19804000854492
2020-06-19,50.94764709472656
2020-06-22,51.55694580078125
2020-06-23,51.840728759765625
2020-06-24,50.51361846923828
2020-06-25,51.2314338684082
2020-06-26,50.48857879638672
2020-06-29,50.89756393432617
2020-06-30,50.80575180053711
2020-07-01,50.99772262573242
2020-07-02,51.55694580078125
2020-07-06,52.39994430541992
2020-07-07,51.63206100463867
2020-07-08,52.06609344482422
2020-07-09,51.473480224609375
2020-07-10,52.024356842041016
2020-07-13,51.69049072265625
2020-07-14,52.45003128051758
2020-07-15,53.04264068603516
2020-07-16,52.7004280090332
2020-07-17,53.009254455566406
2020-07-20,53.26799392700195
2020-07-21,53.37650680541992
2020-07-22,53.51840591430664
2020-07-23,53.09272766113281
2020-07-24,52.80058288574219
2020-07-27,53.49335861206055
2020-07-28,53.151145935058594
2020-07-29,53.71036148071289
2020-07-30,52.917442321777344
2020-07-31,51.7906494140625
2020-08-03,52.80058288574219
2020-08-04,53.09272766113281
2020-08-05,53.26799392700195
2020-08-06,53.32642364501953
2020-08-07,53.109413146972656
2020-08-10,53.2846908569336
2020-08-11,53.476661682128906
2020-08-12,54.6618766784668
2020-08-13,54.41982650756836
2020-08-14,54.08597183227539
2020-08-17,54.49494552612305
2020-08-18,54.4615592956543
2020-08-19,54.21950912475586
2020-08-20,54.04423522949219
2020-08-21,53.76879119873047
2020-08-24,54.47825241088867
2020-08-25,54.51164245605469
2020-08-26,54.82881927490234
2020-08-27,54.26958465576172
2020-08-28,54.65353775024414
2020-08-31,54.23619842529297
2020-09-01,54.29463195800781
2020-09-02,55.020782470703125
2020-09-03,53.777137756347656
2020-09-04,53.85226440429688
2020-09-08,53.19287109375
2020-09-09,54.18613052368164
2020-09-10,53.5517807006836
2020-09-11,54.08597183227539
2020-09-14,54.37810134887695
2020-09-15,54.7286491394043
2020-09-16,54.7286491394043
2020-09-17,54.80376815795898
2020-09-18,54.36140060424805
2020-09-21,52.98421859741211
2020-09-22,52.96752166748047
2020-09-23,52.525150299072266
2020-09-24,52.47506713867188
2020-09-25,52.650352478027344
2020-09-28,53.44327545166016
2020-09-29,53.38484573364258
2020-09-30,53.1261100769043
2020-10-01,53.43492889404297
2020-10-02,53.32642364501953
2020-10-05,54.13604736328125
2020-10-06,53.56012344360352
2020-10-07,54.01919174194336
2020-10-08,54.3947868347168
2020-10-09,54.82046890258789
2020-10-12,55.13764190673828
2020-10-13,54.51999282836914
2020-10-14,54.42817306518555
2020-10-15,53.785491943359375
2020-10-16,54.03588485717773
2020-10-19,53.8355712890625
2020-10-20,54.1026611328125
2020-10-21,53.84391403198242
2020-10-22,53.88563919067383
2020-10-23,54.23619842529297
2020-10-26,53.259647369384766
2020-10-27,52.842323303222656
2020-10-28,51.26481628417969
2020-10-29,51.506866455078125
2020-10-30,51.23977279663086
2020-11-02,51.90750503540039
2020-11-03,53.26799392700195
2020-11-04,53.85226440429688
2020-11-05,55.14597702026367
2020-11-06,55.26283645629883
2020-11-09,56.873722076416016
2020-11-10,57.38287353515625
2020-11-11,57.86697769165039
2020-11-12,57.023963928222656
2020-11-13,57.90036392211914
2020-11-16,58.501312255859375
2020-11-17,58.44288635253906
2020-11-18,58.134063720703125
2020-11-19,58.54304504394531
2020-11-20,58.71833038330078
2020-11-23,58.64322280883789
2020-11-24,59.51959609985352
2020-11-25,59.44448471069336
2020-11-27,59.85346984863281
2020-11-30,58.5514030456543
2020-12-01,59.92858505249024
2020-12-02,59.93692398071289
2020-12-03,60.03709030151367
2020-12-04,60.54623794555664
2020-12-07,60.05378341674805
2020-12-08,60.262451171875
2020-12-09,60.34591674804688
2020-12-10,60.42938232421875
2020-12-11,60.24575805664063
2020-12-14,60.282814025878906
2020-12-15,60.89804458618164
2020-12-16,61.13402938842773
2020-12-17,61.5638427734375
2020-12-18,61.24357986450195
2020-12-21,60.45980072021485
2020-12-22,60.30810928344727
2020-12-23,60.9570426940918
2020-12-24,60.98233413696289
2020-12-28,61.47955703735352
2020-12-29,61.87565231323242
2020-12-30,61.95993041992188
2020-12-31,61.48798751831055
2021-01-04,61.80823516845703
2021-01-05,62.44873046875
2021-01-06,63.16508102416992
2021-01-07,63.232513427734375
2021-01-08,63.82244110107422
2021-01-11,62.98810577392578
2021-01-12,63.27463912963867
2021-01-13,63.19036865234375
2021-01-14,63.69602584838867
2021-01-15,62.70156097412109
2021-01-19,63.15666580200195
2021-01-20,63.586456298828125
2021-01-21,63.63703536987305
2021-01-22,63.3336296081543
2021-01-25,63.257789611816406
2021-01-26,63.350494384765625
2021-01-27,61.90093994140625
2021-01-28,62.29705429077149
2021-01-29,61.00761032104492
2021-02-01,61.73238754272461
2021-02-02,62.35602951049805
2021-02-03,62.507720947265625
2021-02-04,62.57514953613281
2021-02-05,62.96282196044922
2021-02-08,63.40105819702149
2021-02-09,63.74658584594727
2021-02-10,63.52748107910156
2021-02-11,63.95728302001953
2021-02-12,64.31124114990234
2021-02-16,64.77477264404297
2021-02-17,64.3955307006836
2021-02-18,64.07526397705078
2021-02-19,64.26068115234375
2021-02-22,64.1005630493164
2021-02-23,64.1595458984375
2021-02-24,64.36181640625
2021-02-25,63.26621627807617
2021-02-26,62.37288665771485
2021-03-01,63.54432678222656
2021-03-02,63.47690582275391
2021-03-03,63.08922958374024
2021-03-04,62.49087524414063
2021-03-05,62.89540481567383
2021-03-08,62.67628860473633
2021-03-09,63.51904678344727
2021-03-10,63.78872299194336
2021-03-11,64.1258316040039
2021-03-12,64.28595733642578
2021-03-15,64.3365249633789
2021-03-16,64.44607543945312
2021-03-17,64.8253402709961
2021-03-18,64.23540496826172
2021-03-19,64.4123764038086
2021-03-22,64.47135925292969
2021-03-23,63.57804489135742
2021-03-24,63.257789611816406
2021-03-25,63.729740142822266
2021-03-26,64.5556411743164
2021-03-29,64.30282592773438
2021-03-30,64.21853637695312
2021-03-31,63.9404296875
2021-04-01,64.77477264404297
2021-04-05,65.71867370605469
2021-04-06,65.01915740966797
2021-04-07,65.15399932861328
2021-04-08,65.52481842041016
2021-04-09,65.72708129882812
2021-04-12,65.36469268798828
2021-04-13,65.74394989013672
2021-04-14,65.79449462890625
2021-04-15,66.34230041503906
2021-04-16,66.82266998291016
2021-04-19,66.7046890258789
2021-04-20,65.50797271728516
2021-04-21,66.18218231201172
2021-04-22,65.96305084228516
2021-04-23,66.63727569580078
2021-04-26,66.68782806396484
2021-04-27,66.4687271118164
2021-04-28,66.63727569580078
2021-04-29,66.66253662109375
2021-04-30,65.82821655273438
2021-05-03,66.55298614501953
2021-05-04,65.56697082519531
2021-05-05,66.46029663085938
2021-05-06,67.0080795288086
2021-05-07,67.76657104492188
2021-05-10,67.40418243408203
2021-05-11,66.51927947998047
2021-05-12,65.45740509033203
2021-05-13,65.94619750976562
2021-05-14,67.05022430419922
2021-05-17,66.92381286621094
2021-05-18,67.06708526611328
2021-05-19,66.47713470458984
2021-05-20,67.3536148071289
2021-05-21,67.44631958007812
2021-05-24,67.85926818847656
2021-05-25,67.87612915039062
2021-05-26,67.83397674560547
2021-05-27,67.96040344238281
2021-05-28,68.12052917480469
2021-06-01,68.36494445800781
2021-06-02,68.59248352050781
2021-06-03,68.25535583496094
2021-06-04,68.83688354492188
2021-06-07,69.06441497802734
2021-06-08,69.03071594238281
2021-06-09,68.84530639648438
2021-06-10,69.03496551513672
2021-06-11,69.19727325439453
2021-06-14,69.3168716430664
2021-06-15,69.40230560302734
2021-06-16,68.97515106201172
2021-06-17,68.49675750732422
2021-06-18,67.07862854003906
2021-06-21,67.95855712890625
2021-06-22,67.96709442138672
2021-06-23,67.53141784667969
2021-06-24,68.18067169189453
2021-06-25,68.3259048461914
2021-06-28,67.89021301269531
2021-06-29,67.90729522705078
2021-06-30,67.38617706298828
2021-07-01,67.54850006103516
2021-07-02,67.77914428710938
2021-07-06,67.3349380493164
2021-07-07,67.7022705078125
2021-07-08,66.83090209960938
2021-07-09,67.96709442138672
2021-07-12,68.25755310058594
2021-07-13,67.89876556396484
2021-07-14,68.05252075195312
2021-07-15,67.40326690673828
2021-07-16,66.90778350830078
2021-07-19,65.69469451904297
2021-07-20,66.17310333251953
2021-07-21,67.18116760253906
2021-07-22,67.20677947998047
2021-07-23,67.67665100097656
2021-07-26,67.77059936523438
2021-07-27,67.49723052978516
2021-07-28,67.78768920898438
2021-07-29,68.25755310058594
2021-07-30,67.90729522705078
2021-08-02,68.2490234375
2021-08-03,68.73595428466797
2021-08-04,68.53092193603516
2021-08-05,68.86409759521484
2021-08-06,68.60782623291016
2021-08-09,68.57363891601562
2021-08-10,68.72740936279297
2021-08-11,69.19727325439453
2021-08-12,69.13748168945312
2021-08-13,69.55607604980469
2021-08-16,69.19727325439453
2021-08-17,68.54801177978516
2021-08-18,68.2831802368164
2021-08-19,67.60829162597656
2021-08-20,67.87312316894531
2021-08-23,68.50528717041016
2021-08-24,68.65052795410156
2021-08-25,68.67616271972656
2021-08-26,68.3173599243164
2021-08-27,68.94097137451172
2021-08-30,68.92389678955078
2021-08-31,68.88973236083984
2021-09-01,69.51335144042969
2021-09-02,69.79527282714844
2021-09-03,70.11135864257812
2021-09-07,70.16262817382812
2021-09-08,69.60734558105469
2021-09-09,69.48773193359375
2021-09-10,69.33395385742188
2021-09-13,69.88070678710938
2021-09-14,69.59024810791016
2021-09-15,69.79527282714844
2021-09-16,69.68421936035156
2021-09-17,68.77013397216797
2021-09-20,67.49723052978516
2021-09-21,68.16358947753906
2021-09-22,68.50528717041016
2021-09-23,69.24852752685547
2021-09-24,68.59928131103516
2021-09-27,68.55655670166016
2021-09-28,67.0615463256836
2021-09-29,66.90778350830078
2021-09-30,66.64295196533203
2021-10-01,66.80526733398438
2021-10-04,66.10474395751953
2021-10-05,66.55752563476562
2021-10-06,66.11328887939453
2021-10-07,66.62586975097656
2021-10-08,66.61734008789062
2021-10-11,66.40374755859375
2021-10-12,66.43791961669922
2021-10-13,67.0957260131836
2021-10-14,67.76207733154297
2021-10-15,68.3259048461914
2021-10-18,68.03543853759766
2021-10-19,68.44551086425781
2021-10-20,68.68470764160156
2021-10-21,68.36006164550781
2021-10-22,68.77013397216797
2021-10-25,68.63343811035156
2021-10-26,68.77013397216797
2021-10-27,68.49675750732422
2021-10-28,69.16309356689453
2021-10-29,68.76158905029297
2021-11-01,69.42793273925781
2021-11-02,69.2826919555664
2021-11-03,69.84654235839844
2021-11-04,69.8038101196289
2021-11-05,69.90634155273438
2021-11-08,69.89779663085938
2021-11-09,69.7440185546875
2021-11-10,68.89826202392578
2021-11-11,69.1460189819336
2021-11-12,69.52189636230469
2021-11-15,69.3937759399414
2021-11-16,69.23999786376953
2021-11-17,69.15457153320312
2021-11-18,69.22289276123047
2021-11-19,68.63343811035156
2021-11-22,68.23194122314453
2021-11-23,68.16358947753906
2021-11-24,67.71082305908203
2021-11-26,65.89118957519531
2021-11-29,66.22434997558594
2021-11-30,65.64344024658203
2021-12-01,65.26754760742188
2021-12-02,66.0791244506836
2021-12-03,65.80574798583984
2021-12-06,66.43791961669922
2021-12-07,67.83895111083984
2021-12-08,67.96709442138672
2021-12-09,67.40326690673828
2021-12-10,67.54850006103516
2021-12-13,66.91576385498047
2021-12-14,66.55941009521484
2021-12-15,67.46333312988281
2021-12-16,67.47200012207031
2021-12-17,66.62024688720703
2021-12-20,66.47250366210938
2021-12-21,67.21126556396484
2021-12-22,67.8370590209961
2021-12-23,68.23687744140625
2021-12-27,68.76705169677734
2021-12-28,68.79312896728516
2021-12-29,68.76705169677734
2021-12-30,68.58676147460938
2021-12-31,68.52580261230469
2022-01-03,68.96998596191406
2022-01-04,69.36190032958984
2022-01-05,68.75223541259766
2022-01-06,68.40386199951172
2022-01-07,68.60418701171875
2022-01-10,67.96839141845703
2022-01-11,68.70870208740234
2022-01-12,69.37932586669922
2022-01-13,68.87417602539062
2022-01-14,68.80450439453125
2022-01-18,67.79420471191406
2022-01-19,67.73323822021484
2022-01-20,67.40228271484375
2022-01-21,66.48779296875
2022-01-24,65.82587432861328
2022-01-25,65.42523956298828
2022-01-26,65.17266082763672
2022-01-27,64.86783599853516
2022-01-28,65.08556365966797
2022-01-31,66.03489685058594
2022-02-01,66.66197967529297
2022-02-02,67.15841674804688
2022-02-03,66.09587097167969
2022-02-04,66.25263214111328
2022-02-07,66.36585235595703
2022-02-08,66.70552062988281
2022-02-09,67.7854995727539
2022-02-10,66.92325592041016
2022-02-11,65.9129638671875
2022-02-14,65.4862060546875
2022-02-15,66.68810272216797
2022-02-16,66.940673828125
2022-02-17,65.8607177734375
2022-02-18,65.58200073242188
2022-02-22,64.81558227539062
2022-02-23,64.28429412841797
2022-02-24,63.42206573486328
2022-02-25,65.00718688964844
2022-02-28,63.77044296264648
2022-03-01,62.376949310302734
2022-03-02,63.1607780456543
2022-03-03,61.915340423583984
2022-03-04,60.121192932128906
2022-03-07,58.21382141113281
2022-03-08,58.71897506713867
2022-03-09,61.17504119873047
2022-03-10,60.44345474243164
2022-03-11,59.79024124145508
2022-03-14,60.33892822265625
2022-03-15,60.913761138916016
2022-03-16,63.09981918334961
2022-03-17,63.63109970092773
2022-03-18,64.24947357177734
2022-03-21,63.84882736206055
2022-03-22,64.44977569580078
2022-03-23,63.613677978515625
2022-03-24,64.20591735839844
2022-03-25,64.24076080322266
2022-03-28,64.03173065185547
2022-03-29,65.45137786865234
2022-03-30,65.18138122558594
2022-03-31,64.10140991210938
2022-04-01,64.70234680175781
2022-04-04,64.96363830566406
2022-04-05,64.083984375
2022-04-06,63.31755065917969
2022-04-07,63.4569091796875
2022-04-08,63.48304748535156
2022-04-11,62.81241226196289
2022-04-12,62.34210205078125
2022-04-13,63.012725830078125
2022-04-14,62.72531127929688
2022-04-18,62.359519958496094
2022-04-19,62.65563583374024
2022-04-20,63.07368850708008
2022-04-21,62.39435577392578
2022-04-22,61.37534713745117
2022-04-25,61.0792236328125
2022-04-26,59.37218475341797
2022-04-27,59.642181396484375
2022-04-28,60.48698806762695
2022-04-29,59.78152847290039
2022-05-02,59.63346862792969
2022-05-03,60.07765197753906
2022-05-04,61.131492614746094
2022-05-05,59.16316223144531
2022-05-06,58.588340759277344
2022-05-09,56.82032012939453
2022-05-10,57.2470932006836
2022-05-11,56.907413482666016
2022-05-12,56.76806640625
2022-05-13,58.34446716308594
2022-05-16,58.3967399597168
2022-05-17,59.48540496826172
2022-05-18,58.06576156616211
2022-05-19,58.623165130615234
2022-05-20,59.0238037109375
2022-05-23,60.02539825439453
2022-05-24,59.9295768737793
2022-05-25,59.94700622558594
2022-05-26,60.608917236328125
2022-05-27,61.34051513671875
2022-05-31,60.974727630615234
2022-06-01,60.33021545410156
2022-06-02,61.58437728881836
2022-06-03,60.704734802246094
2022-06-06,60.94859313964844
2022-06-07,61.131492614746094
2022-06-08,60.27796936035156
2022-06-09,59.0120849609375
2022-06-10,57.58774566650391
2022-06-13,55.68269729614258
2022-06-14,55.157470703125
2022-06-15,56.19011688232422
2022-06-16,54.95272445678711
2022-06-17,54.73017120361328
2022-06-21,55.558067321777344
2022-06-22,55.184181213378906
2022-06-23,55.121856689453125
2022-06-24,56.76874923706055
2022-06-27,56.52839279174805
2022-06-28,56.145606994628906
2022-06-29,55.93196105957031
2022-06-30,55.62928771972656
2022-07-01,55.7628173828125
2022-07-05,54.5699348449707
2022-07-06,54.61444091796875
2022-07-07,55.44233703613281
2022-07-08,55.5046501159668
2022-07-11,54.60553741455078
2022-07-12,54.596641540527344
2022-07-13,54.5699348449707
2022-07-14,53.80434799194336
2022-07-15,54.658958435058594
2022-07-18,54.88150787353516
2022-07-19,56.3770637512207
2022-07-20,56.003173828125
2022-07-21,56.581809997558594
2022-07-22,56.43938064575195
2022-07-25,56.875579833984375
2022-07-26,56.083290100097656
2022-07-27,57.409698486328125
2022-07-28,57.70347213745117
2022-07-29,58.504661560058594
2022-08-01,58.58478546142578
2022-08-02,57.65006256103516
2022-08-03,57.98833847045898
2022-08-04,58.2821159362793
2022-08-05,57.87262344360352
2022-08-08,58.00615310668945
2022-08-09,57.69457244873047
2022-08-10,58.99428176879883
2022-08-11,58.97648239135742
2022-08-12,59.43048858642578
2022-08-15,59.07440185546875
2022-08-16,59.05659484863281
2022-08-17,58.58478546142578
2022-08-18,58.38893508911133
2022-08-19,57.58774566650391
2022-08-22,56.608516693115234
2022-08-23,56.63522720336914
2022-08-24,56.70643615722656
2022-08-25,57.32958984375
2022-08-26,55.82513046264648
2022-08-29,55.70050048828125
2022-08-30,55.299903869628906
2022-08-31,54.92601776123047
2022-09-01,54.18714141845703
2022-09-02,53.83105850219727
2022-09-06,53.69752883911133
2022-09-07,54.16933822631836
2022-09-08,54.20494842529297
2022-09-09,55.58477783203125
2022-09-12,56.3592529296875
2022-09-13,54.40079879760742
2022-09-14,54.57883834838867
2022-09-15,54.09811782836914
2022-09-16,53.76874542236328
2022-09-19,53.955684661865234
2022-09-20,53.03877639770508
2022-09-21,52.34440612792969
2022-09-22,52.19307327270508
2022-09-23,50.52837371826172
2022-09-26,49.78060150146485
2022-09-27,49.44232177734375
2022-09-28,50.63520431518555
2022-09-29,50.038761138916016
2022-09-30,49.86071014404297
2022-10-03,50.84885025024414
2022-10-04,52.88743591308594
2022-10-05,52.326602935791016
2022-10-06,51.40968322753906
2022-10-07,50.59069442749024
2022-10-10,50.30582046508789
2022-10-11,49.7538948059082
2022-10-12,49.59365463256836
2022-10-13,50.61740112304688
2022-10-14,49.86071014404297
2022-10-17,51.08921051025391
2022-10-18,51.454193115234375
2022-10-19,50.8221435546875
2022-10-20,50.70641708374024
2022-10-21,51.62333679199219
2022-10-24,51.63224029541016
2022-10-25,52.771705627441406
2022-10-26,53.27022171020508
2022-10-27,52.771705627441406
2022-10-28,53.29693222045898
2022-10-31,52.79841995239258
2022-11-01,53.2168083190918
2022-11-02,52.44232940673828
2022-11-03,51.99722671508789
2022-11-04,54.08031463623047
2022-11-07,54.249454498291016
2022-11-08,54.86370468139648
2022-11-09,54.09811782836914
2022-11-10,57.13374328613281
2022-11-11,58.27320861816406
2022-11-14,57.658966064453125
2022-11-15,58.041751861572266
2022-11-16,57.9082260131836
2022-11-17,57.88151168823242
2022-11-18,57.99724960327149
2022-11-21,57.56105041503906
2022-11-22,58.36223220825195
2022-11-23,59.0031852722168
2022-11-25,59.30585861206055
2022-11-28,58.54027938842773
2022-11-29,58.70941162109375
2022-11-30,59.75096130371094
2022-12-01,60.3296012878418
2022-12-02,60.28508758544922
2022-12-05,59.492801666259766
2022-12-06,59.22573471069336
2022-12-07,59.22573471069336
2022-12-08,59.528411865234375
2022-12-09,59.56402206420898
2022-12-12,59.74206161499024
2022-12-13,60.58935928344727
2022-12-14,60.535736083984375
2022-12-15,58.9894905090332
2022-12-16,58.47110748291016
2022-12-19,58.32810592651367
2022-12-20,58.56047821044922
2022-12-21,59.16824722290039
2022-12-22,58.68561553955078
2022-12-23,58.89117813110352
2022-12-27,58.980560302734375
2022-12-28,58.35491943359375
2022-12-29,59.2755012512207
2022-12-30,58.6677360534668
2023-01-03,59.186126708984375
2023-01-04,59.97265625
2023-01-05,59.37382125854492
2023-01-06,60.89324569702149
2023-01-09,61.15244674682617
2023-01-10,61.331199645996094
2023-01-11,61.79596710205078
2023-01-12,62.70762634277344
2023-01-13,63.0383186340332
2023-01-17,63.234954833984375
2023-01-18,63.011505126953125
2023-01-19,62.9131965637207
2023-01-20,63.46733474731445
2023-01-23,63.72654342651367
2023-01-24,63.646087646484375
2023-01-25,64.06617736816406
2023-01-26,64.11979675292969
2023-01-27,63.99466323852539
2023-01-30,63.58352279663086
2023-01-31,63.949981689453125
2023-02-01,64.52201080322266
2023-02-02,64.4326171875
2023-02-03,63.83378601074219
2023-02-06,63.18133163452149
2023-02-07,63.71759033203125
2023-02-08,63.32433319091797
2023-02-09,63.44053649902344
2023-02-10,63.1634521484375
2023-02-13,63.79803466796875
2023-02-14,63.91422271728516
2023-02-15,63.62821960449219
2023-02-16,63.31538772583008
2023-02-17,63.47627258300781
2023-02-21,62.77912902832031
2023-02-22,62.430545806884766
2023-02-23,62.75231170654297
2023-02-24,61.70658874511719
2023-02-27,62.439491271972656
2023-02-28,61.98365783691406
2023-03-01,62.314361572265625
2023-03-02,62.439491271972656
2023-03-03,63.35113906860352
2023-03-06,63.19025802612305
2023-03-07,62.13560485839844
2023-03-08,62.47523880004883
2023-03-09,62.0194091796875
2023-03-10,61.35801315307617
2023-03-13,60.93793869018555
2023-03-14,61.75127029418945
2023-03-15,59.83858871459961
2023-03-16,60.76811599731445
2023-03-17,60.04415512084961
2023-03-20,60.98263549804688
2023-03-21,61.90322494506836
2023-03-22,61.6887092590332
2023-03-23,61.69765090942383
2023-03-24,61.50996017456055
2023-03-27,62.09091567993164
2023-03-28,62.11772155761719
2023-03-29,62.86849594116211
2023-03-30,63.60139846801758
2023-03-31,63.92317199707031
2023-04-03,64.4326171875
2023-04-04,64.4415512084961
2023-04-05,63.99466323852539
2023-04-06,64.29854583740234
2023-04-10,64.25386047363281
2023-04-11,64.46836853027344
2023-04-12,64.87950897216797
2023-04-13,65.71072387695312
2023-04-14,65.44258880615234
2023-04-17,65.32640075683594
2023-04-18,65.68390655517578
2023-04-19,65.47834014892578
2023-04-20,65.47834014892578
2023-04-21,65.80904388427734
2023-04-24,65.97885131835938
2023-04-25,65.05827331542969
2023-04-26,65.01356506347656
2023-04-27,65.82691955566406
2023-04-28,65.80010223388672
2023-05-01,65.7017822265625
2023-05-02,65.04039001464844
2023-05-03,65.210205078125
2023-05-04,65.07614135742188
2023-05-05,66.03247833251953
2023-05-08,66.05036163330078
2023-05-09,65.7822265625
2023-05-10,65.64815521240234
2023-05-11,65.4872817993164
2023-05-12,65.37110137939453
2023-05-15,65.8716049194336
2023-05-16,65.24595642089844
2023-05-17,65.54985046386719
2023-05-18,65.45153045654297
2023-05-19,65.83585357666016
2023-05-22,65.85372924804688
2023-05-23,64.88844299316406
2023-05-24,63.94104766845703
2023-05-25,63.851661682128906
2023-05-26,64.47731018066406
2023-05-30,63.824851989746094
2023-05-31,63.1634521484375
2023-06-01,64.10191345214844
2023-06-02,64.93314361572266
2023-06-05,64.55775451660156
2023-06-06,65.09402465820312
2023-06-07,64.52152252197266
2023-06-08,65.20414733886719
2023-06-09,65.09494018554688
2023-06-12,65.37708282470703
2023-06-13,65.9959945678711
2023-06-14,66.24172973632812
2023-06-15,66.94256591796875
2023-06-16,66.79693603515625
2023-06-20,65.91407012939453
2023-06-21,66.01419067382812
2023-06-22,65.60462951660156
2023-06-23,64.58523559570312
2023-06-26,64.66714477539062
2023-06-27,65.2314453125
2023-06-28,65.2769546508789
2023-06-29,65.18595123291016
2023-06-30,65.98688507080078
2023-07-03,65.91407012939453
2023-07-05,65.17684173583984
2023-07-06,64.04825592041016
2023-07-07,64.53062438964844
2023-07-10,64.71265411376953
2023-07-11,65.29515838623047
2023-07-12,66.54208374023438
2023-07-13,67.60697937011719
2023-07-14,67.2247085571289
2023-07-17,67.14279174804688
2023-07-18,67.57967376708984
2023-07-19,67.54326629638672
2023-07-20,67.1974105834961
2023-07-21,67.33393096923828
2023-07-24,67.17010498046875
2023-07-25,67.24290466308594
2023-07-26,67.4249496459961
2023-07-27,67.27021789550781
2023-07-28,67.75260162353516
2023-07-31,67.77081298828125
2023-08-01,66.92436218261719
2023-08-02,65.67743682861328
2023-08-03,65.49539947509766
2023-08-04,65.67743682861328
2023-08-07,66.23263549804688
2023-08-08,65.83216857910156
2023-08-09,65.81395721435547
2023-08-10,66.09611511230469
2023-08-11,65.65013122558594
2023-08-14,65.35887145996094
2023-08-15,64.548828125
2023-08-16,64.02092742919922
2023-08-17,63.56583786010742
2023-08-18,63.56583786010742
2023-08-21,63.80248641967773
2023-08-22,63.68416595458984
2023-08-23,64.37590026855469
2023-08-24,63.49303817749024
2023-08-25,63.92081451416016
2023-08-28,64.59434509277344
2023-08-29,65.39527130126953
2023-08-30,65.35887145996094
2023-08-31,65.1040267944336
2023-09-01,65.067626953125
2023-09-05,64.50332641601562
2023-09-06,64.36680603027344
2023-09-07,64.15745544433594
2023-09-08,64.06644439697266
2023-09-11,64.73086547851562
2023-09-12,64.4669189453125
2023-09-13,64.26667785644531
2023-09-14,65.1131362915039
2023-09-15,64.96749877929688
2023-09-18,64.73995971679688
2023-09-19,64.79457092285156
2023-09-20,64.63984680175781
2023-09-21,63.56583786010742
2023-09-22,63.62046813964844
2023-09-25,63.33830261230469
2023-09-26,62.519161224365234
2023-09-27,62.40083694458008
2023-09-28,62.91053771972656
2023-09-29,62.72850036621094
2023-10-02,61.80924606323242
2023-10-03,61.03559494018555
2023-10-04,61.144813537597656
2023-10-05,61.68181610107422
2023-10-06,62.36444091796875
2023-10-09,62.27341842651367
2023-10-10,63.12897872924805
2023-10-11,63.39292144775391
2023-10-12,62.86502456665039
2023-10-13,62.28252029418945
2023-10-16,62.73761367797852
2023-10-17,62.77400588989258
2023-10-18,61.68181610107422
2023-10-19,61.13571166992188
2023-10-20,60.58961868286133
2023-10-23,60.63512420654297
2023-10-24,60.9809799194336
2023-10-25,60.54410934448242
2023-10-26,60.10722732543945
2023-10-27,59.92519378662109
2023-10-30,60.689727783203125
2023-10-31,60.908180236816406
2023-11-01,61.4815788269043
2023-11-02,62.73761367797852
2023-11-03,63.40202331542969
2023-11-06,63.08346557617188
2023-11-07,62.7011947631836
2023-11-08,62.61928939819336
2023-11-09,62.61017608642578
2023-11-10,62.8923225402832
2023-11-13,63.05615234375
2023-11-14,64.66714477539062
2023-11-15,64.56703186035156
2023-11-16,64.52152252197266
2023-11-17,65.39527130126953
2023-11-20,65.64102935791016
2023-11-21,65.38618469238281
2023-11-22,65.54090118408203
2023-11-24,66.04148864746094
2023-11-27,65.81395721435547
2023-11-28,65.83216857910156
2023-11-29,65.96868896484375
2023-11-30,65.91407012939453
2023-12-01,66.6058120727539
2023-12-04,66.0870132446289
2023-12-05,65.8503646850586
2023-12-06,66.05059051513672
2023-12-07,66.36915588378906
2023-12-08,66.56939697265625
2023-12-11,66.73321533203125
2023-12-12,66.8515396118164
2023-12-13,67.8254165649414
2023-12-14,68.32600402832031
2023-12-15,67.66159057617188
2023-12-18,67.8254165649414
2023-12-19,68.3988265991211
2023-12-20,67.70854949951172
2023-12-21,68.80523681640625
2023-12-22,68.8697509765625
2023-12-26,69.1830825805664
2023-12-27,69.55172729492188
2023-12-28,69.36740112304688
2023-12-29,69.44112396240234
2024-01-02,68.66699981689453
2024-01-03,68.15091705322266
2024-01-04,68.30758666992188
2024-01-05,68.3536605834961
2024-01-08,69.08171081542969
2024-01-09,68.4642562866211
2024-01-10,68.90660858154297
2024-01-11,68.89739227294922
2024-01-12,69.1830825805664
2024-01-16,68.02188873291016
2024-01-17,67.37678527832031
2024-01-18,67.97582244873047
2024-01-19,68.13248443603516
2024-01-22,68.34444427490234
2024-01-23,68.15091705322266
2024-01-24,68.66699981689453
2024-01-25,68.86051940917969
2024-01-26,69.16465759277344
2024-01-29,69.57015228271484
2024-01-30,69.47799682617188
2024-01-31,69.12779235839844
2024-02-01,69.80976867675781
2024-02-02,69.2568130493164
2024-02-05,68.88819122314453
2024-02-06,69.3121109008789
2024-02-07,69.27523040771484
2024-02-08,69.15543365478516
2024-02-09,69.39505004882812
2024-02-12,69.51484680175781
2024-02-13,68.44581604003906
2024-02-14,69.21073913574219
2024-02-15,69.99407196044922
2024-02-16,70.10466766357422
2024-02-20,70.39035034179688
2024-02-21,70.4456558227539
2024-02-22,71.23822021484375
2024-02-23,71.33037567138672
2024-02-26,71.22898864746094
2024-02-27,71.42252349853516
2024-02-28,71.00782012939453
2024-02-29,71.192138671875
2024-03-01,71.88331604003906
2024-03-04,71.69901275634766
2024-03-05,71.56997680664062
2024-03-06,72.41783905029297
2024-03-07,73.27490997314453
2024-03-08,73.03529357910156
2024-03-11,72.6205825805664
2024-03-12,73.20117950439453
2024-03-13,73.21040344238281
2024-03-14,72.6758804321289
2024-03-15,72.70352172851562
2024-03-18,72.68510437011719
2024-03-19,72.81411743164062
2024-03-20,73.58824157714844
2024-03-21,73.55137634277344
2024-03-22,73.39470672607422
2024-03-25,73.23804473876953
2024-03-26,73.32098388671875
2024-03-27,73.76334381103516
2024-03-28,73.59746551513672
2024-04-01,73.28411865234375
2024-04-02,72.7680435180664
2024-04-03,73.17353057861328
2024-04-04,72.54685974121094
2024-04-05,72.77725219726562
2024-04-08,73.13666534423828
2024-04-09,73.12744903564453
2024-04-10,72.15978240966797
2024-04-11,72.35333251953125
2024-04-12,71.18292236328125
2024-04-15,70.97095489501953
2024-04-16,70.27056121826172
2024-04-17,70.31663513183594
2024-04-18,70.12310028076172
2024-04-19,70.15074920654297
2024-04-22,70.97095489501953
2024-04-23,71.74507904052734
2024-04-24,71.60684204101562
2024-04-25,71.27507781982422
2024-04-26,71.8464584350586
2024-04-29,72.12293243408203
2024-04-30,71.21056365966797
2024-05-01,71.05389404296875
2024-05-02,72.01233673095703
2024-05-03,72.73117065429688
2024-05-06,73.22882843017578
2024-05-07,73.42236328125
2024-05-08,73.33941650390625
2024-05-09,73.9015884399414
2024-05-10,74.0398178100586
2024-05-13,74.0398178100586
2024-05-14,74.5927734375
2024-05-15,75.38533020019531
2024-05-16,74.9798355102539
2024-05-17,75.23787689208984
2024-05-20,75.29315948486328
2024-05-21,75.17337036132812
2024-05-22,74.4637451171875
2024-05-23,74.08589935302734
2024-05-24,74.69413757324219
2024-05-28,74.66648864746094
2024-05-29,73.48686981201172
2024-05-30,74.10433197021484
2024-05-31,74.81394958496094
2024-06-03,75.02590942382812
2024-06-04,74.93374633789062
2024-06-05,75.45905303955078
2024-06-06,75.71710968017578
2024-06-07,74.89689636230469
2024-06-10,74.84159088134766
2024-06-11,73.99114227294922
2024-06-12,74.8631591796875
2024-06-13,73.79421997070312
2024-06-14,72.97845458984375
2024-06-17,73.26912689208984
2024-06-18,73.55979919433594
2024-06-20,73.606689453125
2024-06-21,73.09097290039062
2024-06-24,73.67232513427734
2024-06-25,73.8504867553711
2024-06-26,73.306640625
2024-06-27,73.3628921508789
2024-06-28,73.44729614257812
2024-07-01,73.57856750488281
2024-07-02,73.75672912597656
2024-07-03,74.60061645507812
2024-07-05,75.09757232666016
2024-07-08,74.72251892089844
2024-07-09,74.4224624633789
2024-07-10,75.47264099121094
2024-07-11,75.68831634521484
2024-07-12,76.49470520019531
2024-07-15,75.81957244873047
2024-07-16,76.18527221679688
2024-07-17,75.78207397460938
2024-07-18,75.03194427490234
2024-07-19,74.5724868774414
2024-07-22,75.3601303100586
2024-07-23,74.93817901611328
2024-07-24,73.99114227294922
2024-07-25,73.52230834960938
2024-07-26,74.45997619628906
2024-07-29,74.13179016113281
2024-07-30,74.3005599975586
2024-07-31,75.35074615478516
2024-08-01,73.35352325439453
2024-08-02,72.2001953125
2024-08-05,70.62491607666016
2024-08-06,70.74681091308594
2024-08-07,71.0843734741211
2024-08-08,72.27520751953125
2024-08-09,72.5564956665039
2024-08-12,72.4908676147461
2024-08-13,73.73796081542969
2024-08-14,74.0098876953125
2024-08-15,74.91004180908203
2024-08-16,75.32261657714844
2024-08-19,76.24152374267578
2024-08-20,76.00711059570312
2024-08-21,76.71035766601562
2024-08-22,76.26028442382812
2024-08-23,77.65740203857422
2024-08-26,77.31046295166016
2024-08-27,77.66678619384766
2024-08-28,77.39485931396484
2024-08-29,77.68553161621094
2024-08-30,77.80743408203125
2024-09-03,76.57908630371094
2024-09-04,76.24152374267578
2024-09-05,76.26028442382812
2024-09-06,74.8256607055664
2024-09-09,75.5757827758789
2024-09-10,75.20071411132812
2024-09-11,75.65080261230469
2024-09-12,76.2696533203125
2024-09-13,76.44781494140625
2024-09-16,77.06668090820312
2024-09-17,76.6353530883789
2024-09-18,76.39156341552734
2024-09-19,77.90119934082031
2024-09-20,77.13230895996094
2024-09-23,77.42298889160156
2024-09-24,77.88243865966797
2024-09-25,77.46049499511719
2024-09-26,79.16704559326172
2024-09-27,78.68882751464844
2024-09-30,78.41691589355469
2024-10-01,77.83555603027344
2024-10-02,77.67615509033203
2024-10-03,76.95414733886719
2024-10-04,77.40422821044922
2024-10-07,76.97290802001953
2024-10-08,76.85100555419922
2024-10-09,76.86976623535156
2024-10-10,76.7760009765625
2024-10-11,77.16981506347656
2024-10-14,77.39485931396484
2024-10-15,76.11026000976562
2024-10-16,76.30716705322266
2024-10-17,76.31654357910156
2024-10-18,76.83226776123047
2024-10-21,75.9227294921875
2024-10-22,75.49139404296875
2024-10-23,74.73188018798828
2024-10-24,75.15383911132812
2024-10-25,74.90067291259766
2024-10-28,75.50077056884766
2024-10-29,75.22885131835938
2024-10-30,74.74126434326172
2024-10-31,74.28181457519531
2024-11-01,74.43183898925781
2024-11-04,74.48809814453125
2024-11-05,75.22885131835938
2024-11-06,74.14115905761719
2024-11-07,75.266357421875
2024-11-08,74.2255630493164
2024-11-11,74.24430847167969
2024-11-12,72.86593627929688
2024-11-13,72.43461608886719
2024-11-14,72.58463287353516
2024-11-15,72.32208251953125
2024-11-18,72.7159194946289
2024-11-19,72.62213897705078
2024-11-20,72.42523193359375
2024-11-21,72.44398498535156
2024-11-22,72.72528839111328
2024-11-25,73.10035705566406
2024-11-26,72.67840576171875
2024-11-27,73.07221984863281
2024-11-29,74.04739379882812
2024-12-02,74.2536849975586
2024-12-03,74.67562866210938
2024-12-04,74.73188018798828
2024-12-05,75.09757232666016
2024-12-06,75.08820343017578
2024-12-09,75.04132080078125
2024-12-10,74.36620330810547
2024-12-11,74.83503723144531
2024-12-12,74.17866516113281
2024-12-13,73.97237396240234
2024-12-16,73.72857666015625
2024-12-17,73.61167907714844
2024-12-18,71.80584716796875
2024-12-19,71.5777359008789
2024-12-20,71.3781509399414
2024-12-23,71.84385681152344
2024-12-24,72.10047912597656
2024-12-26,72.4426498413086
2024-12-27,72.33808898925781
2024-12-30,71.86287689208984
2024-12-31,71.86287689208984
2025-01-02,71.61576080322266
2025-01-03,71.92939758300781
2025-01-06,72.61371612548828
2025-01-07,72.55669403076172
2025-01-08,72.4426498413086
2025-01-10,71.34012603759766
2025-01-13,71.1405258178711
2025-01-14,71.39715576171875
2025-01-15,72.30958557128906
2025-01-16,72.68025207519531
2025-01-17,72.97489166259766
2025-01-21,74.44808197021484
2025-01-22,74.27699279785156
2025-01-23,74.88526916503906
2025-01-24,75.303466796875
2025-01-27,75.303466796875
2025-01-28,75.20841979980469
2025-01-29,75.19892120361328
2025-01-30,76.02580261230469
2025-01-31,75.3129653930664
2025-02-03,74.42906188964844
2025-02-04,75.2939682006836
2025-02-05,76.02580261230469
2025-02-06,76.38697814941406
2025-02-07,75.66463470458984
2025-02-10,76.1778793334961
2025-02-11,76.5390396118164
2025-02-12,76.82417297363281
2025-02-13,77.75560760498047
2025-02-14,77.86965942382812
2025-02-18,78.43041229248047
2025-02-19,77.62254333496094
2025-02-20,77.98371124267578
2025-02-21,77.49898529052734
2025-02-24,77.45146179199219
2025-02-25,78.15479278564453
2025-02-26,78.25933074951172
2025-02-27,77.37543487548828
2025-02-28,77.5370101928711
2025-03-03,78.39240264892578
2025-03-04,78.3733901977539
2025-03-05,80.24576568603516
2025-03-06,79.41887664794922
2025-03-07,80.24576568603516
2025-03-10,78.3543930053711
2025-03-11,78.08827209472656
2025-03-12,78.64901733398438
2025-03-13,78.12627410888672
2025-03-14,79.56144714355469
2025-03-17,80.45486450195312
2025-03-18,80.44535827636719
2025-03-19,80.6829605102539
2025-03-20,80.00814819335938
2025-03-21,79.51393127441406
2025-03-24,79.5044174194336
2025-03-25,79.9416275024414
2025-03-26,78.90563201904297
2025-03-27,79.07671356201172
2025-03-28,78.3733901977539
2025-03-31,77.67957305908203
2025-04-01,77.79362487792969
2025-04-02,77.97420501708984
2025-04-03,76.33944702148438
2025-04-04,71.30210876464844
2025-04-07,69.5818099975586
2025-04-08,69.34420776367188
2025-04-09,74.69518280029297
2025-04-10,73.22200775146484
2025-04-11,75.05635070800781
2025-04-14,75.86422729492188
2025-04-15,76.54854583740234
2025-04-16,76.25391387939453
2025-04-17,77.08079528808594
2025-04-21,76.66260528564453
2025-04-22,78.24983215332031
2025-04-23,78.56348419189453
2025-04-24,79.60897064208984
2025-04-25,79.95112609863281
2025-04-28,80.4833755493164
2025-04-29,80.64494323730469
2025-04-30,80.5499038696289
2025-05-01,80.29328918457031
2025-05-02,81.83300018310547
2025-05-05,81.97557067871094
2025-05-06,81.87100982666016
2025-05-07,81.59538269042969
2025-05-08,81.31026458740234
2025-05-09,81.70944213867188
2025-05-12,82.12763977050781
2025-05-13,82.23218536376953
2025-05-14,81.83300018310547
2025-05-15,82.7264175415039
2025-05-16,82.91650390625
2025-05-19,83.70537567138672
2025-05-20,84.10456085205078
2025-05-21,83.61032104492188
2025-05-22,83.56279754638672
2025-05-23,83.6768569946289
2025-05-27,84.89342498779297
2025-05-28,83.91446685791016
2025-05-29,84.28514099121094
2025-05-30,84.40869903564453
2025-06-02,85.3116226196289
2025-06-03,84.66532135009766
2025-06-04,85.04550170898438
2025-06-05,84.98845672607422
2025-06-06,85.2926025390625
2025-06-09,85.2831039428711
2025-06-10,85.39715576171875
2025-06-11,85.25458526611328
2025-06-12,85.91039276123047
2025-06-13,84.8078842163086
2025-06-16,85.1259994506836
2025-06-17,84.08174133300781
2025-06-18,84.22677612304688
2025-06-20,83.47259521484375
2025-06-23,84.10108184814453
2025-06-24,85.1259994506836
2025-06-25,84.66188049316406
2025-06-26,85.60944366455078
2025-06-27,86.3829574584961
2025-06-30,86.43130493164062
2025-07-01,86.2862777709961
2025-07-02,86.53767395019531
2025-07-03,86.5570068359375
2025-07-07,85.61911010742188
2025-07-08,86.24759674072266
2025-07-09,86.89542388916016
2025-07-10,86.83740997314453
2025-07-11,86.00587463378906
2025-07-14,86.00587463378906
2025-07-15,85.10665893554688
2025-07-16,85.45474243164062
2025-07-17,85.67713165283203
2025-07-18,85.4354019165039
2025-07-21,85.88984680175781
2025-07-22,86.3636245727539
2025-07-23,88.51014709472656
2025-07-24,87.8526611328125
2025-07-25,87.74629211425781
2025-07-28,86.3346176147461
2025-07-29,86.16057586669922
2025-07-30,85.54176330566406
2025-07-31,84.62320709228516
2025-08-01,84.40081787109375
2025-08-04,85.52242279052734
2025-08-05,85.51275634765625
2025-08-06,86.07355499267578
2025-08-07,86.84707641601562
2025-08-08,87.37887573242188
2025-08-11,87.01144409179688
2025-08-12,88.07503509521484
2025-08-13,88.6068344116211
2025-08-14,88.61650848388672
2025-08-15,89.13863372802734
2025-08-18,89.04193878173828
2025-08-19,89.0516128540039
2025-08-20,89.37068939208984
2025-08-21,88.80988311767578
2025-08-22,90.14421844482422
2025-08-25,88.95492553710938
2025-08-26,88.85823059082031
2025-08-27,88.6455078125
2025-08-28,88.97425842285156
2025-08-29,88.45214080810547
2025-09-02,87.58192443847656
2025-09-03,87.71729278564453
2025-09-04,88.35543823242188
2025-09-05,88.75187683105469
2025-09-08,89.64141845703125
2025-09-09,89.34168243408203
2025-09-10,89.32234191894531
2025-09-11,90.26990509033205
2025-09-12,89.91215515136719
2025-09-15,90.51163482666016
2025-09-16,90.26023864746094
2025-09-17,89.92182159423828
2025-09-18,90.26990509033205
2025-09-19,89.92182159423828
2025-09-22,90.21189880371094
2025-09-23,90.03785705566406
2025-09-24,89.51573181152344
2025-09-25,88.8775634765625
2025-09-26,89.56407165527344
2025-09-29,89.91215515136719
2025-09-30,90.27957916259766
2025-10-01,91.02409362792967
2025-10-02,91.16912841796876
2025-10-03,91.93297576904295
2025-10-06,92.14569854736328
2025-10-07,91.34317016601562
2025-10-08,91.61389923095705
2025-10-09,90.85972595214844
2025-10-10,89.18697357177734
2025-10-13,89.9024887084961
2025-10-14,90.30859375
2025-10-15,90.74369049072266
2025-10-16,91.21746826171876
2025-10-17,91.38184356689452
2025-10-20,92.13602447509766
2025-10-21,91.45919799804688
2025-10-22,91.3238296508789
2025-10-23,91.749267578125
2025-10-24,91.89430236816406
2025-10-27,92.53245544433594
2025-10-28,92.49378204345705
2025-10-29,91.97166442871094
2025-10-30,91.5655517578125
2025-10-31,91.3625030517578
2025-11-03,91.40118408203124
2025-11-04,90.46328735351562
2025-11-05,91.0434341430664
2025-11-06,90.8403778076172
2025-11-07,91.17880249023438
2025-11-10,92.13602447509766
2025-11-11,92.81285858154295
2025-11-12,93.3639907836914
2025-11-13,92.36808013916016
2025-11-14,92.10702514648438
2025-11-17,90.90806579589844
2025-11-18,89.72844696044922
2025-11-19,89.45770263671875
2025-11-20,88.22007751464844
2025-11-21,89.58341217041016
2025-11-24,89.6607666015625
2025-11-25,90.73401641845705
2025-11-26,91.7299346923828
2025-11-28,92.03934478759766
2025-12-01,91.58489227294922
2025-12-02,91.89430236816406
2025-12-03,92.3874282836914
2025-12-04,92.6388168334961
2025-12-05,92.6388168334961
2025-12-08,92.34874725341795
2025-12-09,92.22305297851562
2025-12-10,93.24796295166016
2025-12-11,93.7990951538086
2025-12-12,93.30597686767578
2025-12-15,93.87644958496094
2025-12-16,93.44133758544922
2025-12-17,92.68333435058594
2025-12-18,93.3428955078125
2025-12-19,93.9729232788086
2025-12-22,94.2091827392578
2025-12-23,94.79000091552734
2025-12-24,94.90813446044922
2025-12-26,95.06563568115234
2025-12-29,94.7801513671875
2025-12-30,94.93766021728516
2025-12-31,94.53404235839844
2026-01-02,95.52831268310548
2026-01-05,96.62102508544922
2026-01-06,96.76869201660156
2026-01-07,96.40444946289062
2026-01-08,96.41429901123048
2026-01-09,97.27073669433594
2026-01-12,97.86139678955078
2026-01-13,97.3002700805664
2026-01-14,97.75311279296876
2026-01-15,97.71372985839844
2026-01-16,97.97952270507812
2026-01-20,96.4930419921875
2026-01-21,97.48731231689452
2026-01-22,97.8712387084961
2026-01-23,98.41267395019533
2026-01-26,98.9048843383789
2026-01-27,100.49964141845705
2026-01-28,99.43647003173828
2026-01-29,100.10588073730467
2026-01-30,99.17066955566406
2026-02-02,99.82039642333984
2026-02-03,99.86961364746094
2026-02-04,100.19447326660156
2026-02-05,98.7670669555664
2026-02-06,101.01154327392578
2026-02-09,102.37004089355467
2026-02-10,102.61614990234376
2026-02-11,103.30525207519533
2026-02-12,102.52755737304688
2026-02-13,102.61614990234376
2026-02-17,102.59646606445312
2026-02-18,102.71459197998048
2026-02-19,102.42911529541016
2026-02-20,103.265869140625
2026-02-23,102.84256744384766
2026-02-24,103.02960968017578
2026-02-25,104.0140380859375
2026-02-26,103.92543029785156
2026-02-27,103.73838806152344
2026-03-02,101.6907958984375
2026-03-03,98.53079986572266
2026-03-04,99.80070495605467
2026-03-05,97.61529541015624
2026-03-06,96.74899291992188
2026-03-09,97.44793701171876
2026-03-10,97.67435455322266
2026-03-11,97.4676284790039
2026-03-12,95.9417724609375
2026-03-13,94.79984283447266
2026-03-16,96.5718002319336
2026-03-17,96.8376007080078
2026-03-18,95.18376922607422
2026-03-19,95.01641082763672
2026-03-20,92.1320571899414
2026-03-23,94.34700012207033
2026-03-24,93.78588104248048
2026-03-25,95.15423583984376
2026-03-26,93.18539428710938
2026-03-27,92.33879089355467
2026-03-30,92.60457611083984
2026-03-31,95.61690521240234
2026-04-01,97.07386016845705
2026-04-02,96.47335815429688
2026-04-06,96.95572662353516
2026-04-07,96.81790161132812
2026-04-08,100.59809112548828
2026-04-09,100.36182403564452
2026-04-10,100.58824157714844
2026-04-13,101.20842742919922
2026-04-14,102.02549743652344
2026-04-15,101.7006378173828
2026-04-16,101.40531158447266
2026-04-17,102.69490814208984
2026-04-20,102.29129791259766
2026-04-21,100.04680633544922
2026-04-22,100.38151550292967
2026-04-23,99.6628875732422
2026-04-24,100.18462371826172
2026-04-27,99.80070495605467
2026-04-28,99.38724517822266
2026-04-29,98.373291015625
2026-04-30,100.72605895996094
2026-05-01,100.50949096679688
2026-05-04,99.13129425048828
2026-05-05,100.45042419433594
2026-05-06,103.1772689819336
2026-05-07,101.28718566894533
2026-05-08,102.34051513671876
2026-05-11,102.12393951416016
2026-05-12,101.53328704833984
2026-05-13,102.21253967285156
2026-05-14,101.84830474853516
2026-05-15,100.13540649414062
2026-05-18,101.0607681274414
2026-05-19,100.33229064941406
2026-05-20,102.0058135986328
2026-05-21,102.56693267822266
2026-05-22,102.3602066040039
2026-05-26,103.4922866821289
2026-05-27,103.1378936767578
2026-05-28,103.05914306640624
2026-05-29,103.1674346923828
2026-06-01,102.81304168701172
2026-06-02,103.38399505615234
2026-06-03,102.4980239868164
2026-06-04,103.3150863647461
2026-06-05,100.66699981689452
2026-06-08,101.27733612060548
2026-06-09,101.29702758789062
2026-06-10,99.9877471923828
2026-06-11,103.09852600097656
2026-06-12,103.38399505615234
2026-06-15,104.08000183105467
2026-06-16,104.30999755859376
2026-06-17,103.77999877929688
2026-06-18,104.41000366210938
2026-06-22,104.58000183105467
2026-06-23,102.45999908447266
2026-06-24,102.26000213623048
2026-06-25,103.1500015258789
2026-06-26,102.54000091552734
2026-06-29,103.4499969482422
2026-06-30,103.87999725341795
2026-07-01,103.0199966430664
2026-07-02,104.37000274658203
