Date,Close
2006-06-21,0.982716977596283
2006-06-22,0.9595944285392761
2006-06-23,0.9567386507987976
2006-06-26,0.9602745771408081
2006-06-27,0.9243659377098083
2006-06-28,0.935655415058136
2006-06-29,0.9922382831573486
2006-06-30,0.982716977596283
2006-07-03,0.9941421747207642
2006-07-05,0.9549693465232849
2006-07-06,0.9493931531906128
2006-07-07,0.9285829067230225
2006-07-10,0.9132133722305298
2006-07-11,0.9281743764877319
2006-07-12,0.8914505839347839
2006-07-13,0.8630227446556091
2006-07-14,0.8453409075737
2006-07-17,0.8494210243225098
2006-07-18,0.8541817665100098
2006-07-19,0.872680127620697
2006-07-20,0.848876953125
2006-07-21,0.8296991586685181
2006-07-24,0.8603021502494812
2006-07-25,0.8687357902526855
2006-07-26,0.8705037236213684
2006-07-27,0.8616631031036377
2006-07-28,0.8960747122764587
2006-07-31,0.8943068385124207
2006-08-01,0.8637032508850098
2006-08-02,0.8796171545982361
2006-08-03,0.8943068385124207
2006-08-04,0.886146068572998
2006-08-07,0.8754002451896667
2006-08-08,0.8643832802772522
2006-08-09,0.863974928855896
2006-08-10,0.8749920129776001
2006-08-11,0.8664235472679138
2006-08-14,0.874312162399292
2006-08-15,0.919877827167511
2006-08-16,0.9636749029159546
2006-08-17,0.9697961211204529
2006-08-18,0.9684352874755859
2006-08-21,0.9507536888122559
2006-08-22,0.9532013535499573
2006-08-23,0.9371519088745117
2006-08-24,0.9443607926368713
2006-08-25,0.9480334520339966
2006-08-28,0.961635172367096
2006-08-29,0.9677552580833435
2006-08-30,0.9763250350952148
2006-08-31,0.9752366542816162
2006-09-01,0.9840772747993469
2006-09-05,1.0017592906951904
2006-09-06,0.9627232551574707
2006-09-07,0.9541538953781128
2006-09-08,0.9636749029159546
2006-09-11,0.9765967130661011
2006-09-12,1.0145453214645386
2006-09-13,1.0262422561645508
2006-09-14,1.0251539945602417
2006-09-15,1.035083532333374
2006-09-18,1.0342671871185303
2006-09-19,1.0217537879943848
2006-09-20,1.0520853996276855
2006-09-21,1.03848397731781
2006-09-22,1.0205296277999878
2006-09-25,1.0582062005996704
2006-09-26,1.066911220550537
2006-09-27,1.0614705085754395
2006-09-28,1.0677272081375122
2006-09-29,1.0595667362213135
2006-10-02,1.0337234735488892
2006-10-03,1.0410685539245605
2006-10-04,1.088809609413147
2006-10-05,1.1030919551849365
2006-10-06,1.096970558166504
2006-10-09,1.1024115085601807
2006-10-10,1.1085326671600342
2006-10-11,1.1044516563415527
2006-10-12,1.1411765813827515
2006-10-13,1.149881362915039
2006-10-16,1.1520578861236572
2006-10-17,1.129614233970642
2006-10-18,1.1139731407165527
2006-10-19,1.123494029045105
2006-10-20,1.1262143850326538
2006-10-23,1.146344542503357
2006-10-24,1.1354634761810303
2006-10-25,1.1493370532989502
2006-10-26,1.1676989793777466
2006-10-27,1.1346477270126343
2006-10-30,1.1479772329330444
2006-10-31,1.1547781229019165
2006-11-01,1.123494029045105
2006-11-02,1.124582290649414
2006-11-03,1.118053674697876
2006-11-06,1.1432160139083862
2006-11-07,1.1663395166397095
2006-11-08,1.1821168661117554
2006-11-09,1.1656595468521118
2006-11-10,1.1785802841186523
2006-11-13,1.197622537612915
2006-11-14,1.2282265424728394
2006-11-15,1.2359799146652222
2006-11-16,1.248628854751587
2006-11-17,1.2459086179733276
2006-11-20,1.250669240951538
2006-11-21,1.2540696859359741
2006-11-22,1.2698473930358887
2006-11-24,1.2618223428726196
2006-11-27,1.2049680948257446
2006-11-28,1.2085039615631104
2006-11-29,1.2282265424728394
2006-11-30,1.2244184017181396
2006-12-01,1.2080963850021362
2006-12-04,1.2384274005889893
2006-12-05,1.244411826133728
2006-12-06,1.235299825668335
2006-12-07,1.2051035165786743
2006-12-08,1.2173454761505127
2006-12-11,1.2268661260604858
2006-12-12,1.2108166217803955
2006-12-13,1.2139445543289185
2006-12-14,1.2397879362106323
2006-12-15,1.2479486465454102
2006-12-18,1.2193849086761475
2006-12-19,1.2146254777908325
2006-12-20,1.2062410116195679
2006-12-21,1.1895878314971924
2006-12-22,1.167142629623413
2006-12-26,1.1729347705841064
2006-12-27,1.1843746900558472
2006-12-28,1.174383282661438
2006-12-29,1.1735140085220337
2007-01-03,1.1772797107696533
2007-01-04,1.2195631265640259
2007-01-05,1.2018961906433105
2007-01-08,1.209425926208496
2007-01-09,1.2241967916488647
2007-01-10,1.2561990022659302
2007-01-11,1.2771958112716675
2007-01-12,1.2902288436889648
2007-01-16,1.2902288436889648
2007-01-17,1.2667694091796875
2007-01-18,1.214929223060608
2007-01-19,1.2185490131378174
2007-01-22,1.1946561336517334
2007-01-23,1.189008355140686
2007-01-24,1.2250652313232422
2007-01-25,1.1917601823806763
2007-01-26,1.1835055351257324
2007-01-29,1.1904561519622803
2007-01-30,1.1936426162719727
2007-01-31,1.2084121704101562
2007-02-01,1.2098606824874878
2007-02-02,1.2202869653701782
2007-02-05,1.2160875797271729
2007-02-06,1.2105846405029297
2007-02-07,1.2394013404846191
2007-02-08,1.2398357391357422
2007-02-09,1.2011725902557373
2007-02-12,1.1916143894195557
2007-02-13,1.2046480178833008
2007-02-14,1.2407042980194092
2007-02-15,1.253881812095642
2007-02-16,1.2496827840805054
2007-02-20,1.264163613319397
2007-02-21,1.2724175453186035
2007-02-22,1.285884141921997
2007-02-23,1.2742995023727417
2007-02-26,1.2627151012420654
2007-02-27,1.141076922416687
2007-02-28,1.1655492782592773
2007-03-01,1.1533852815628052
2007-03-02,1.112985372543335
2007-03-05,1.0976353883743286
2007-03-06,1.1377464532852173
2007-03-07,1.1273205280303955
2007-03-08,1.1483180522918701
2007-03-09,1.1442633867263794
2007-03-12,1.1548341512680054
2007-03-13,1.1111022233963013
2007-03-14,1.14194655418396
2007-03-15,1.1387602090835571
2007-03-16,1.1345611810684204
2007-03-19,1.1574403047561646
2007-03-20,1.1729347705841064
2007-03-21,1.2163769006729126
2007-03-22,1.2091366052627563
2007-03-23,1.198565125465393
2007-03-26,1.20783269405365
2007-03-27,1.1949732303619385
2007-03-28,1.1702073812484741
2007-03-29,1.1687594652175903
2007-03-30,1.1728148460388184
2007-04-02,1.1684694290161133
2007-04-03,1.2022137641906738
2007-04-04,1.2093111276626587
2007-04-05,1.222345232963562
2007-04-09,1.2164074182510376
2007-04-10,1.2258211374282837
2007-04-11,1.2007664442062378
2007-04-12,1.2216211557388306
2007-04-13,1.225965976715088
2007-04-16,1.2474004030227661
2007-04-17,1.252469778060913
2007-04-18,1.2476905584335327
2007-04-19,1.2487043142318726
2007-04-20,1.2675316333770752
2007-04-23,1.2681108713150024
2007-04-24,1.2782495021820068
2007-04-25,1.3150347471237183
2007-04-26,1.3287938833236694
2007-04-27,1.3302417993545532
2007-04-30,1.2954829931259155
2007-05-01,1.3034487962722778
2007-05-02,1.3201043605804443
2007-05-03,1.3302417993545532
2007-05-04,1.3334286212921143
2007-05-07,1.3303875923156738
2007-05-08,1.3296624422073364
2007-05-09,1.3395109176635742
2007-05-10,1.3059108257293701
2007-05-11,1.3366142511367798
2007-05-14,1.317352294921875
2007-05-15,1.2983797788619995
2007-05-16,1.3225661516189575
2007-05-17,1.3083734512329102
2007-05-18,1.3298081159591675
2007-05-21,1.3483457565307617
2007-05-22,1.349938154220581
2007-05-23,1.3380628824234009
2007-05-24,1.3002629280090332
2007-05-25,1.31416654586792
2007-05-29,1.3309667110443115
2007-05-30,1.354573369026184
2007-05-31,1.371663212776184
2007-06-01,1.3705040216445923
2007-06-04,1.3744149208068848
2007-06-05,1.3762972354888916
2007-06-06,1.3448697328567505
2007-06-07,1.2999733686447144
2007-06-08,1.3348761796951294
2007-06-11,1.3295178413391113
2007-06-12,1.3115596771240234
2007-06-13,1.3374837636947632
2007-06-14,1.3610904216766357
2007-06-15,1.3867244720458984
2007-06-18,1.385276198387146
2007-06-19,1.3835383653640747
2007-06-20,1.3587734699249268
2007-06-21,1.384263277053833
2007-06-22,1.3571803569793701
2007-06-25,1.3505175113677979
2007-06-26,1.3353105783462524
2007-06-27,1.3657253980636597
2007-06-28,1.3692010641098022
2007-06-29,1.3777451515197754
2007-07-02,1.3952699899673462
2007-07-03,1.411345362663269
2007-07-05,1.4274213314056396
2007-07-06,1.444656252861023
2007-07-09,1.4459589719772339
2007-07-10,1.4223520755767822
2007-07-11,1.4463939666748047
2007-07-12,1.483758807182312
2007-07-13,1.5056283473968506
2007-07-16,1.5040348768234253
2007-07-17,1.5190972089767456
2007-07-18,1.5206899642944336
2007-07-19,1.5273528099060059
2007-07-20,1.5144624710083008
2007-07-23,1.5120007991790771
2007-07-24,1.4708696603775024
2007-07-25,1.472898006439209
2007-07-26,1.4403109550476074
2007-07-27,1.382959008216858
2007-07-30,1.421918272972107
2007-07-31,1.361379861831665
2007-08-01,1.377890706062317
2007-08-02,1.4051181077957153
2007-08-03,1.3493589162826538
2007-08-06,1.3758628368377686
2007-08-07,1.3928072452545166
2007-08-08,1.4336490631103516
2007-08-09,1.3621039390563965
2007-08-10,1.3364695310592651
2007-08-13,1.3538485765457153
2007-08-14,1.3106908798217773
2007-08-15,1.2621732950210571
2007-08-16,1.2332077026367188
2007-08-17,1.277090311050415
2007-08-20,1.2853456735610962
2007-08-21,1.321552038192749
2007-08-22,1.3524012565612793
2007-08-23,1.346897006034851
2007-08-24,1.3867244720458984
2007-08-27,1.3594971895217896
2007-08-28,1.3012759685516357
2007-08-29,1.3728216886520386
2007-08-30,1.3939659595489502
2007-08-31,1.4182971715927124
2007-09-04,1.4678285121917725
2007-09-05,1.4375594854354858
2007-09-06,1.4337937831878662
2007-09-07,1.3864350318908691
2007-09-10,1.384263277053833
2007-09-11,1.4193111658096313
2007-09-12,1.4255387783050537
2007-09-13,1.4317665100097656
2007-09-14,1.4316209554672241
2007-09-17,1.4075801372528076
2007-09-18,1.4810082912445068
2007-09-19,1.489842414855957
2007-09-20,1.4802833795547485
2007-09-21,1.498241901397705
2007-09-24,1.5144624710083008
2007-09-25,1.5408214330673218
2007-09-26,1.554580569267273
2007-09-27,1.5750011205673218
2007-09-28,1.5655872821807861
2007-10-01,1.5923800468444824
2007-10-02,1.5960012674331665
2007-10-03,1.571380615234375
2007-10-04,1.578621506690979
2007-10-05,1.6516146659851074
2007-10-08,1.6640701293945312
2007-10-09,1.6828975677490234
2007-10-10,1.6923109292984009
2007-10-11,1.6430696249008179
2007-10-12,1.6905728578567505
2007-10-15,1.66233229637146
2007-10-16,1.6546554565429688
2007-10-17,1.6899938583374023
2007-10-18,1.7014350891113281
2007-10-19,1.620042324066162
2007-10-22,1.654222011566162
2007-10-23,1.7115734815597534
2007-10-24,1.701000690460205
2007-10-25,1.6817387342453003
2007-10-26,1.7028838396072388
2007-10-29,1.7195384502410889
2007-10-30,1.719828486442566
2007-10-31,1.7737045288085938
2007-11-01,1.7205524444580078
2007-11-02,1.73880136013031
2007-11-05,1.717655897140503
2007-11-06,1.7458971738815308
2007-11-07,1.664214849472046
2007-11-08,1.545311450958252
2007-11-09,1.4574012756347656
2007-11-12,1.3809322118759155
2007-11-13,1.4927388429641724
2007-11-14,1.4724630117416382
2007-11-15,1.444656252861023
2007-11-16,1.4730421304702759
2007-11-19,1.4355316162109375
2007-11-20,1.4462496042251587
2007-11-21,1.401931643486023
2007-11-23,1.4361112117767334
2007-11-26,1.3975872993469238
2007-11-27,1.44074547290802
2007-11-28,1.5272072553634644
2007-11-29,1.538793921470642
2007-11-30,1.5273528099060059
2007-12-03,1.4994006156921387
2007-12-04,1.485063076019287
2007-12-05,1.5376346111297607
2007-12-06,1.5719596147537231
2007-12-07,1.5825324058532715
2007-12-10,1.5918008089065552
2007-12-11,1.5231523513793945
2007-12-12,1.5435736179351807
2007-12-13,1.5208349227905273
2007-12-14,1.4975178241729736
2007-12-17,1.4288700819015503
2007-12-18,1.4314764738082886
2007-12-19,1.444656252861023
2007-12-20,1.5044496059417725
2007-12-21,1.5566426515579224
2007-12-24,1.5749558210372925
2007-12-26,1.590979814529419
2007-12-27,1.5467230081558228
2007-12-28,1.5424494743347168
2007-12-31,1.5142170190811157
2008-01-02,1.4658381938934326
2008-01-03,1.4742317199707031
2008-01-04,1.3466484546661377
2008-01-07,1.3292508125305176
2008-01-08,1.268052577972412
2008-01-09,1.3086479902267456
2008-01-10,1.3094112873077393
2008-01-11,1.2732421159744263
2008-01-14,1.3065111637115479
2008-01-15,1.2468408346176147
2008-01-16,1.2102136611938477
2008-01-17,1.1769437789916992
2008-01-18,1.1705347299575806
2008-01-22,1.1068949699401855
2008-01-23,1.1166620254516602
2008-01-24,1.149168848991394
2008-01-25,1.0988067388534546
2008-01-28,1.1155939102172852
2008-01-29,1.120782494544983
2008-01-30,1.119409441947937
2008-01-31,1.145352840423584
2008-02-01,1.1827436685562134
2008-02-04,1.1413854360580444
2008-02-05,1.0870553255081177
2008-02-06,1.0408135652542114
2008-02-07,1.0621793270111084
2008-02-08,1.0759153366088867
2008-02-11,1.1000274419784546
2008-02-12,1.0919393301010132
2008-02-13,1.130854845046997
2008-02-14,1.0951439142227173
2008-02-15,1.0911763906478882
2008-02-19,1.0807983875274658
2008-02-20,1.090718150138855
2008-02-21,1.0740838050842285
2008-02-22,1.0835453271865845
2008-02-25,1.0879708528518677
2008-02-26,1.0980439186096191
2008-02-27,1.1050634384155273
2008-02-28,1.0812560319900513
2008-02-29,1.0490559339523315
2008-03-03,1.0263155698776245
2008-03-04,1.0347094535827637
2008-03-05,1.054549217224121
2008-03-06,1.000829815864563
2008-03-07,0.9954882860183716
2008-03-10,0.9558093547821045
2008-03-11,1.0424925088882446
2008-03-12,1.0221954584121704
2008-03-13,1.0386778116226196
2008-03-14,0.9968618750572205
2008-03-17,0.9712228178977966
2008-03-18,1.055312156677246
2008-03-19,1.0026613473892212
2008-03-20,1.031046748161316
2008-03-24,1.1155939102172852
2008-03-25,1.1239873170852661
2008-03-26,1.1018587350845337
2008-03-27,1.0792725086212158
2008-03-28,1.0629421472549438
2008-03-31,1.0675212144851685
2008-04-01,1.1572571992874146
2008-04-02,1.16519296169281
2008-04-03,1.167176604270935
2008-04-04,1.1729763746261597
2008-04-07,1.1664139032363892
2008-04-08,1.1560362577438354
2008-04-09,1.130854845046997
2008-04-10,1.1577153205871582
2008-04-11,1.0956019163131714
2008-04-14,1.0797299146652222
2008-04-15,1.0812560319900513
2008-04-16,1.1612247228622437
2008-04-17,1.1636661291122437
2008-04-18,1.2100605964660645
2008-04-21,1.2262381315231323
2008-04-22,1.2025820016860962
2008-04-23,1.2154021263122559
2008-04-24,1.2318838834762573
2008-04-25,1.233105182647705
2008-04-28,1.2373783588409424
2008-04-29,1.2526391744613647
2008-04-30,1.233867883682251
2008-05-01,1.3110899925231934
2008-05-02,1.3254351615905762
2008-05-05,1.3083425760269165
2008-05-06,1.3370336294174194
2008-05-07,1.2849931716918945
2008-05-08,1.2866719961166382
2008-05-09,1.2859094142913818
2008-05-12,1.3339815139770508
2008-05-13,1.3417649269104004
2008-05-14,1.3306244611740112
2008-05-15,1.3826645612716675
2008-05-16,1.3826645612716675
2008-05-19,1.3692346811294556
2008-05-20,1.344359040260315
2008-05-21,1.2891137599945068
2008-05-22,1.2865196466445923
2008-05-23,1.282246470451355
2008-05-27,1.325588345527649
2008-05-28,1.341002106666565
2008-05-29,1.3654199838638306
2008-05-30,1.3811393976211548
2008-06-02,1.350158452987671
2008-06-03,1.3336764574050903
2008-06-04,1.3564153909683228
2008-06-05,1.4076929092407227
2008-06-06,1.314447045326233
2008-06-09,1.3118529319763184
2008-06-10,1.2947603464126587
2008-06-11,1.23539400100708
2008-06-12,1.2376840114593506
2008-06-13,1.2840778827667236
2008-06-16,1.3025435209274292
2008-06-17,1.2961338758468628
2008-06-18,1.2674424648284912
2008-06-19,1.3033064603805542
2008-06-20,1.2392096519470215
2008-06-23,1.211586833000183
2008-06-24,1.2039997577667236
2008-06-25,1.2299542427062988
2008-06-26,1.1429293155670166
2008-06-27,1.146134853363037
2008-06-30,1.119875431060791
2008-07-01,1.1491888761520386
2008-07-02,1.092852234840393
2008-07-03,1.0870493650436401
2008-07-07,1.1035386323928833
2008-07-08,1.1426235437393188
2008-07-09,1.0991114377975464
2008-07-10,1.1180434226989746
2008-07-11,1.0835378170013428
2008-07-14,1.0678131580352783
2008-07-15,1.063232421875
2008-07-16,1.1140732765197754
2008-07-17,1.1093406677246094
2008-07-18,1.09529447555542
2008-07-21,1.0962103605270386
2008-07-22,1.09529447555542
2008-07-23,1.1203336715698242
2008-07-24,1.0820119380950928
2008-07-25,1.1110193729400635
2008-07-28,1.0772781372070312
2008-07-29,1.109493613243103
2008-07-30,1.1285769939422607
2008-07-31,1.1247611045837402
2008-08-01,1.0975840091705322
2008-08-04,1.0755987167358398
2008-08-05,1.1417080163955688
2008-08-06,1.1759073734283447
2008-08-07,1.1636933088302612
2008-08-08,1.2093424797058105
2008-08-11,1.232092022895813
2008-08-12,1.2369778156280518
2008-08-13,1.2310229539871216
2008-08-14,1.2604889869689941
2008-08-15,1.2612520456314087
2008-08-18,1.2339242696762085
2008-08-19,1.2030830383300781
2008-08-20,1.196212649345398
2008-08-21,1.1820144653320312
2008-08-22,1.2152971029281616
2008-08-25,1.1701050996780396
2008-08-26,1.1653721332550049
2008-08-27,1.176975131034851
2008-08-28,1.1833882331848145
2008-08-29,1.1462881565093994
2008-09-02,1.1174321174621582
2008-09-03,1.0969734191894531
2008-09-04,1.0262852907180786
2008-09-05,1.0227735042572021
2008-09-08,1.0111699104309082
2008-09-09,0.9731541275978088
2008-09-10,0.9820089936256409
2008-09-11,1.0217046737670898
2008-09-12,1.0256747007369995
2008-09-15,0.9586498141288757
2008-09-16,0.9649093747138977
2008-09-17,0.8687241673469543
2008-09-18,0.9314731359481812
2008-09-19,0.9670472145080566
2008-09-22,0.8939154744148254
2008-09-23,0.8763574361801147
2008-09-24,0.8945261836051941
2008-09-25,0.9036867618560791
2008-09-26,0.8977320790290833
2008-09-29,0.7244452238082886
2008-09-30,0.7997147440910339
2008-10-01,0.7787975072860718
2008-10-02,0.7160487174987793
2008-10-03,0.6832231283187866
2008-10-06,0.6192519068717957
2008-10-07,0.557266354560852
2008-10-08,0.543066680431366
2008-10-09,0.5010815858840942
2008-10-10,0.5085623860359192
2008-10-13,0.6336038708686829
2008-10-14,0.5748230218887329
2008-10-15,0.469782292842865
2008-10-16,0.5232192873954773
2008-10-17,0.5221501588821411
2008-10-20,0.557266354560852
2008-10-21,0.5012340545654297
2008-10-22,0.46733951568603516
2008-10-23,0.46306461095809937
2008-10-24,0.43634700775146484
2008-10-27,0.41085001826286316
2008-10-28,0.4968065321445465
2008-10-29,0.5021494626998901
2008-10-30,0.5282571315765381
2008-10-31,0.5310059785842896
2008-11-03,0.5334486961364746
2008-11-04,0.5638303756713867
2008-11-05,0.5023029446601868
2008-11-06,0.4548206031322479
2008-11-07,0.4746679365634918
2008-11-10,0.4667288362979889
2008-11-11,0.44825538992881775
2008-11-12,0.4029110074043274
2008-11-13,0.4500875473022461
2008-11-14,0.4058120846748352
2008-11-17,0.39008617401123047
2008-11-18,0.3865743577480316
2008-11-19,0.34657397866249084
2008-11-20,0.31496986746788025
2008-11-21,0.3397027850151062
2008-11-24,0.3801625370979309
2008-11-25,0.37756630778312683
2008-11-26,0.40871208906173706
2008-11-28,0.40367409586906433
2008-12-01,0.3436727821826935
2008-12-02,0.36565813422203064
2008-12-03,0.3839791417121887
2008-12-04,0.3633677661418915
2008-12-05,0.39252904057502747
2008-12-08,0.4236747920513153
2008-12-09,0.4203154742717743
2008-12-10,0.41985827684402466
2008-12-11,0.39665156602859497
2008-12-12,0.4120715260505676
2008-12-15,0.39771947264671326
2008-12-16,0.4351256489753723
2008-12-17,0.424896240234375
2008-12-18,0.41115492582321167
2008-12-19,0.41573566198349
2008-12-22,0.3995516300201416
2008-12-23,0.3945135176181793
2008-12-24,0.3955824673175812
2008-12-26,0.3958873748779297
2008-12-29,0.3858112394809723
2008-12-30,0.4033691883087158
2008-12-31,0.41054418683052063
2009-01-02,0.44672906398773193
2009-01-05,0.44672906398773193
2009-01-06,0.45588964223861694
2009-01-07,0.4303925037384033
2009-01-08,0.4397054612636566
2009-01-09,0.42016303539276123
2009-01-12,0.40459057688713074
2009-01-13,0.40413224697113037
2009-01-14,0.37985658645629883
2009-01-15,0.39100179076194763
2009-01-16,0.40077295899391174
2009-01-20,0.3626045882701874
2009-01-21,0.390391081571579
2009-01-22,0.3821469843387604
2009-01-23,0.3836733102798462
2009-01-26,0.3894754946231842
2009-01-27,0.3958873748779297
2009-01-28,0.4223009943962097
2009-01-29,0.40199434757232666
2009-01-30,0.38672688603401184
2009-02-02,0.39680391550064087
2009-02-03,0.40947628021240234
2009-02-04,0.4097811281681061
2009-02-05,0.4284079968929291
2009-02-06,0.4502398669719696
2009-02-09,0.4552788734436035
2009-02-10,0.4210796058177948
2009-02-11,0.4180262088775635
2009-02-12,0.4274914860725403
2009-02-13,0.422911673784256
2009-02-17,0.39084938168525696
2009-02-18,0.38978034257888794
2009-02-19,0.37863531708717346
2009-02-20,0.3797042667865753
2009-02-23,0.35359641909599304
2009-02-24,0.375581830739975
2009-02-25,0.3713068962097168
2009-02-26,0.3511536717414856
2009-02-27,0.3438252806663513
2009-03-02,0.32214584946632385
2009-03-03,0.3215351700782776
2009-03-04,0.33787065744400024
2009-03-05,0.31832826137542725
2009-03-06,0.3134426176548004
2009-03-09,0.2992440164089203
2009-03-10,0.3357337415218353
2009-03-11,0.34580978751182556
2009-03-12,0.3691698908805847
2009-03-13,0.3719175457954407
2009-03-16,0.3583296537399292
2009-03-17,0.3853529393672943
2009-03-18,0.395124226808548
2009-03-19,0.39497193694114685
2009-03-20,0.3835209310054779
2009-03-23,0.4287128150463104
2009-03-24,0.4135977029800415
2009-03-25,0.4163464307785034
2009-03-26,0.44245412945747375
2009-03-27,0.42474377155303955
2009-03-30,0.40321585536003113
2009-03-31,0.4123762845993042
2009-04-01,0.42382723093032837
2009-04-02,0.4510039985179901
2009-04-03,0.4674929082393646
2009-04-06,0.46474429965019226
2009-04-07,0.43924713134765625
2009-04-08,0.45588964223861694
2009-04-09,0.483217716217041
2009-04-13,0.4819963872432709
2009-04-14,0.46962985396385193
2009-04-15,0.46901920437812805
2009-04-16,0.49222591519355774
2009-04-17,0.4925316870212555
2009-04-20,0.460775226354599
2009-04-21,0.4740571677684784
2009-04-22,0.47833219170570374
2009-04-23,0.4882567822933197
2009-04-24,0.5044398307800293
2009-04-27,0.504898190498352
2009-04-28,0.4978747069835663
2009-04-29,0.5111575722694397
2009-04-30,0.5209289193153381
2009-05-01,0.5236774682998657
2009-05-04,0.5458149909973145
2009-05-05,0.5441355109214783
2009-05-06,0.5439831018447876
2009-05-07,0.5180279612541199
2009-05-08,0.5198599696159363
2009-05-11,0.5230668783187866
2009-05-12,0.5100888013839722
2009-05-13,0.4818439483642578
2009-05-14,0.49222591519355774
2009-05-15,0.49115678668022156
2009-05-18,0.5172645449638367
2009-05-19,0.5232192873954773
2009-05-20,0.5189443230628967
2009-05-21,0.5000125169754028
2009-05-22,0.49619588255882263
2009-05-26,0.5340595245361328
2009-05-27,0.5252039432525635
2009-05-28,0.5394022464752197
2009-05-29,0.5511592030525208
2009-06-01,0.5844417810440063
2009-06-02,0.5844417810440063
2009-06-03,0.5829156041145325
2009-06-04,0.5946714282035828
2009-06-05,0.5961976647377014
2009-06-08,0.59161776304245
2009-06-09,0.6015415191650391
2009-06-10,0.5968083143234253
2009-06-11,0.5961976647377014
2009-06-12,0.5919228196144104
2009-06-15,0.5664266347885132
2009-06-16,0.5565020442008972
2009-06-17,0.5658161640167236
2009-06-18,0.5629147291183472
2009-06-19,0.5755872130393982
2009-06-22,0.543066680431366
2009-06-23,0.5400130152702332
2009-06-24,0.5575709342956543
2009-06-25,0.5803194046020508
2009-06-26,0.582457423210144
2009-06-29,0.5841372013092041
2009-06-30,0.5816941857337952
2009-07-01,0.5826098918914795
2009-07-02,0.5575709342956543
2009-07-06,0.5523803234100342
2009-07-07,0.5247455835342407
2009-07-08,0.5294786691665649
2009-07-09,0.5305477380752563
2009-07-10,0.5358915328979492
2009-07-13,0.5557389259338379
2009-07-14,0.5597090125083923
2009-07-15,0.5969618558883667
2009-07-16,0.6113128662109375
2009-07-17,0.6178781390190125
2009-07-20,0.6299397349357605
2009-07-21,0.6397109031677246
2009-07-22,0.6488714814186096
2009-07-23,0.6781851649284363
2009-07-24,0.6775744557380676
2009-07-27,0.6786425113677979
2009-07-28,0.6830705404281616
2009-07-29,0.6775744557380676
2009-07-30,0.6853601336479187
2009-07-31,0.6806278228759766
2009-08-03,0.7012386918067932
2009-08-04,0.7007811069488525
2009-08-05,0.6911622881889343
2009-08-06,0.6791006922721863
2009-08-07,0.6946740746498108
2009-08-10,0.6871923208236694
2009-08-11,0.6748258471488953
2009-08-12,0.6955896615982056
2009-08-13,0.7026132345199585
2009-08-14,0.6865816116333008
2009-08-17,0.6465811729431152
2009-08-18,0.6647495627403259
2009-08-19,0.6740628480911255
2009-08-20,0.6903991103172302
2009-08-21,0.7074988484382629
2009-08-24,0.7064297795295715
2009-08-25,0.7111630439758301
2009-08-26,0.7093310356140137
2009-08-27,0.7122310996055603
2009-08-28,0.713910698890686
2009-08-31,0.698795735836029
2009-09-01,0.6728412508964539
2009-09-02,0.6714674830436707
2009-09-03,0.6806278228759766
2009-09-04,0.7093310356140137
2009-09-08,0.7235295176506042
2009-09-09,0.7355912327766418
2009-09-10,0.7493314743041992
2009-09-11,0.7505530118942261
2009-09-14,0.756507396697998
2009-09-15,0.7615456581115723
2009-09-16,0.7838364839553833
2009-09-17,0.7832258939743042
2009-09-18,0.7870424389839172
2009-09-21,0.7904009222984314
2009-09-22,0.7937602996826172
2009-09-23,0.7855154275894165
2009-09-24,0.7720797657966614
2009-09-25,0.7586443424224854
2009-09-28,0.784294068813324
2009-09-29,0.7777296304702759
2009-09-30,0.7781868577003479
2009-10-01,0.7328423261642456
2009-10-02,0.7278045415878296
2009-10-05,0.7398661971092224
2009-10-06,0.7655156254768372
2009-10-07,0.7699429392814636
2009-10-08,0.7769656181335449
2009-10-09,0.7849045991897583
2009-10-12,0.7887220978736877
2009-10-13,0.7885689735412598
2009-10-14,0.8102491497993469
2009-10-15,0.8073481917381287
2009-10-16,0.7969661951065063
2009-10-19,0.8116231560707092
2009-10-20,0.8125395178794861
2009-10-21,0.8093326091766357
2009-10-22,0.8165087103843689
2009-10-23,0.8099433183670044
2009-10-26,0.8041420578956604
2009-10-27,0.7803246974945068
2009-10-28,0.7447517514228821
2009-10-29,0.7693321108818054
2009-10-30,0.7282627820968628
2009-11-02,0.7340641617774963
2009-11-03,0.7391018867492676
2009-11-04,0.741544783115387
2009-11-05,0.7774237990379333
2009-11-06,0.7870424389839172
2009-11-09,0.8207836151123047
2009-11-10,0.8233788013458252
2009-11-11,0.8346773386001587
2009-11-12,0.8259750604629517
2009-11-13,0.8398677110671997
2009-11-16,0.8569675087928772
2009-11-17,0.8615481853485107
2009-11-18,0.8526924848556519
2009-11-19,0.8252107501029968
2009-11-20,0.8180361390113831
2009-11-23,0.8427688479423523
2009-11-24,0.8374249339103699
2009-11-25,0.8444486260414124
2009-11-27,0.8192573189735413
2009-11-30,0.8201730251312256
2009-12-01,0.8375781774520874
2009-12-02,0.8404785990715027
2009-12-03,0.8336084485054016
2009-12-04,0.8418534398078918
2009-12-07,0.8336084485054016
2009-12-08,0.8233788013458252
2009-12-09,0.8398677110671997
2009-12-10,0.8484175205230713
2009-12-11,0.8423105478286743
2009-12-14,0.8577315807342529
2009-12-15,0.8487234711647034
2009-12-16,0.851013720035553
2009-12-17,0.8305549025535583
2009-12-18,0.8565101623535156
2009-12-21,0.8763574361801147
2009-12-22,0.8867394328117371
2009-12-23,0.8992593288421631
2009-12-24,0.9157482981681824
2009-12-28,0.9249086976051331
2009-12-29,0.9177327752113342
2009-12-30,0.9230767488479614
2009-12-31,0.9081140160560608
2010-01-04,0.9323896765708923
2010-01-05,0.9330003261566162
2010-01-06,0.9227707982063293
2010-01-07,0.9229235053062439
2010-01-08,0.9378859400749207
2010-01-11,0.9310159087181091
2010-01-12,0.9078091382980347
2010-01-13,0.9294885993003845
2010-01-14,0.930709958076477
2010-01-15,0.9099461436271667
2010-01-19,0.9384966492652893
2010-01-20,0.9122363328933716
2010-01-21,0.8943737745285034
2010-01-22,0.8429214358329773
2010-01-25,0.8478069305419922
2010-01-26,0.8496391177177429
2010-01-27,0.8623114824295044
2010-01-28,0.8192573189735413
2010-01-29,0.7899438738822937
2010-02-01,0.8064326047897339
2010-02-02,0.8212419152259827
2010-02-03,0.8307072520256042
2010-02-04,0.7835306525230408
2010-02-05,0.7946758270263672
2010-02-08,0.7845996618270874
2010-02-09,0.8007827997207642
2010-02-10,0.7974244356155396
2010-02-11,0.8207836151123047
2010-02-12,0.8247535824775696
2010-02-16,0.8455175161361694
2010-02-17,0.854524552822113
2010-02-18,0.8655173182487488
2010-02-19,0.8644492626190186
2010-02-22,0.8607850074768066
2010-02-23,0.8389521837234497
2010-02-24,0.8554412126541138
2010-02-25,0.8572731614112854
2010-02-26,0.8623114824295044
2010-03-01,0.8865870237350464
2010-03-02,0.8919307589530945
2010-03-03,0.8940678238868713
2010-03-04,0.8997167348861694
2010-03-05,0.9262825846672058
2010-03-08,0.9305575489997864
2010-03-09,0.9432299733161926
2010-03-10,0.9560546278953552
2010-03-11,0.9629247784614563
2010-03-12,0.9642984867095947
2010-03-15,0.9603294730186462
2010-03-16,0.9720853567123413
2010-03-17,0.9755971431732178
2010-03-18,0.9824670553207397
2010-03-19,0.971168577671051
2010-03-22,0.9885742664337158
2010-03-23,1.0027726888656616
2010-03-24,0.9931540489196777
2010-03-25,0.9888790845870972
2010-03-26,0.9923908114433289
2010-03-29,1.001246452331543
2010-03-30,1.0076582431793213
2010-03-31,0.9991087913513184
2010-04-01,0.9981931447982788
2010-04-05,1.015903353691101
2010-04-06,1.0215520858764648
2010-04-07,1.017735481262207
2010-04-08,1.020635962486267
2010-04-09,1.0333077907562256
2010-04-12,1.0348353385925293
2010-04-13,1.04552161693573
2010-04-14,1.0707132816314697
2010-04-15,1.0800269842147827
2010-04-16,1.054530143737793
2010-04-19,1.052698016166687
2010-04-20,1.0636905431747437
2010-04-21,1.0755987167358398
2010-04-22,1.0868972539901733
2010-04-23,1.0962103605270386
2010-04-26,1.090866208076477
2010-04-27,1.0459803342819214
2010-04-28,1.0468957424163818
2010-04-29,1.0821640491485596
2010-04-30,1.041246771812439
2010-05-03,1.069186806678772
2010-05-04,1.0046049356460571
2010-05-05,0.9948336482048035
2010-05-06,0.9290302395820618
2010-05-07,0.8842965364456177
2010-05-10,0.972543478012085
2010-05-11,0.9714745879173279
2010-05-12,1.0076582431793213
2010-05-13,0.9762079119682312
2010-05-14,0.9395655989646912
2010-05-17,0.9453667402267456
2010-05-18,0.9192591309547424
2010-05-19,0.9030758142471313
2010-05-20,0.8378833532333374
2010-05-21,0.8551353812217712
2010-05-24,0.8473495841026306
2010-05-25,0.8493340611457825
2010-05-26,0.8287228345870972
2010-05-27,0.8937629461288452
2010-05-28,0.8823121190071106
2010-06-01,0.8653647899627686
2010-06-02,0.9078091382980347
2010-06-03,0.923839807510376
2010-06-04,0.8630743026733398
2010-06-07,0.8308606147766113
2010-06-08,0.8273486495018005
2010-06-09,0.812691867351532
2010-06-10,0.8589529991149902
2010-06-11,0.8749837279319763
2010-06-14,0.8751359581947327
2010-06-15,0.9217019081115723
2010-06-16,0.9305575489997864
2010-06-17,0.9359013438224792
2010-06-18,0.9384966492652893
2010-06-21,0.9249086976051331
2010-06-22,0.906740128993988
2010-06-23,0.9003272652626038
2010-06-24,0.8722350597381592
2010-06-25,0.8687241673469543
2010-06-28,0.8633802533149719
2010-06-29,0.79681396484375
2010-06-30,0.7725381255149841
2010-07-01,0.7679582834243774
2010-07-02,0.763529896736145
2010-07-06,0.7675001621246338
2010-07-07,0.8162038326263428
2010-07-08,0.8247535824775696
2010-07-09,0.8412426710128784
2010-07-12,0.8458223938941956
2010-07-13,0.8665862083435059
2010-07-14,0.8766634464263916
2010-07-15,0.8788003921508789
2010-07-16,0.8304022550582886
2010-07-19,0.8438378572463989
2010-07-20,0.863227903842926
2010-07-21,0.8407843112945557
2010-07-22,0.8829228281974792
2010-07-23,0.894220232963562
2010-07-26,0.9081140160560608
2010-07-27,0.9075033068656921
2010-07-28,0.8936096429824829
2010-07-29,0.8801741003990173
2010-07-30,0.8846023678779602
2010-08-02,0.9169697165489197
2010-08-03,0.9097936749458313
2010-08-04,0.9282670021057129
2010-08-05,0.923839807510376
2010-08-06,0.9207862615585327
2010-08-09,0.9325420260429382
2010-08-10,0.9180375933647156
2010-08-11,0.8671970367431641
2010-08-12,0.8525400161743164
2010-08-13,0.840631902217865
2010-08-16,0.8438378572463989
2010-08-17,0.8652123212814331
2010-08-18,0.8716242909431458
2010-08-19,0.8455175161361694
2010-08-20,0.8476544618606567
2010-08-23,0.831013023853302
2010-08-24,0.8009365200996399
2010-08-25,0.8151348829269409
2010-08-26,0.7963553667068481
2010-08-27,0.8163561820983887
2010-08-30,0.7986459136009216
2010-08-31,0.7942187190055847
2010-09-01,0.8397156000137329
2010-09-02,0.859257698059082
2010-09-03,0.8885715007781982
2010-09-07,0.8754420280456543
2010-09-08,0.8962057828903198
2010-09-09,0.9029235243797302
2010-09-10,0.909487783908844
2010-09-13,0.9355956315994263
2010-09-14,0.9430764317512512
2010-09-15,0.9551382064819336
2010-09-16,0.9624665379524231
2010-09-17,0.9687259197235107
2010-09-20,1.0024681091308594
2010-09-21,1.0001776218414307
2010-09-22,0.9968181848526001
2010-09-23,0.9960547685623169
2010-09-24,1.0362087488174438
2010-09-27,1.0255210399627686
2010-09-28,1.0270488262176514
2010-09-29,1.021093726158142
2010-09-30,1.0120857954025269
2010-10-01,1.0099493265151978
2010-10-04,0.987811267375946
2010-10-05,1.0352920293807983
2010-10-06,1.0188034772872925
2010-10-07,1.024453043937683
2010-10-08,1.0369720458984375
2010-10-11,1.0400258302688599
2010-10-12,1.055293083190918
2010-10-13,1.0716297626495361
2010-10-14,1.067507028579712
2010-10-15,1.1125468015670776
2010-10-18,1.1093406677246094
2010-10-19,1.0829271078109741
2010-10-20,1.0988056659698486
2010-10-21,1.1032341718673706
2010-10-22,1.1185016632080078
2010-10-25,1.1276617050170898
2010-10-26,1.1343796253204346
2010-10-27,1.1424713134765625
2010-10-28,1.1468985080718994
2010-10-29,1.143081784248352
2010-11-01,1.1433868408203125
2010-11-02,1.1673574447631836
2010-11-03,1.178807258605957
2010-11-04,1.2065950632095337
2010-11-05,1.2069001197814941
2010-11-08,1.2099530696868896
2010-11-09,1.194685935974121
2010-11-10,1.1908692121505737
2010-11-11,1.1937702894210815
2010-11-12,1.1536165475845337
2010-11-15,1.1464405059814453
2010-11-16,1.1079658269882202
2010-11-17,1.1140732765197754
2010-11-18,1.1497997045516968
2010-11-19,1.1514791250228882
2010-11-22,1.1716324090957642
2010-11-23,1.1349903345108032
2010-11-24,1.179724097251892
2010-11-26,1.1638456583023071
2010-11-29,1.1633872985839844
2010-11-30,1.133462905883789
2010-12-01,1.1815557479858398
2010-12-02,1.2064423561096191
2010-12-03,1.2119389772415161
2010-12-06,1.2108696699142456
2010-12-07,1.2133126258850098
2010-12-08,1.2227777242660522
2010-12-09,1.2238470315933228
2010-12-10,1.2401835918426514
2010-12-13,1.2319387197494507
2010-12-14,1.234534502029419
2010-12-15,1.2249159812927246
2010-12-16,1.2423206567764282
2010-12-17,1.246138095855713
2010-12-20,1.2487332820892334
2010-12-21,1.2618629932403564
2010-12-22,1.2630841732025146
2010-12-23,1.2563667297363281
2010-12-27,1.2565199136734009
2010-12-28,1.2528557777404785
2010-12-29,1.257893681526184
2010-12-30,1.2514809370040894
2010-12-31,1.243236780166626
2011-01-03,1.2814055681228638
2011-01-04,1.2791157960891724
2011-01-05,1.3014063835144043
2011-01-06,1.3093454837799072
2011-01-07,1.3076659440994263
2011-01-10,1.3163690567016602
2011-01-11,1.3198798894882202
2011-01-12,1.3385064601898193
2011-01-13,1.3415601253509521
2011-01-14,1.3607966899871826
2011-01-18,1.368125319480896
2011-01-19,1.337437629699707
2011-01-20,1.316521406173706
2011-01-21,1.2968263626098633
2011-01-24,1.333315134048462
2011-01-25,1.3362163305282593
2011-01-26,1.3517897129058838
2011-01-27,1.367972731590271
2011-01-28,1.2985050678253174
2011-01-31,1.3114829063415527
2011-02-01,1.3597286939620972
2011-02-02,1.3554539680480957
2011-02-03,1.3594229221343994
2011-02-04,1.3759113550186157
2011-02-07,1.3891948461532593
2011-02-08,1.4088892936706543
2011-02-09,1.4026304483413696
2011-02-10,1.4076682329177856
2011-02-11,1.4267522096633911
2011-02-14,1.4336233139038086
2011-02-15,1.4301118850708008
2011-02-16,1.44904363155365
2011-02-17,1.4478226900100708
2011-02-18,1.441867709159851
2011-02-22,1.3565218448638916
2011-02-23,1.3345364332199097
2011-02-24,1.3475145101547241
2011-02-25,1.3858352899551392
2011-02-28,1.392858862876892
2011-03-01,1.3484300374984741
2011-03-02,1.3615604639053345
2011-03-03,1.4149967432022095
2011-03-04,1.3994243144989014
2011-03-07,1.3632398843765259
2011-03-08,1.3734687566757202
2011-03-09,1.3542325496673584
2011-03-10,1.3133152723312378
2011-03-11,1.3282771110534668
2011-03-14,1.3186583518981934
2011-03-15,1.2827801704406738
2011-03-16,1.2209458351135254
2011-03-17,1.2421684265136719
2011-03-18,1.2371299266815186
2011-03-21,1.282474160194397
2011-03-22,1.2809480428695679
2011-03-23,1.2937724590301514
2011-03-24,1.3427813053131104
2011-03-25,1.3461401462554932
2011-03-28,1.3301092386245728
2011-03-29,1.3562167882919312
2011-03-30,1.3694998025894165
2011-03-31,1.3736214637756348
2011-04-01,1.3746901750564575
2011-04-04,1.3664462566375732
2011-04-05,1.3580491542816162
2011-04-06,1.364614486694336
2011-04-07,1.3640036582946777
2011-04-08,1.3507204055786133
2011-04-11,1.3417121171951294
2011-04-12,1.3238496780395508
2011-04-13,1.3456825017929077
2011-04-14,1.3398802280426025
2011-04-15,1.3356056213378906
2011-04-18,1.3163690567016602
2011-04-19,1.333009958267212
2011-04-20,1.392400860786438
2011-04-21,1.4145382642745972
2011-04-25,1.4226306676864624
2011-04-26,1.4375931024551392
2011-04-27,1.4577463865280151
2011-04-28,1.454081654548645
2011-04-29,1.4528603553771973
2011-05-02,1.4466009140014648
2011-05-03,1.4316380023956299
2011-05-04,1.428584337234497
2011-05-05,1.411332607269287
2011-05-06,1.4223251342773438
2011-05-09,1.4325547218322754
2011-05-10,1.4560662508010864
2011-05-11,1.4346916675567627
2011-05-12,1.4508755207061768
2011-05-13,1.417286992073059
2011-05-16,1.367972731590271
2011-05-17,1.374996304512024
2011-05-18,1.3992711305618286
2011-05-19,1.4069052934646606
2011-05-20,1.3855302333831787
2011-05-23,1.3459874391555786
2011-05-24,1.3287352323532104
2011-05-25,1.3386586904525757
2011-05-26,1.355758547782898
2011-05-27,1.3690414428710938
2011-05-31,1.4114850759506226
2011-06-01,1.3507204055786133
2011-06-02,1.3571325540542603
2011-06-03,1.3168261051177979
2011-06-06,1.293925166130066
2011-06-07,1.290260910987854
2011-06-08,1.2707188129425049
2011-06-09,1.2743828296661377
2011-06-10,1.2368241548538208
2011-06-13,1.2349919080734253
2011-06-14,1.2659857273101807
2011-06-15,1.2215566635131836
2011-06-16,1.211174488067627
2011-06-17,1.2029305696487427
2011-06-20,1.2146860361099243
2011-06-21,1.266443133354187
2011-06-22,1.249496340751648
2011-06-23,1.2727032899856567
2011-06-24,1.2282742261886597
2011-06-27,1.2681232690811157
2011-06-28,1.304765224456787
2011-06-29,1.3162156343460083
2011-06-30,1.3501099348068237
2011-07-01,1.391485333442688
2011-07-05,1.4046146869659424
2011-07-06,1.4127064943313599
2011-07-07,1.453471064567566
2011-07-08,1.4444628953933716
2011-07-11,1.3937746286392212
2011-07-12,1.370568037033081
2011-07-13,1.382477045059204
2011-07-14,1.3507204055786133
2011-07-15,1.3862940073013306
2011-07-18,1.3719426393508911
2011-07-19,1.4346916675567627
2011-07-20,1.4212563037872314
2011-07-21,1.442020058631897
2011-07-22,1.4707226753234863
2011-07-25,1.4656846523284912
2011-07-26,1.4708764553070068
2011-07-27,1.396523118019104
2011-07-28,1.40095055103302
2011-07-29,1.3910269737243652
2011-08-01,1.38094961643219
2011-08-02,1.3096510171890259
2011-08-03,1.3328579664230347
2011-08-04,1.2107172012329102
2011-08-05,1.194380760192871
2011-08-08,1.054530143737793
2011-08-09,1.1520899534225464
2011-08-10,1.0577361583709717
2011-08-11,1.1507149934768677
2011-08-12,1.169952630996704
2011-08-15,1.2043044567108154
2011-08-16,1.1839988231658936
2011-08-17,1.171021580696106
2011-08-18,1.056972861289978
2011-08-19,1.0183464288711548
2011-08-22,1.0249104499816895
2011-08-23,1.1082723140716553
2011-08-24,1.1253713369369507
2011-08-25,1.0899505615234375
2011-08-26,1.143081784248352
2011-08-29,1.2091903686523438
2011-08-30,1.2236946821212769
2011-08-31,1.229343295097351
2011-09-01,1.2052210569381714
2011-09-02,1.1488831043243408
2011-09-06,1.149341106414795
2011-09-07,1.2070530652999878
2011-09-08,1.1959071159362793
2011-09-09,1.1427760124206543
2011-09-12,1.1731587648391724
2011-09-13,1.203235387802124
2011-09-14,1.2377407550811768
2011-09-15,1.2743828296661377
2011-09-16,1.2960623502731323
2011-09-19,1.2989633083343506
2011-09-20,1.2878185510635376
2011-09-21,1.2424737215042114
2011-09-22,1.1621663570404053
2011-09-23,1.1861361265182495
2011-09-26,1.2133126258850098
2011-09-27,1.2386560440063477
2011-09-28,1.2020138502120972
2011-09-29,1.1742275953292847
2011-09-30,1.1137678623199463
2011-10-03,1.0555989742279053
2011-10-04,1.0988056659698486
2011-10-05,1.1552960872650146
2011-10-06,1.1934643983840942
2011-10-07,1.1785026788711548
2011-10-10,1.259115219116211
2011-10-11,1.2749934196472168
2011-10-12,1.2896502017974854
2011-10-13,1.3137725591659546
2011-10-14,1.3611023426055908
2011-10-17,1.3214070796966553
2011-10-18,1.3522469997406006
2011-10-19,1.300184726715088
2011-10-20,1.288581371307373
2011-10-21,1.3197275400161743
2011-10-24,1.374232292175293
2011-10-25,1.3211010694503784
2011-10-26,1.3172845840454102
2011-10-27,1.3907212018966675
2011-10-28,1.3936222791671753
2011-10-31,1.3476669788360596
2011-11-01,1.2766729593276978
2011-11-02,1.297283411026001
2011-11-03,1.3517897129058838
2011-11-04,1.3383545875549316
2011-11-07,1.3568276166915894
2011-11-08,1.3879735469818115
2011-11-09,1.2920931577682495
2011-11-10,1.288581371307373
2011-11-11,1.336674451828003
2011-11-14,1.3214070796966553
2011-11-15,1.3501099348068237
2011-11-16,1.3043071031570435
2011-11-17,1.2465953826904297
2011-11-18,1.225374460220337
2011-11-21,1.178960919380188
2011-11-22,1.1849143505096436
2011-11-23,1.1313259601593018
2011-11-25,1.1149895191192627
2011-11-28,1.191632628440857
2011-11-29,1.1774334907531738
2011-11-30,1.2643057107925415
2011-12-01,1.2820162773132324
2011-12-02,1.2727032899856567
2011-12-05,1.302017331123352
2011-12-06,1.2957576513290405
2011-12-07,1.2969785928726196
2011-12-08,1.2525502443313599
2011-12-09,1.2920931577682495
2011-12-12,1.2638483047485352
2011-12-13,1.2346868515014648
2011-12-14,1.1975866556167603
2011-12-15,1.1899535655975342
2011-12-16,1.2007925510406494
2011-12-19,1.1794183254241943
2011-12-20,1.2481225728988647
2011-12-21,1.2116328477859497
2011-12-22,1.2323967218399048
2011-12-23,1.2540771961212158
2011-12-27,1.26140558719635
2011-12-28,1.234534502029419
2011-12-29,1.249648928642273
2011-12-30,1.2436952590942383
2012-01-03,1.2890397310256958
2012-01-04,1.300184726715088
2012-01-05,1.3223223686218262
2012-01-06,1.3307199478149414
2012-01-09,1.3230867385864258
2012-01-10,1.3421707153320312
2012-01-11,1.3482774496078491
2012-01-12,1.3592700958251953
2012-01-13,1.3496516942977905
2012-01-17,1.3717892169952393
2012-01-18,1.4084315299987793
2012-01-19,1.427058219909668
2012-01-20,1.4232417345046997
2012-01-23,1.4235461950302124
2012-01-24,1.418508768081665
2012-01-25,1.4536231756210327
2012-01-26,1.4430890083312988
2012-01-27,1.45331871509552
2012-01-30,1.4549980163574219
2012-01-31,1.458508849143982
2012-02-01,1.4814108610153198
2012-02-02,1.4916404485702515
2012-02-03,1.5322513580322266
2012-02-06,1.530877947807312
2012-02-07,1.536832571029663
2012-02-08,1.5510306358337402
2012-02-09,1.5748482942581177
2012-02-10,1.5527105331420898
2012-02-13,1.5800386667251587
2012-02-14,1.5887421369552612
2012-02-15,1.5658398866653442
2012-02-16,1.609962821006775
2012-02-17,1.6000397205352783
2012-02-21,1.607978343963623
2012-02-22,1.59423828125
2012-02-23,1.6156128644943237
2012-02-24,1.6262996196746826
2012-02-27,1.6302697658538818
2012-02-28,1.6632473468780518
2012-02-29,1.6496587991714478
2012-03-01,1.6739345788955688
2012-03-02,1.6721028089523315
2012-03-05,1.6385136842727661
2012-03-06,1.605688214302063
2012-03-07,1.629353404045105
2012-03-08,1.6652318239212036
2012-03-09,1.679277777671814
2012-03-12,1.680652141571045
2012-03-13,1.7423334121704102
2012-03-14,1.7559211254119873
2012-03-15,1.764165997505188
2012-03-16,1.7612648010253906
2012-03-19,1.7888988256454468
2012-03-20,1.7940902709960938
2012-03-21,1.7950055599212646
2012-03-22,1.786609411239624
2012-03-23,1.78615140914917
2012-03-26,1.8473739624023438
2012-03-27,1.851954698562622
2012-03-28,1.837297797203064
2012-03-29,1.8253886699676514
2012-03-30,1.8160754442214966
2012-04-02,1.8531758785247803
2012-04-03,1.8534809350967407
2012-04-04,1.803251028060913
2012-04-05,1.8240147829055786
2012-04-09,1.7976019382476807
2012-04-10,1.7382104396820068
2012-04-11,1.756531834602356
2012-04-12,1.7951592206954956
2012-04-13,1.7418745756149292
2012-04-16,1.7047752141952515
2012-04-17,1.7716466188430786
2012-04-18,1.7617231607437134
2012-04-19,1.7253860235214233
2012-04-20,1.713629961013794
2012-04-23,1.684316635131836
2012-04-24,1.6641628742218018
2012-04-25,1.7525627613067627
2012-04-26,1.7734788656234741
2012-04-27,1.7945483922958374
2012-04-30,1.7693564891815186
2012-05-01,1.7745481729507446
2012-05-02,1.7827917337417603
2012-05-03,1.7456927299499512
2012-05-04,1.6591253280639648
2012-05-07,1.661415457725525
2012-05-08,1.6488958597183228
2012-05-09,1.6433992385864258
2012-05-10,1.6311851739883423
2012-05-11,1.6321016550064087
2012-05-14,1.602177619934082
2012-05-15,1.590574026107788
2012-05-16,1.5688939094543457
2012-05-17,1.502632737159729
2012-05-18,1.4647692441940308
2012-05-21,1.5435500144958496
2012-05-22,1.5408012866973877
2012-05-23,1.5493512153625488
2012-05-24,1.5291980504989624
2012-05-25,1.5230913162231445
2012-05-29,1.5612602233886719
2012-05-30,1.535915493965149
2012-05-31,1.5227859020233154
2012-06-01,1.440952181816101
2012-06-04,1.4623264074325562
2012-06-05,1.4751514196395874
2012-06-06,1.5438549518585205
2012-06-07,1.530114769935608
2012-06-08,1.5612602233886719
2012-06-11,1.5114877223968506
2012-06-12,1.5435500144958496
2012-06-13,1.5227859020233154
2012-06-14,1.5343894958496094
2012-06-15,1.5719472169876099
2012-06-18,1.6015665531158447
2012-06-19,1.6342389583587646
2012-06-20,1.6388194561004639
2012-06-21,1.5554581880569458
2012-06-22,1.5875205993652344
2012-06-25,1.5258396863937378
2012-06-26,1.5466034412384033
2012-06-27,1.5646188259124756
2012-06-28,1.5310301780700684
2012-06-29,1.6256890296936035
2012-07-02,1.6360713243484497
2012-07-03,1.662941575050354
2012-07-05,1.6647738218307495
2012-07-06,1.622941255569458
2012-07-09,1.6183602809906006
2012-07-10,1.5859930515289307
2012-07-11,1.5676720142364502
2012-07-12,1.5398858785629272
2012-07-13,1.5844669342041016
2012-07-16,1.5765280723571777
2012-07-17,1.591489553451538
2012-07-18,1.6354600191116333
2012-07-19,1.6708810329437256
2012-07-20,1.6284377574920654
2012-07-23,1.5899631977081299
2012-07-24,1.56278657913208
2012-07-25,1.5411070585250854
2012-07-26,1.5808027982711792
2012-07-27,1.6601941585540771
2012-07-30,1.6550028324127197
2012-07-31,1.6522551774978638
2012-08-01,1.6437053680419922
2012-08-02,1.6324065923690796
2012-08-03,1.692561388015747
2012-08-06,1.7197366952896118
2012-08-07,1.7487459182739258
2012-08-08,1.7453862428665161
2012-08-09,1.7560746669769287
2012-08-10,1.759738802909851
2012-08-13,1.7673721313476562
2012-08-14,1.7695099115371704
2012-08-15,1.7783647775650024
2012-08-16,1.8198922872543335
2012-08-17,1.835770606994629
2012-08-20,1.8418775796890259
2012-08-21,1.8278312683105469
2012-08-22,1.8415725231170654
2012-08-23,1.8125637769699097
2012-08-24,1.8333276510238647
2012-08-27,1.8397403955459595
2012-08-28,1.8397403955459595
2012-08-29,1.8394348621368408
2012-08-30,1.8027926683425903
2012-08-31,1.8281371593475342
2012-09-04,1.823556661605835
2012-09-05,1.8189765214920044
2012-09-06,1.8986726999282837
2012-09-07,1.8934824466705322
2012-09-10,1.8464581966400146
2012-09-11,1.8403509855270386
2012-09-12,1.851954698562622
2012-09-13,1.8992834091186523
2012-09-14,1.9350099563598633
2012-09-17,1.9362313747406006
2012-09-18,1.9398961067199707
2012-09-19,1.9460026025772095
2012-09-20,1.9429491758346558
2012-09-21,1.9444756507873535
2012-09-24,1.9188261032104492
2012-09-25,1.8660006523132324
2012-09-26,1.8369920253753662
2012-09-27,1.8864588737487793
2012-09-28,1.8574508428573608
2012-10-01,1.8489007949829102
2012-10-02,1.861725926399231
2012-10-03,1.8827946186065674
2012-10-04,1.8968404531478882
2012-10-05,1.8757718801498413
2012-10-08,1.8440155982971191
2012-10-09,1.7856930494308472
2012-10-10,1.7673721313476562
2012-10-11,1.7536317110061646
2012-10-12,1.7527148723602295
2012-10-15,1.7774485349655151
2012-10-16,1.8290526866912842
2012-10-17,1.8278312683105469
2012-10-18,1.7859987020492554
2012-10-19,1.6998895406723022
2012-10-22,1.7182108163833618
2012-10-23,1.684011697769165
2012-10-24,1.6693546772003174
2012-10-25,1.6714916229248047
2012-10-26,1.6812628507614136
2012-10-31,1.6601941585540771
2012-11-01,1.707829236984253
2012-11-02,1.6669117212295532
2012-11-05,1.692561388015747
2012-11-06,1.6998895406723022
2012-11-07,1.6183602809906006
2012-11-08,1.570725679397583
2012-11-09,1.5826345682144165
2012-11-12,1.579886794090271
2012-11-13,1.5600392818450928
2012-11-14,1.5215646028518677
2012-11-15,1.5102660655975342
2012-11-16,1.5230913162231445
2012-11-19,1.5963751077651978
2012-11-20,1.5972918272018433
2012-11-21,1.6049250364303589
2012-11-23,1.6525598764419556
2012-11-26,1.669048547744751
2012-11-27,1.655919075012207
2012-11-28,1.684316635131836
2012-11-29,1.704164743423462
2012-11-30,1.7001945972442627
2012-12-03,1.6943937540054321
2012-12-04,1.6873698234558105
2012-12-05,1.6519490480422974
2012-12-06,1.6730186939239502
2012-12-07,1.6528657674789429
2012-12-10,1.6632473468780518
2012-12-11,1.7069123983383179
2012-12-12,1.697751522064209
2012-12-13,1.6717971563339233
2012-12-14,1.6406515836715698
2012-12-17,1.6855376958847046
2012-12-18,1.735310673713684
2012-12-19,1.720043420791626
2012-12-20,1.7188212871551514
2012-12-21,1.684927225112915
2012-12-24,1.6757667064666748
2012-12-26,1.6492233276367188
2012-12-27,1.6431069374084473
2012-12-28,1.6109967231750488
2012-12-31,1.676134467124939
2013-01-02,1.7843904495239258
2013-01-03,1.7678767442703247
2013-01-04,1.7550326585769653
2013-01-07,1.7583961486816406
2013-01-08,1.7535035610198975
2013-01-09,1.7614542245864868
2013-01-10,1.7831674814224243
2013-01-11,1.788977026939392
2013-01-14,1.7721583843231201
2013-01-15,1.7553387880325317
2013-01-16,1.7687937021255493
2013-01-17,1.7850022315979004
2013-01-18,1.778579831123352
2013-01-22,1.7850022315979004
2013-01-23,1.802738904953003
2013-01-24,1.7556445598602295
2013-01-25,1.7733817100524902
2013-01-28,1.7807207107543945
2013-01-29,1.7739932537078857
2013-01-30,1.7755216360092163
2013-01-31,1.7651242017745972
2013-02-01,1.8064086437225342
2013-02-04,1.7431062459945679
2013-02-05,1.7972345352172852
2013-02-06,1.7837791442871094
2013-02-07,1.787448525428772
2013-02-08,1.8238390684127808
2013-02-11,1.8241456747055054
2013-02-12,1.8091603517532349
2013-02-13,1.8220045566558838
2013-02-14,1.81986403465271
2013-02-15,1.8109954595565796
2013-02-19,1.8363778591156006
2013-02-20,1.779802918434143
2013-02-21,1.741577386856079
2013-02-22,1.7761332988739014
2013-02-25,1.7317917346954346
2013-02-26,1.7443292140960693
2013-02-27,1.779497504234314
2013-02-28,1.7736865282058716
2013-03-01,1.7880598306655884
2013-03-04,1.8045737743377686
2013-03-05,1.859007716178894
2013-03-06,1.848610281944275
2013-03-07,1.859007716178894
2013-03-08,1.8611477613449097
2013-03-11,1.87399160861969
2013-03-12,1.8608423471450806
2013-03-13,1.8544197082519531
2013-03-14,1.867570161819458
2013-03-15,1.8571728467941284
2013-03-18,1.8473869562149048
2013-03-19,1.8421878814697266
2013-03-20,1.8652045726776123
2013-03-21,1.825669288635254
2013-03-22,1.8596875667572021
2013-03-25,1.8452839851379395
2013-03-26,1.8667372465133667
2013-03-27,1.8713339567184448
2013-03-28,1.881447672843933
2013-04-01,1.854478120803833
2013-04-02,1.8838999271392822
2013-04-03,1.8495748043060303
2013-04-04,1.8511065244674683
2013-04-05,1.8195403814315796
2013-04-08,1.8391543626785278
2013-04-09,1.862446665763855
2013-04-10,1.9360004663467407
2013-04-11,1.93232262134552
2013-04-12,1.930789828300476
2013-04-15,1.8550913333892822
2013-04-16,1.9047398567199707
2013-04-17,1.830265998840332
2013-04-18,1.7787786722183228
2013-04-19,1.8281211853027344
2013-04-22,1.8633657693862915
2013-04-23,1.8995296955108643
2013-04-24,1.8979978561401367
2013-04-25,1.9182249307632446
2013-04-26,1.907497525215149
2013-04-29,1.9421297311782837
2013-04-30,1.969099760055542
2013-05-01,1.952549695968628
2013-05-02,2.0009729862213135
2013-05-03,2.0484752655029297
2013-05-06,2.0634939670562744
2013-05-07,2.061041831970215
2013-05-08,2.0815751552581787
2013-05-09,2.0775911808013916
2013-05-10,2.0996580123901367
2013-05-13,2.106705904006958
2013-05-14,2.1278536319732666
2013-05-15,2.136127471923828
2013-05-16,2.1324498653411865
2013-05-17,2.171372890472412
2013-05-20,2.165243148803711
2013-05-21,2.169227361679077
2013-05-22,2.1345958709716797
2013-05-23,2.1211113929748535
2013-05-24,2.1208035945892334
2013-05-28,2.147773504257202
2013-05-29,2.1269335746765137
2013-05-30,2.1489994525909424
2013-05-31,2.1091582775115967
2013-06-03,2.118046283721924
2013-06-04,2.095980405807495
2013-06-05,2.042653799057007
2013-06-06,2.0576705932617188
2013-06-07,2.115900754928589
2013-06-10,2.1189651489257812
2013-06-11,2.0763659477233887
2013-06-12,2.027942419052124
2013-06-13,2.0775911808013916
2013-06-14,2.0521538257598877
2013-06-17,2.089850902557373
2013-06-18,2.1244819164276123
2013-06-19,2.0769777297973633
2013-06-20,1.9755353927612305
2013-06-21,1.9583721160888672
2013-06-24,1.9188379049301147
2013-06-25,1.9455004930496216
2013-06-26,1.9785996675491333
2013-06-27,1.9982142448425293
2013-06-28,2.0000531673431396
2013-07-01,2.0288619995117188
2013-07-02,2.0294747352600098
2013-07-03,2.0466372966766357
2013-07-05,2.0763659477233887
2013-07-08,2.0800440311431885
2013-07-09,2.105480432510376
2013-07-10,2.13091778755188
2013-07-11,2.218876361846924
2013-07-12,2.2351200580596924
2013-07-15,2.245539665222168
2013-07-16,2.2397167682647705
2013-07-17,2.249830961227417
2013-07-18,2.238490581512451
2013-07-19,2.193132162094116
2013-07-22,2.203859329223633
2013-07-23,2.1735174655914307
2013-07-24,2.186697006225586
2013-07-25,2.2127459049224854
2013-07-26,2.2366514205932617
2013-07-29,2.2286829948425293
2013-07-30,2.2513623237609863
2013-07-31,2.261169672012329
2013-08-01,2.305915117263794
2013-08-02,2.3328850269317627
2013-08-05,2.3362560272216797
2013-08-06,2.3083667755126953
2013-08-07,2.299785852432251
2013-08-08,2.320625066757202
2013-08-09,2.3037705421447754
2013-08-12,2.3123514652252197
2013-08-13,2.338095188140869
2013-08-14,2.3218512535095215
2013-08-15,2.2446200847625732
2013-08-16,2.2403297424316406
2013-08-19,2.233280897140503
2013-08-20,2.2528953552246094
2013-08-21,2.237264394760132
2013-08-22,2.279557228088379
2013-08-23,2.312044858932495
2013-08-26,2.312657356262207
2013-08-27,2.217036008834839
2013-08-28,2.2369585037231445
2013-08-29,2.267299175262451
2013-08-30,2.2375712394714355
2013-09-03,2.2608633041381836
2013-09-04,2.3117382526397705
2013-09-05,2.319706439971924
2013-09-06,2.324915885925293
2013-09-09,2.3782424926757812
2013-09-10,2.4024546146392822
2013-09-11,2.393566370010376
2013-09-12,2.3889691829681396
2013-09-13,2.393260955810547
2013-09-16,2.3794686794281006
2013-09-17,2.4119551181793213
2013-09-18,2.469266176223755
2013-09-19,2.4806058406829834
2013-09-20,2.462829828262329
2013-09-23,2.4524102210998535
2013-09-24,2.45332932472229
2013-09-25,2.4386186599731445
2013-09-26,2.474782705307007
2013-09-27,2.469266176223755
2013-09-30,2.451490879058838
2013-10-01,2.5063488483428955
2013-10-02,2.503591775894165
2013-10-03,2.4459736347198486
2013-10-04,2.4867351055145264
2013-10-07,2.4456675052642822
2013-10-08,2.354337692260742
2013-10-09,2.3371756076812744
2013-10-10,2.434020757675171
2013-10-11,2.474170207977295
2013-10-14,2.508188486099243
2013-10-15,2.4894938468933105
2013-10-16,2.5455775260925293
2013-10-17,2.574692964553833
2013-10-18,2.657747745513916
2013-10-21,2.668780565261841
2013-10-22,2.673377752304077
2013-10-23,2.6454882621765137
2013-10-24,2.6675548553466797
2013-10-25,2.7046377658843994
2013-10-28,2.7073965072631836
2013-10-29,2.7150590419769287
2013-10-30,2.7104616165161133
2013-10-31,2.6982011795043945
2013-11-01,2.6991219520568848
2013-11-04,2.705557107925415
2013-11-05,2.7132201194763184
2013-11-06,2.7116870880126953
2013-11-07,2.6102442741394043
2013-11-08,2.6807332038879395
2013-11-11,2.6724588871002197
2013-11-12,2.6795077323913574
2013-11-13,2.74509334564209
2013-11-14,2.760110378265381
2013-11-15,2.7708375453948975
2013-11-18,2.7199625968933105
2013-11-19,2.7012674808502197
2013-11-20,2.6908466815948486
2013-11-21,2.7417218685150146
2013-11-22,2.772981643676758
2013-11-25,2.78524112701416
2013-11-26,2.814356803894043
2013-11-27,2.8529727458953857
2013-11-29,2.8845388889312744
2013-12-02,2.869828224182129
2013-12-03,2.86523175239563
2013-12-04,2.8707475662231445
2013-12-05,2.865537405014038
2013-12-06,2.905686378479004
2013-12-09,2.928365707397461
2013-12-10,2.9249937534332275
2013-12-11,2.8502142429351807
2013-12-12,2.836422920227051
2013-12-13,2.827228307723999
2013-12-16,2.8581817150115967
2013-12-17,2.848069190979004
2013-12-18,2.9142673015594482
2013-12-19,2.895266532897949
2013-12-20,2.953496217727661
2013-12-23,3.016016721725464
2013-12-24,3.020000457763672
2013-12-26,3.038696527481079
2013-12-27,3.0230648517608643
2013-12-30,3.01387095451355
2013-12-31,3.0524866580963135
2014-01-02,3.005596160888672
2014-01-03,2.962996482849121
2014-01-06,2.938786029815674
2014-01-07,2.992417573928833
2014-01-08,3.0077414512634277
2014-01-09,2.9862887859344482
2014-01-10,3.005596160888672
2014-01-13,2.9145729541778564
2014-01-14,3.028276205062866
2014-01-15,3.07639217376709
2014-01-16,3.079763412475586
2014-01-17,3.0435991287231445
2014-01-21,3.0895705223083496
2014-01-22,3.107652187347412
2014-01-23,3.085279703140259
2014-01-24,2.959625005722046
2014-01-27,2.9066052436828613
2014-01-28,2.9023144245147705
2014-01-29,2.8407135009765625
2014-01-30,2.940624237060547
2014-01-31,2.92805814743042
2014-02-03,2.7965807914733887
2014-02-04,2.834277391433716
2014-02-05,2.819565773010254
2014-02-06,2.888828754425049
2014-02-07,2.9921116828918457
2014-02-10,3.027355909347534
2014-02-11,3.0960066318511963
2014-02-12,3.1082656383514404
2014-02-13,3.153623580932617
2014-02-14,3.1677210330963135
2014-02-18,3.1986758708953857
2014-02-19,3.1551566123962402
2014-02-20,3.1808996200561523
2014-02-21,3.1720120906829834
2014-02-24,3.210015058517456
2014-02-25,3.200207233428955
2014-02-26,3.194998025894165
2014-02-27,3.2372913360595703
2014-02-28,3.228402614593506
2014-03-03,3.181206226348877
2014-03-04,3.2624220848083496
2014-03-05,3.280503511428833
2014-03-06,3.2728426456451416
2014-03-07,3.24096941947937
2014-03-10,3.2458724975585938
2014-03-11,3.2195162773132324
2014-03-12,3.2418878078460693
2014-03-13,3.1520910263061523
2014-03-14,3.1067330837249756
2014-03-17,3.16343092918396
2014-03-18,3.2391304969787598
2014-03-19,3.205418348312378
2014-03-20,3.2210474014282227
2014-03-21,3.142590284347534
2014-03-24,3.089876890182495
2014-03-25,3.107959747314453
2014-03-26,3.0279691219329834
2014-03-27,2.9942562580108643
2014-03-28,3.0068228244781494
2014-03-31,3.0478906631469727
2014-04-01,3.1542365550994873
2014-04-02,3.171092987060547
2014-04-03,3.121443510055542
2014-04-04,2.952882766723633
2014-04-07,2.90017032623291
2014-04-08,2.9510438442230225
2014-04-09,3.0530993938446045
2014-04-10,2.8646183013916016
2014-04-11,2.798112630844116
2014-04-14,2.8407135009765625
2014-04-15,2.858794927597046
2014-04-16,2.9332692623138428
2014-04-17,2.935107707977295
2014-04-21,2.979546308517456
2014-04-22,3.027663230895996
2014-04-23,2.9731106758117676
2014-04-24,3.031033754348755
2014-04-25,2.9332692623138428
2014-04-28,2.9544150829315186
2014-04-29,2.998853921890259
2014-04-30,3.0147910118103027
2014-05-01,3.0340983867645264
2014-05-02,3.0224523544311523
2014-05-05,3.0530993938446045
2014-05-06,2.9734160900115967
2014-05-07,2.9553349018096924
2014-05-08,2.9507367610931396
2014-05-09,2.9734160900115967
2014-05-12,3.068730115890503
2014-05-13,3.072714328765869
2014-05-14,3.0405349731445312
2014-05-15,2.994563102722168
2014-05-16,3.033179759979248
2014-05-19,3.077004909515381
2014-05-20,3.0540194511413574
2014-05-21,3.1116371154785156
2014-05-22,3.137073278427124
2014-05-23,3.1842708587646484
2014-05-27,3.2645668983459473
2014-05-28,3.2428078651428223
2014-05-29,3.283569097518921
2014-05-30,3.2857143878936768
2014-06-02,3.2774388790130615
2014-06-03,3.275907039642334
2014-06-04,3.297973394393921
2014-06-05,3.354670524597168
2014-06-06,3.3926732540130615
2014-06-09,3.3874640464782715
2014-06-10,3.3978841304779053
2014-06-11,3.396045684814453
2014-06-12,3.3381214141845703
2014-06-13,3.356204032897949
2014-06-16,3.361412763595581
2014-06-17,3.3647847175598145
2014-06-18,3.4058523178100586
2014-06-19,3.3984971046447754
2014-06-20,3.4049324989318848
2014-06-23,3.406771659851074
2014-06-24,3.400641679763794
2014-06-25,3.444540023803711
2014-06-26,3.4473013877868652
2014-06-27,3.4761571884155273
2014-06-30,3.4902782440185547
2014-07-01,3.5673282146453857
2014-07-02,3.578071355819702
2014-07-03,3.6201274394989014
2014-07-07,3.5992536544799805
2014-07-08,3.5142221450805664
2014-07-09,3.565793514251709
2014-07-10,3.5436909198760986
2014-07-11,3.585747003555298
2014-07-14,3.6327130794525146
2014-07-15,3.607541561126709
2014-07-16,3.634862184524536
2014-07-17,3.5390872955322266
2014-07-18,3.6474480628967285
2014-07-21,3.639159679412842
2014-07-22,3.688581943511963
2014-07-23,3.7337074279785156
2014-07-24,3.7263405323028564
2014-07-25,3.6934940814971924
2014-07-28,3.697791337966919
2014-07-29,3.6867401599884033
2014-07-30,3.7149815559387207
2014-07-31,3.563337564468384
2014-08-01,3.5378592014312744
2014-08-04,3.584211826324463
2014-08-05,3.5311052799224854
2014-08-06,3.5240447521209717
2014-08-07,3.5031704902648926
2014-08-08,3.5519800186157227
2014-08-11,3.594956159591675
2014-08-12,3.5897367000579834
2014-08-13,3.668015718460083
2014-08-14,3.7057721614837646
2014-08-15,3.7401537895202637
2014-08-18,3.7994000911712646
2014-08-19,3.8411474227905273
2014-08-20,3.8432960510253906
2014-08-21,3.856496810913086
2014-08-22,3.8672406673431396
2014-08-25,3.895481824874878
2014-08-26,3.904690980911255
2014-08-27,3.904998302459717
2014-08-28,3.8936398029327393
2014-08-29,3.9249508380889893
2014-09-02,3.947359800338745
2014-09-03,3.901007652282715
2014-09-04,3.8905699253082275
2014-09-05,3.934159755706787
2014-09-08,3.9467456340789795
2014-09-09,3.8822824954986572
2014-09-10,3.942448616027832
2014-09-11,3.9393789768218994
2014-09-12,3.8976311683654785
2014-09-15,3.820887565612793
2014-09-16,3.8881149291992188
2014-09-17,3.902235269546509
2014-09-18,3.9587180614471436
2014-09-19,3.951657772064209
2014-09-22,3.881054162979126
2014-09-23,3.8595664501190186
2014-09-24,3.9418351650238037
2014-09-25,3.776683807373047
2014-09-26,3.858952522277832
2014-09-29,3.8475935459136963
2014-09-30,3.8592586517333984
2014-10-01,3.7343215942382812
2014-10-02,3.731865644454956
2014-10-03,3.806766986846924
2014-10-06,3.7901902198791504
2014-10-07,3.6830570697784424
2014-10-08,3.8294825553894043
2014-10-09,3.7008612155914307
2014-10-10,3.5154497623443604
2014-10-13,3.407088279724121
2014-10-14,3.4055538177490234
2014-10-15,3.364420175552368
2014-10-16,3.319908857345581
2014-10-17,3.408622980117798
2014-10-20,3.509310483932495
2014-10-21,3.6928796768188477
2014-10-22,3.6535863876342773
2014-10-23,3.7656326293945312
2014-10-24,3.823035717010498
2014-10-27,3.83316707611084
2014-10-28,3.9464380741119385
2014-10-29,3.916048765182495
2014-10-30,3.9350812435150146
2014-10-31,4.041600227355957
2014-11-03,4.064930438995361
2014-11-04,4.039759159088135
2014-11-05,4.037303924560547
2014-11-06,4.064316272735596
2014-11-07,4.055108547210693
2014-11-10,4.086112022399902
2014-11-11,4.109442234039307
2014-11-12,4.124791622161865
2014-11-13,4.159173488616943
2014-11-14,4.1840362548828125
2014-11-17,4.158250331878662
2014-11-18,4.223021030426025
2014-11-19,4.1840362548828125
2014-11-20,4.221794605255127
2014-11-21,4.237447738647461
2014-11-24,4.304982662200928
2014-11-25,4.317876815795898
2014-11-26,4.37405252456665
2014-11-28,4.413037300109863
2014-12-01,4.312349796295166
2014-12-02,4.346731662750244
2014-12-03,4.364229679107666
2014-12-04,4.357475757598877
2014-12-05,4.359622955322266
2014-12-08,4.294853210449219
2014-12-09,4.326472282409668
2014-12-10,4.188333988189697
2014-12-11,4.228547096252441
2014-12-12,4.136455535888672
2014-12-15,4.052038192749023
2014-12-16,3.9185051918029785
2014-12-17,4.057870388031006
2014-12-18,4.258323669433594
2014-12-19,4.286872386932373
2014-12-22,4.31635856628418
2014-12-23,4.2881011962890625
2014-12-24,4.293015003204346
2014-12-26,4.353830337524414
2014-12-29,4.351988792419434
2014-12-30,4.290249824523926
2014-12-31,4.199948787689209
2015-01-02,4.182441234588623
2015-01-05,4.05497407913208
2015-01-06,3.948086977005005
2015-01-07,4.046681880950928
2015-01-08,4.201483726501465
2015-01-09,4.147426128387451
2015-01-12,4.062039852142334
2015-01-13,4.055895805358887
2015-01-14,4.015659332275391
2015-01-15,3.909693479537964
2015-01-16,4.001836776733398
2015-01-20,4.063574314117432
2015-01-21,4.104732513427734
2015-01-22,4.25646448135376
2015-01-23,4.274893760681152
2015-01-26,4.266292572021484
2015-01-27,4.047603607177734
2015-01-28,4.003373622894287
2015-01-29,4.0767822265625
2015-01-30,4.017194747924805
2015-02-02,4.085383892059326
2015-02-03,4.1637043952941895
2015-02-04,4.154184818267822
2015-02-05,4.226975917816162
2015-02-06,4.175683498382568
2015-02-09,4.148655414581299
2015-02-10,4.2782721519470215
2015-02-11,4.310215950012207
2015-02-12,4.408502101898193
2015-02-13,4.483753204345703
2015-02-17,4.4926605224609375
2015-02-18,4.505867958068848
2015-02-19,4.54979133605957
2015-02-20,4.6102986335754395
2015-02-23,4.621049880981445
2015-02-24,4.626885414123535
2015-02-25,4.602926731109619
2015-02-26,4.649614334106445
2015-02-27,4.609071731567383
2015-03-02,4.692000389099121
2015-03-03,4.645928382873535
2015-03-04,4.61245059967041
2015-03-05,4.626578330993652
2015-03-06,4.519690990447998
2015-03-09,4.5448760986328125
2015-03-10,4.381779670715332
2015-03-11,4.328644275665283
2015-03-12,4.387308597564697
2015-03-13,4.346765518188477
2015-03-16,4.46133279800415
2015-03-17,4.472390174865723
2015-03-18,4.561769962310791
2015-03-19,4.57405424118042
2015-03-20,4.637021541595459
2015-03-23,4.61398458480835
2015-03-24,4.581120014190674
2015-03-25,4.3708882331848145
2015-03-26,4.341693878173828
2015-03-27,4.377036094665527
2015-03-30,4.483669281005859
2015-03-31,4.380722999572754
2015-04-01,4.33554744720459
2015-04-02,4.339850425720215
2015-04-06,4.411147117614746
2015-04-07,4.395779132843018
2015-04-08,4.465541362762451
2015-04-09,4.52147102355957
2015-04-10,4.55773401260376
2015-04-13,4.5343780517578125
2015-04-14,4.509179592132568
2015-04-15,4.562036514282227
2015-04-16,4.550972938537598
2015-04-17,4.410839557647705
2015-04-20,4.542060852050781
2015-04-21,4.579553604125977
2015-04-22,4.629031181335449
2015-04-23,4.6662139892578125
2015-04-24,4.7897539138793945
2015-04-27,4.767934799194336
2015-04-28,4.745501518249512
2015-04-29,4.6886491775512695
2015-04-30,4.5377583503723145
2015-05-01,4.661297798156738
2015-05-04,4.673897743225098
2015-05-05,4.525465488433838
2015-05-06,4.464926719665527
2015-05-07,4.5134806632995605
2015-05-08,4.624420642852783
2015-05-11,4.586927890777588
2015-05-12,4.548513889312744
2015-05-13,4.566031455993652
2015-05-14,4.698175430297852
2015-05-15,4.700326919555664
2015-05-18,4.740583419799805
2015-05-19,4.727985382080078
2015-05-20,4.733209133148193
2015-05-21,4.784222602844238
2015-05-22,4.778076648712158
2015-05-26,4.663756370544434
2015-05-27,4.813723087310791
2015-05-28,4.792827606201172
2015-05-29,4.738739490509033
2015-06-01,4.765168190002441
2015-06-02,4.736281394958496
2015-06-03,4.763940334320068
2015-06-04,4.695101261138916
2015-06-05,4.670516490936279
2015-06-08,4.576480388641357
2015-06-09,4.5617289543151855
2015-06-10,4.679736137390137
2015-06-11,4.696331024169922
2015-06-12,4.619503974914551
2015-06-15,4.575865268707275
2015-06-16,4.621962070465088
2015-06-17,4.647776126861572
2015-06-18,4.779919147491455
2015-06-19,4.734438896179199
2015-06-22,4.804503917694092
2015-06-23,4.813109397888184
2015-06-24,4.765783309936523
2015-06-25,4.743042469024658
2015-06-26,4.685268402099609
2015-06-29,4.465847969055176
2015-06-30,4.495965003967285
2015-07-01,4.564188003540039
2015-07-02,4.567874431610107
2015-07-06,4.546362400054932
2015-07-07,4.564188003540039
2015-07-08,4.407459259033203
2015-07-09,4.40131139755249
2015-07-10,4.538987636566162
2015-07-13,4.693257808685303
2015-07-14,4.755950450897217
2015-07-15,4.7670135498046875
2015-07-16,4.899771213531494
2015-07-17,5.042364597320557
2015-07-20,5.081085205078125
2015-07-21,5.071250915527344
2015-07-22,4.961235046386719
2015-07-23,4.919439315795898
2015-07-24,4.826015949249268
2015-07-27,4.743042469024658
2015-07-28,4.82478666305542
2015-07-29,4.864737033843994
2015-07-30,4.9083757400512695
2015-07-31,4.896698474884033
2015-08-03,4.869656562805176
2015-08-04,4.846913814544678
2015-08-05,4.920668601989746
2015-08-06,4.7670135498046875
2015-08-07,4.751032829284668
2015-08-10,4.858591556549072
2015-08-11,4.73689603805542
2015-08-12,4.765168190002441
2015-08-13,4.747958183288574
2015-08-14,4.763325214385986
2015-08-17,4.842611789703369
2015-08-18,4.795898914337158
2015-08-19,4.731364727020264
2015-08-20,4.471994876861572
2015-08-21,4.088469505310059
2015-08-24,3.780543565750122
2015-08-25,3.7362911701202393
2015-08-26,4.110596179962158
2015-08-27,4.317108154296875
2015-08-28,4.32202672958374
2015-08-31,4.210778713226318
2015-09-01,3.956325054168701
2015-09-02,4.170827865600586
2015-09-03,4.125347137451172
2015-09-04,4.02885103225708
2015-09-08,4.255033016204834
2015-09-09,4.1616082191467285
2015-09-10,4.2482709884643555
2015-09-11,4.296212196350098
2015-09-14,4.2697834968566895
2015-09-15,4.368736267089844
2015-09-16,4.419750213623047
2015-09-17,4.424054145812988
2015-09-18,4.301130294799805
2015-09-21,4.326329231262207
2015-09-22,4.197872161865234
2015-09-23,4.2003302574157715
2015-09-24,4.174516201019287
2015-09-25,4.1007609367370605
2015-09-28,3.8672051429748535
2015-09-29,3.829098701477051
2015-09-30,3.9981207847595215
2015-10-01,4.034997463226318
2015-10-02,4.176360607147217
2015-10-05,4.299899101257324
2015-10-06,4.259335994720459
2015-10-07,4.30727481842041
2015-10-08,4.341693878173828
2015-10-09,4.377956390380859
2015-10-12,4.40315580368042
2015-10-13,4.34230899810791
2015-10-14,4.332474231719971
2015-10-15,4.474452018737793
2015-10-16,4.513789176940918
2015-10-19,4.564800262451172
2015-10-20,4.517476558685303
2015-10-21,4.460316181182861
2015-10-22,4.642858982086182
2015-10-23,4.902230739593506
2015-10-26,4.909605026245117
2015-10-27,4.926198959350586
2015-10-28,5.0091753005981445
2015-10-29,4.993806838989258
2015-10-30,4.950170040130615
2015-11-02,5.063261032104492
2015-11-03,5.097065448760986
2015-11-04,5.098294258117676
2015-11-05,5.063876152038574
2015-11-06,5.076167583465576
2015-11-09,4.968608856201172
2015-11-10,4.938492298126221
2015-11-11,4.928658962249756
2015-11-12,4.831546783447266
2015-11-13,4.643473148345947
2015-11-16,4.775618076324463
2015-11-17,4.781764507293701
2015-11-18,4.962460994720459
2015-11-19,4.971067428588867
2015-11-20,5.036831855773926
2015-11-23,5.009788990020752
2015-11-24,5.0036420822143555
2015-11-25,5.008559226989746
2015-11-27,5.024539947509766
2015-11-30,4.997496128082275
2015-12-01,5.097679615020752
2015-12-02,5.03744649887085
2015-12-03,4.864123821258545
2015-12-04,5.088459491729736
2015-12-07,5.044821739196777
2015-12-08,5.046666145324707
2015-12-09,4.892395973205566
2015-12-10,4.934805393218994
2015-12-11,4.709852695465088
2015-12-14,4.782993316650391
2015-12-15,4.838309288024902
2015-12-16,4.974141597747803
2015-12-17,4.8364644050598145
2015-12-18,4.656996250152588
2015-12-21,4.7528767585754395
2015-12-22,4.814744472503662
2015-12-23,4.887314319610596
2015-12-24,4.8836236000061035
2015-12-28,4.874398708343506
2015-12-29,5.027530670166016
2015-12-30,4.940816879272461
2015-12-31,4.8190484046936035
2016-01-04,4.617947578430176
2016-01-05,4.593348979949951
2016-01-06,4.510324478149414
2016-01-07,4.229274749755859
2016-01-08,4.155476093292236
2016-01-11,4.184996604919434
2016-01-12,4.282165050506592
2016-01-13,3.9838948249816895
2016-01-14,4.151171684265137
2016-01-15,3.894106864929199
2016-01-19,3.9107110500335693
2016-01-20,3.8885717391967773
2016-01-21,3.897796154022217
2016-01-22,4.11980676651001
2016-01-25,3.999884605407715
2016-01-26,4.070608615875244
2016-01-27,3.866431713104248
2016-01-28,3.973440170288086
2016-01-29,4.140102386474609
2016-02-01,4.1567063331604
2016-02-02,3.980820417404175
2016-02-03,3.944535732269287
2016-02-04,3.943305730819702
2016-02-05,3.6665611267089844
2016-02-08,3.5552473068237305
2016-02-09,3.5312631130218506
2016-02-10,3.5613982677459717
2016-02-11,3.554633855819702
2016-02-12,3.6567206382751465
2016-02-16,3.8160035610198975
2016-02-17,3.9937360286712646
2016-02-18,3.9051761627197266
2016-02-19,3.9279308319091797
2016-02-22,4.0540032386779785
2016-02-23,3.92055082321167
2016-02-24,3.9955801963806152
2016-02-25,4.071837902069092
2016-02-26,4.062612056732178
2016-02-29,3.990044355392456
2016-03-01,4.244034290313721
2016-03-02,4.248340129852295
2016-03-03,4.233580589294434
2016-03-04,4.237269401550293
2016-03-07,4.1862263679504395
2016-03-08,4.113043308258057
2016-03-09,4.167161464691162
2016-03-10,4.1567063331604
2016-03-11,4.298768997192383
2016-03-14,4.311683654785156
2016-03-15,4.309838771820068
2016-03-16,4.3860979080200195
2016-03-17,4.38117790222168
2016-03-18,4.397780895233154
2016-03-21,4.42976188659668
2016-03-22,4.4543609619140625
2016-03-23,4.376871585845947
2016-03-24,4.379332542419434
2016-03-28,4.368264198303223
2016-03-29,4.502330303192139
2016-03-30,4.552759170532227
2016-03-31,4.538615703582764
2016-04-01,4.632092475891113
2016-04-04,4.595193386077881
2016-04-05,4.512170314788818
2016-04-06,4.6573076248168945
2016-04-07,4.517090320587158
2016-04-08,4.517090320587158
2016-04-11,4.482035160064697
2016-04-12,4.558908462524414
2016-04-13,4.674526691436768
2016-04-14,4.6739115715026855
2016-04-15,4.649313449859619
2016-04-18,4.698512554168701
2016-04-19,4.6407012939453125
2016-04-20,4.646236896514893
2016-04-21,4.648697853088379
2016-04-22,4.510324478149414
2016-04-25,4.509710311889648
2016-04-26,4.468505859375
2016-04-27,4.391631603240967
2016-04-28,4.289545059204102
2016-04-29,4.240960597991943
2016-05-02,4.319677829742432
2016-05-03,4.241575241088867
2016-05-04,4.1862263679504395
2016-05-05,4.185610771179199
2016-05-06,4.228660583496094
2016-05-09,4.250799179077148
2016-05-10,4.367648124694824
2016-05-11,4.290160179138184
2016-05-12,4.250799179077148
2016-05-13,4.221281051635742
2016-05-16,4.323368072509766
2016-05-17,4.216361045837402
2016-05-18,4.245879650115967
2016-05-19,4.2028303146362305
2016-05-20,4.291388034820557
2016-05-23,4.2797040939331055
2016-05-24,4.4543609619140625
2016-05-25,4.518319606781006
2016-05-26,4.543533802032471
2016-05-27,4.590273380279541
2016-05-31,4.608723163604736
2016-06-01,4.606261730194092
2016-06-02,4.6284027099609375
2016-06-03,4.5828938484191895
2016-06-06,4.614258766174316
2016-06-07,4.595809459686279
2016-06-08,4.608108043670654
2016-06-09,4.592118740081787
2016-06-10,4.489416122436523
2016-06-13,4.411312580108643
2016-06-14,4.415616989135742
2016-06-15,4.388558387756348
2016-06-16,4.41500186920166
2016-06-17,4.312913417816162
2016-06-20,4.362728595733643
2016-06-21,4.391016960144043
2016-06-22,4.369480133056641
2016-06-23,4.492546558380127
2016-06-24,4.127655506134033
2016-06-27,3.968283176422119
2016-06-28,4.135038375854492
2016-06-29,4.279641628265381
2016-06-30,4.378710746765137
2016-07-01,4.422399044036865
2016-07-05,4.367019176483154
2016-07-06,4.437783241271973
2016-07-07,4.466087341308594
2016-07-08,4.6039228439331055
2016-07-11,4.658071517944336
2016-07-12,4.702376365661621
2016-07-13,4.682070732116699
2016-07-14,4.741142272949219
2016-07-15,4.727604866027832
2016-07-18,4.79036808013916
2016-07-19,4.754679203033447
2016-07-20,4.86667013168335
2016-07-21,4.845132827758789
2016-07-22,4.883283615112305
2016-07-25,4.885744571685791
2016-07-26,4.898053169250488
2016-07-27,4.960814476013184
2016-07-28,4.998967170715332
2016-07-29,5.018042087554932
2016-08-01,5.070346355438232
2016-08-02,4.993427753448486
2016-08-03,5.028501987457275
2016-08-04,5.056191921234131
2016-08-05,5.1521830558776855
2016-08-08,5.142338275909424
2016-08-09,5.165721416473389
2016-08-10,5.139262676239014
2016-08-11,5.182336330413818
2016-08-12,5.189104080200195
2016-08-15,5.233407020568848
2016-08-16,5.176182746887207
2016-08-17,5.19156551361084
2016-08-18,5.196488380432129
2016-08-19,5.1921796798706055
2016-08-22,5.19833517074585
2016-08-23,5.216178894042969
2016-08-24,5.147877216339111
2016-08-25,5.130647659301758
2016-08-26,5.146646022796631
2016-08-29,5.16141414642334
2016-08-30,5.127570629119873
2016-08-31,5.114035129547119
2016-09-01,5.140492916107178
2016-09-02,5.1731061935424805
2016-09-06,5.238330364227295
2016-09-07,5.246945858001709
2016-09-08,5.183566570281982
2016-09-09,4.920819282531738
2016-09-12,5.09495735168457
2016-09-13,5.0075812339782715
2016-09-14,5.058037757873535
2016-09-15,5.214332103729248
2016-09-16,5.207564353942871
2016-09-19,5.160799026489258
2016-09-20,5.179874897003174
2016-09-21,5.280174255371094
2016-09-22,5.36631965637207
2016-09-23,5.29617166519165
2016-09-26,5.208795070648193
2016-09-27,5.309709072113037
2016-09-28,5.330016613006592
2016-09-29,5.249406814575195
2016-09-30,5.32509183883667
2016-10-03,5.31217098236084
2016-10-04,5.298017978668213
2016-10-05,5.333092212677002
2016-10-06,5.329400539398193
2016-10-07,5.3054022789001465
2016-10-10,5.368781566619873
2016-10-11,5.214332103729248
2016-10-12,5.210641860961914
2016-10-13,5.1731061935424805
2016-10-14,5.18110466003418
2016-10-17,5.154645919799805
2016-10-18,5.245713710784912
2016-10-19,5.24263858795166
2016-10-20,5.232793807983398
2016-10-21,5.272175312042236
2016-10-24,5.398317813873291
2016-10-25,5.360782146453857
2016-10-26,5.291249752044678
2016-10-27,5.244484901428223
2016-10-28,5.171875476837158
2016-10-31,5.16202974319458
2016-11-01,5.088190078735352
2016-11-02,5.003890037536621
2016-11-03,4.907897472381592
2016-11-04,4.870362758636475
2016-11-07,5.106033802032471
2016-11-08,5.171875476837158
2016-11-09,5.2155632972717285
2016-11-10,5.046346664428711
2016-11-11,5.05188512802124
2016-11-14,4.95097017288208
2016-11-15,5.08880615234375
2016-11-16,5.147261619567871
2016-11-17,5.221101760864258
2016-11-18,5.183566570281982
2016-11-21,5.288173675537109
2016-11-22,5.322632789611816
2016-11-23,5.279558181762695
2016-11-25,5.31217098236084
2016-11-28,5.289402961730957
2016-11-29,5.324477672576904
2016-11-30,5.19156551361084
2016-12-01,5.01742696762085
2016-12-02,5.032810211181641
2016-12-05,5.110342502593994
2016-12-06,5.136801719665527
2016-12-07,5.265406131744385
2016-12-08,5.2832512855529785
2016-12-09,5.365704536437988
2016-12-12,5.316479206085205
2016-12-13,5.451235771179199
2016-12-14,5.426623821258545
2016-12-15,5.443851470947266
2016-12-16,5.407547473907471
2016-12-19,5.450622081756592
2016-12-20,5.493079662322998
2016-12-21,5.481317520141602
2016-12-22,5.449916362762451
2016-12-23,5.45607328414917
2016-12-27,5.516415596008301
2016-12-28,5.428980350494385
2016-12-29,5.41050910949707
2016-12-30,5.302753448486328
2017-01-03,5.394499778747559
2017-01-04,5.451147079467773
2017-01-05,5.512105464935303
2017-01-06,5.608776569366455
2017-01-09,5.646336555480957
2017-01-10,5.670967102050781
2017-01-11,5.697443962097168
2017-01-12,5.680202960968018
2017-01-13,5.720841884613037
2017-01-17,5.685129165649414
2017-01-18,5.710989952087402
2017-01-19,5.701753616333008
2017-01-20,5.726998329162598
2017-01-23,5.735619068145752
2017-01-24,5.813818454742432
2017-01-25,5.929577827453613
2017-01-26,5.93881368637085
2017-01-27,5.961597442626953
2017-01-30,5.872313499450684
2017-01-31,5.847684383392334
2017-02-01,5.927115440368652
2017-02-02,5.9166460037231445
2017-02-03,5.947434902191162
2017-02-06,5.963442802429199
2017-02-07,6.006544589996338
2017-02-08,6.029327869415283
2017-02-09,6.071197509765625
2017-02-10,6.109989643096924
2017-02-13,6.179567813873291
2017-02-14,6.218976020812988
2017-02-15,6.290401935577393
2017-02-16,6.288554668426514
2017-02-17,6.343354225158691
2017-02-21,6.403697490692139
2017-02-22,6.409239292144775
2017-02-23,6.363059043884277
2017-02-24,6.382762432098389
2017-02-27,6.4006171226501465
2017-02-28,6.359979629516602
2017-03-01,6.4979047775268555
2017-03-02,6.433868885040283
2017-03-03,6.456035614013672
2017-03-06,6.428327560424805
2017-03-07,6.402466297149658
2017-03-08,6.425863265991211
2017-03-09,6.434484958648682
2017-03-10,6.489900588989258
2017-03-13,6.50960636138916
2017-03-14,6.475738048553467
2017-03-15,6.556401252746582
2017-03-16,6.551474571228027
2017-03-17,6.539160251617432
2017-03-20,6.5533223152160645
2017-03-21,6.358750343322754
2017-03-22,6.441827774047852
2017-03-23,6.411651134490967
2017-03-24,6.430125713348389
2017-03-27,6.455993175506592
2017-03-28,6.532973766326904
2017-03-29,6.593944549560547
2017-03-30,6.612420558929443
2017-03-31,6.605645179748535
2017-04-03,6.595789909362793
2017-04-04,6.614266395568848
2017-04-05,6.563766002655029
2017-04-06,6.569925308227539
2017-04-07,6.563150882720947
2017-04-10,6.569308280944824
2017-04-11,6.5132670402526855
2017-04-12,6.459071159362793
2017-04-13,6.404260158538818
2017-04-17,6.508955478668213
2017-04-18,6.492327690124512
2017-04-19,6.510804176330566
2017-04-20,6.614266395568848
2017-04-21,6.614266395568848
2017-04-24,6.773771286010742
2017-04-25,6.872309684753418
2017-04-26,6.852601051330566
2017-04-27,6.9326629638671875
2017-04-28,6.957296371459961
2017-05-01,7.074924945831299
2017-05-02,7.103869438171387
2017-05-03,7.057681083679199
2017-05-04,7.062608242034912
2017-05-05,7.113107204437256
2017-05-08,7.1439008712768555
2017-05-09,7.194400310516357
2017-05-10,7.200560092926025
2017-05-11,7.1888580322265625
2017-05-12,7.221498966217041
2017-05-15,7.265839099884033
2017-05-16,7.328657627105713
2017-05-17,6.952985763549805
2017-05-18,7.071229457855225
2017-05-19,7.1346635818481445
2017-05-22,7.254754543304443
2017-05-23,7.266454219818115
2017-05-24,7.33543062210083
2017-05-25,7.456754207611084
2017-05-26,7.482619285583496
2017-05-30,7.496785640716553
2017-05-31,7.487546920776367
2017-06-01,7.552826881408691
2017-06-02,7.716645240783691
2017-06-05,7.715412139892578
2017-06-06,7.658753871917725
2017-06-07,7.713564872741699
2017-06-08,7.731424331665039
2017-06-09,7.3428215980529785
2017-06-12,7.261528015136719
2017-06-13,7.379157543182373
2017-06-14,7.313261032104492
2017-06-15,7.244900703430176
2017-06-16,7.192553520202637
2017-06-19,7.423498153686523
2017-06-20,7.309566020965576
2017-06-21,7.452268123626709
2017-06-22,7.446724891662598
2017-06-23,7.501537799835205
2017-06-26,7.434406280517578
2017-06-27,7.164647102355957
2017-06-28,7.364194393157959
2017-06-29,7.111064434051514
2017-06-30,7.102442264556885
2017-07-03,6.966330051422119
2017-07-05,7.101826190948486
2017-07-06,6.9718732833862305
2017-07-07,7.117223262786865
2017-07-10,7.215765953063965
2017-07-11,7.255183696746826
2017-07-12,7.430711269378662
2017-07-13,7.461505889892578
2017-07-14,7.574828624725342
2017-07-17,7.582836151123047
2017-07-18,7.686305999755859
2017-07-19,7.774992942810059
2017-07-20,7.794702529907227
2017-07-21,7.7836151123046875
2017-07-24,7.852595806121826
2017-07-25,7.819336891174316
2017-07-26,7.867376804351807
2017-07-27,7.774992942810059
2017-07-28,7.754053115844727
2017-07-31,7.685074806213379
2017-08-01,7.718331813812256
2017-08-02,7.7602128982543945
2017-08-03,7.7084784507751465
2017-08-04,7.72818660736084
2017-08-07,7.821802139282227
2017-08-08,7.799630641937256
2017-08-09,7.777458190917969
2017-08-10,7.4399495124816895
2017-08-11,7.552042007446289
2017-08-14,7.747895240783691
2017-08-15,7.757750034332275
2017-08-16,7.787312030792236
2017-08-17,7.46951150894165
2017-08-18,7.449803352355957
2017-08-21,7.4411821365356445
2017-08-22,7.662901878356934
2017-08-23,7.60500955581665
2017-08-24,7.565591335296631
2017-08-25,7.531100749969482
2017-08-28,7.569286346435547
2017-08-29,7.632107257843018
2017-08-30,7.814411163330078
2017-08-31,7.959761142730713
2017-09-01,7.958529472351074
2017-09-05,7.811946392059326
2017-09-06,7.857522487640381
2017-09-07,7.895708084106445
2017-09-08,7.761442184448242
2017-09-11,7.928967475891113
2017-09-12,7.9733099937438965
2017-09-13,7.995483875274658
2017-09-14,7.8994035720825195
2017-09-15,7.949906826019287
2017-09-18,7.932661533355713
2017-09-19,7.959761142730713
2017-09-20,7.912952423095703
2017-09-21,7.809483051300049
2017-09-22,7.797166347503662
2017-09-25,7.634570598602295
2017-09-26,7.671524524688721
2017-09-27,7.808252334594727
2017-09-28,7.800861358642578
2017-09-29,7.910489559173584
2017-10-02,7.921575546264648
2017-10-03,7.960991382598877
2017-10-04,7.972078800201416
2017-10-05,8.129746437072754
2017-10-06,8.146991729736328
2017-10-09,8.132208824157715
2017-10-10,8.143294334411621
2017-10-11,8.1925687789917
2017-10-12,8.161770820617676
2017-10-13,8.22089672088623
2017-10-16,8.277559280395508
2017-10-17,8.296037673950195
2017-10-18,8.277559280395508
2017-10-19,8.215971946716309
2017-10-20,8.257851600646973
2017-10-23,8.150687217712402
2017-10-24,8.181482315063477
2017-10-25,8.11496639251709
2017-10-26,8.068159103393555
2017-10-27,8.523914337158203
2017-10-30,8.570724487304688
2017-10-31,8.632311820983887
2017-11-01,8.628616333007812
2017-11-02,8.589201927185059
2017-11-03,8.751794815063477
2017-11-06,8.813385009765625
2017-11-07,8.823238372802734
2017-11-08,8.895912170410156
2017-11-09,8.797369956970215
2017-11-10,8.799835205078125
2017-11-13,8.818310737609863
2017-11-14,8.757953643798828
2017-11-15,8.666802406311035
2017-11-16,8.892218589782715
2017-11-17,8.824470520019531
2017-11-20,8.80968952178955
2017-11-21,8.996918678283691
2017-11-22,9.021554946899414
2017-11-24,9.0880708694458
2017-11-27,9.078217506408691
2017-11-28,9.12378978729248
2017-11-29,8.810919761657715
2017-11-30,8.95257568359375
2017-12-01,8.876203536987305
2017-12-04,8.671728134155273
2017-12-05,8.674192428588867
2017-12-06,8.753026962280273
2017-12-07,8.814615249633789
2017-12-08,8.892218589782715
2017-12-11,9.03017807006836
2017-12-12,9.00430965423584
2017-12-13,9.036336898803711
2017-12-14,9.022785186767578
2017-12-15,9.21987247467041
2017-12-18,9.378772735595703
2017-12-19,9.27283763885498
2017-12-20,9.249433517456055
2017-12-21,9.250666618347168
2017-12-22,9.228492736816406
2017-12-26,9.128722190856934
2017-12-27,9.129952430725098
2017-12-28,9.148426055908203
2017-12-29,9.032641410827637
2018-01-02,9.345513343811035
2018-01-03,9.527816772460938
2018-01-04,9.562305450439453
2018-01-05,9.75200080871582
2018-01-08,9.824675559997559
2018-01-09,9.833296775817871
2018-01-10,9.779098510742188
2018-01-11,9.914594650268555
2018-01-12,10.055018424987793
2018-01-16,9.998355865478516
2018-01-17,10.213916778564453
2018-01-18,10.217612266540527
2018-01-19,10.282899856567383
2018-01-22,10.500920295715332
2018-01-23,10.672140121459961
2018-01-24,10.541570663452148
2018-01-25,10.528021812438965
2018-01-26,10.835967063903809
2018-01-29,10.738655090332031
2018-01-30,10.566205978393555
2018-01-31,10.643810272216797
2018-02-01,10.46766471862793
2018-02-02,10.043931007385254
2018-02-05,9.266677856445312
2018-02-06,9.738450050354004
2018-02-07,9.489631652832031
2018-02-08,8.698830604553223
2018-02-09,8.984601974487305
2018-02-12,9.312254905700684
2018-02-13,9.396017074584961
2018-02-14,9.755696296691895
2018-02-15,10.105523109436035
2018-02-16,10.030383110046387
2018-02-20,10.055018424987793
2018-02-21,9.995893478393555
2018-02-22,10.006978988647461
2018-02-23,10.402379989624023
2018-02-26,10.675835609436035
2018-02-27,10.409770965576172
2018-02-28,10.27920150756836
2018-03-01,9.95401382446289
2018-03-02,10.127694129943848
2018-03-05,10.34695053100586
2018-03-06,10.433175086975098
2018-03-07,10.47998046875
2018-03-08,10.597000122070312
2018-03-09,10.999794960021973
2018-03-12,11.100797653198242
2018-03-13,10.827343940734863
2018-03-14,10.818720817565918
2018-03-15,10.789156913757324
2018-03-16,10.737422943115234
2018-03-19,10.281667709350586
2018-03-20,10.339559555053711
2018-03-21,10.243481636047363
2018-03-22,9.733525276184082
2018-03-23,9.216178894042969
2018-03-26,9.909668922424316
2018-03-27,9.255595207214355
2018-03-28,9.053580284118652
2018-03-29,9.386159896850586
2018-04-02,8.846640586853027
2018-04-03,9.036336898803711
2018-04-04,9.27037525177002
2018-04-05,9.420654296875
2018-04-06,8.966124534606934
2018-04-09,9.07082462310791
2018-04-10,9.469921112060547
2018-04-11,9.371380805969238
2018-04-12,9.585710525512695
2018-04-13,9.495786666870117
2018-04-16,9.630053520202637
2018-04-17,10.040238380432129
2018-04-18,10.087044715881348
2018-04-19,9.915824890136719
2018-04-20,9.593101501464844
2018-04-23,9.541365623474121
2018-04-24,9.136109352111816
2018-04-25,9.16444206237793
2018-04-26,9.533975601196289
2018-04-27,9.549988746643066
2018-04-30,9.410798072814941
2018-05-01,9.617735862731934
2018-05-02,9.514265060424805
2018-05-03,9.50810718536377
2018-05-04,9.866556167602539
2018-05-07,10.021760940551758
2018-05-08,9.999588012695312
2018-05-09,10.231163024902344
2018-05-10,10.438100814819336
2018-05-11,10.418394088745117
2018-05-14,10.449186325073242
2018-05-15,10.218846321105957
2018-05-16,10.355574607849121
2018-05-17,10.268115043640137
2018-05-18,10.162182807922363
2018-05-21,10.28043270111084
2018-05-22,10.250870704650879
2018-05-23,10.422086715698242
2018-05-24,10.412235260009766
2018-05-25,10.434405326843262
2018-05-29,10.340790748596191
2018-05-30,10.484910011291504
2018-05-31,10.471360206604004
2018-06-01,10.800248146057129
2018-06-04,10.985011100769043
2018-06-05,11.056453704833984
2018-06-06,11.188254356384277
2018-06-07,11.013340950012207
2018-06-08,11.002257347106934
2018-06-11,11.061384201049805
2018-06-12,11.178401947021484
2018-06-13,11.168546676635742
2018-06-14,11.401352882385254
2018-06-15,11.321287155151367
2018-06-18,11.307738304138184
2018-06-19,11.23875904083252
2018-06-20,11.398889541625977
2018-06-21,11.19687557220459
2018-06-22,11.125432968139648
2018-06-25,10.641345977783203
2018-06-26,10.7312650680542
2018-06-27,10.42701530456543
2018-06-28,10.616710662841797
2018-06-29,10.649965286254883
2018-07-02,10.810098648071289
2018-07-03,10.557586669921875
2018-07-05,10.819953918457031
2018-07-06,11.146373748779297
2018-07-09,11.353314399719238
2018-07-10,11.370560646057129
2018-07-11,11.257235527038574
2018-07-12,11.626770973205566
2018-07-13,11.650172233581543
2018-07-16,11.59967041015625
2018-07-17,11.745019912719727
2018-07-18,11.693284034729004
2018-07-19,11.578730583190918
2018-07-20,11.563947677612305
2018-07-23,11.636624336242676
2018-07-24,11.737627983093262
2018-07-25,12.059124946594238
2018-07-26,11.70930004119873
2018-07-27,11.38657283782959
2018-07-30,11.060151100158691
2018-07-31,11.187024116516113
2018-08-01,11.30527400970459
2018-08-02,11.61322021484375
2018-08-03,11.679736137390137
2018-08-06,11.82508659362793
2018-08-07,11.895297050476074
2018-08-08,11.91623592376709
2018-08-09,11.906381607055664
2018-08-10,11.729005813598633
2018-08-13,11.708067893981934
2018-08-14,11.84972095489502
2018-08-15,11.565179824829102
2018-08-16,11.629234313964844
2018-08-17,11.635394096374512
2018-08-20,11.618144989013672
2018-08-21,11.698213577270508
2018-08-22,11.78443717956543
2018-08-23,11.749946594238281
2018-08-24,11.965506553649902
2018-08-27,12.206938743591309
2018-08-28,12.245121002197266
2018-08-29,12.528432846069336
2018-08-30,12.475464820861816
2018-08-31,12.505027770996094
2018-09-04,12.404021263122559
2018-09-05,12.082528114318848
2018-09-06,11.864500999450684
2018-09-07,11.790594100952148
2018-09-10,11.844793319702148
2018-09-11,12.02463436126709
2018-09-12,11.96058177947998
2018-09-13,12.194619178771973
2018-09-14,12.130566596984863
2018-09-17,11.788131713867188
2018-09-18,11.976593971252441
2018-09-19,11.961812973022461
2018-09-20,12.210631370544434
2018-09-21,12.086223602294922
2018-09-24,12.145347595214844
2018-09-25,12.183534622192383
2018-09-26,12.192155838012695
2018-09-27,12.399094581604004
2018-09-28,12.40156078338623
2018-10-01,12.442207336425781
2018-10-02,12.384310722351074
2018-10-03,12.420035362243652
2018-10-04,11.938408851623535
2018-10-05,11.65263557434082
2018-10-08,11.502357482910156
2018-10-09,11.566412925720215
2018-10-10,10.558815956115723
2018-10-11,10.293980598449707
2018-10-12,10.86552906036377
2018-10-15,10.589611053466797
2018-10-16,11.205499649047852
2018-10-17,11.219051361083984
2018-10-18,10.717716217041016
2018-10-19,10.677067756652832
2018-10-22,10.789156913757324
2018-10-23,10.71894645690918
2018-10-24,9.723670959472656
2018-10-25,10.380208969116211
2018-10-26,9.88257122039795
2018-10-29,9.501949310302734
2018-10-30,9.75200080871582
2018-10-31,10.200370788574219
2018-11-01,10.494763374328613
2018-11-02,10.178194999694824
2018-11-05,10.10798454284668
2018-11-06,10.261957168579102
2018-11-07,10.89632511138916
2018-11-08,10.76329231262207
2018-11-09,10.397455215454102
2018-11-12,9.782793998718262
2018-11-13,9.786489486694336
2018-11-14,9.622665405273438
2018-11-15,9.965099334716797
2018-11-16,9.898582458496094
2018-11-19,9.24697208404541
2018-11-20,8.923012733459473
2018-11-21,9.049885749816895
2018-11-23,8.918086051940918
2018-11-26,9.329500198364258
2018-11-27,9.396017074584961
2018-11-28,9.987271308898926
2018-11-29,9.928146362304688
2018-11-30,10.08088493347168
2018-12-03,10.415928840637207
2018-12-04,9.617735862731934
2018-12-06,9.755696296691895
2018-12-07,9.102851867675781
2018-12-10,9.297473907470703
2018-12-11,9.355367660522461
2018-12-12,9.521660804748535
2018-12-13,9.530280113220215
2018-12-14,9.037569046020508
2018-12-17,8.658180236816406
2018-12-18,8.753026962280273
2018-12-19,8.339150428771973
2018-12-20,8.089097023010254
2018-12-21,7.56805419921875
2018-12-24,7.208376407623291
2018-12-26,8.095863342285156
2018-12-27,8.163658142089844
2018-12-28,8.153796195983887
2018-12-31,8.281990051269531
2019-01-02,8.343620300292969
2019-01-03,7.784010410308838
2019-01-04,8.48167610168457
2019-01-07,8.653007507324219
2019-01-08,8.82557487487793
2019-01-09,8.957466125488281
2019-01-10,9.003072738647461
2019-01-11,8.948841094970703
2019-01-14,8.786131858825684
2019-01-15,9.13249683380127
2019-01-16,9.130030632019043
2019-01-17,9.259458541870117
2019-01-18,9.439422607421875
2019-01-22,9.079497337341309
2019-01-23,9.090588569641113
2019-01-24,9.200292587280273
2019-01-25,9.432024002075195
2019-01-28,9.19043254852295
2019-01-29,9.010468482971191
2019-01-30,9.486260414123535
2019-01-31,9.758671760559082
2019-02-01,9.66869068145752
2019-02-04,9.906587600708008
2019-02-05,10.08531665802002
2019-02-06,10.018754005432129
2019-02-07,9.748809814453125
2019-02-08,9.779623031616211
2019-02-11,9.767297744750977
2019-02-12,10.059432029724121
2019-02-13,10.065592765808105
2019-02-14,10.08285140991211
2019-02-15,10.177762031555176
2019-02-19,10.211043357849121
2019-02-20,10.209810256958008
2019-02-21,10.125992774963379
2019-02-22,10.280069351196289
2019-02-25,10.35402774810791
2019-02-26,10.372514724731445
2019-02-27,10.355260848999023
2019-02-28,10.307188987731934
2019-03-01,10.457566261291504
2019-03-04,10.452637672424316
2019-03-05,10.467429161071777
2019-03-06,10.344165802001953
2019-03-07,10.092710494995117
2019-03-08,10.056964874267578
2019-03-11,10.477289199829102
2019-03-12,10.595620155334473
2019-03-13,10.749700546264648
2019-03-14,10.709022521972656
2019-03-15,10.892685890197754
2019-03-18,10.949384689331055
2019-03-19,11.02826976776123
2019-03-20,11.118687629699707
2019-03-21,11.460365295410156
2019-03-22,10.947230339050293
2019-03-25,10.918861389160156
2019-03-26,11.01754093170166
2019-03-27,10.886791229248047
2019-03-28,10.921327590942383
2019-03-29,11.09278392791748
2019-04-01,11.390054702758789
2019-04-02,11.460365295410156
2019-04-03,11.592348098754883
2019-04-04,11.582480430603027
2019-04-05,11.695961952209473
2019-04-08,11.756402015686035
2019-04-09,11.673758506774902
2019-04-10,11.799574851989746
2019-04-11,11.741600036621094
2019-04-12,11.837812423706055
2019-04-15,11.839046478271484
2019-04-16,11.919222831726074
2019-04-17,11.999402046203613
2019-04-18,12.025301933288574
2019-04-22,12.096846580505371
2019-04-23,12.40151596069336
2019-04-24,12.322572708129883
2019-04-25,12.406451225280762
2019-04-26,12.443456649780273
2019-04-29,12.480462074279785
2019-04-30,12.295437812805176
2019-05-01,12.200460433959961
2019-05-02,12.10794734954834
2019-05-03,12.487861633300781
2019-05-06,12.342310905456543
2019-05-07,11.84644603729248
2019-05-08,11.774904251098633
2019-05-09,11.666356086730957
2019-05-10,11.68979263305664
2019-05-13,10.869521141052246
2019-05-14,11.108818054199219
2019-05-15,11.412259101867676
2019-05-16,11.644155502319336
2019-05-17,11.406092643737793
2019-05-20,11.029875755310059
2019-05-21,11.250670433044434
2019-05-22,11.150755882263184
2019-05-23,10.804144859313965
2019-05-24,10.789345741271973
2019-05-28,10.707932472229004
2019-05-29,10.536478996276855
2019-05-30,10.62652587890625
2019-05-31,10.271280288696289
2019-06-03,9.839555740356445
2019-06-04,10.377358436584473
2019-06-05,10.53031063079834
2019-06-06,10.691900253295898
2019-06-07,11.101418495178223
2019-06-10,11.355515480041504
2019-06-11,11.394989013671875
2019-06-12,11.269172668457031
2019-06-13,11.399922370910645
2019-06-14,11.286442756652832
2019-06-17,11.429526329040527
2019-06-18,11.762569427490234
2019-06-19,11.84891414642334
2019-06-20,12.064773559570312
2019-06-21,12.035171508789062
2019-06-24,12.031471252441406
2019-06-25,11.614500045776367
2019-06-26,11.718153953552246
2019-06-27,11.81194019317627
2019-06-28,11.847726821899414
2019-07-01,12.154994010925293
2019-07-02,12.253714561462402
2019-07-03,12.42771053314209
2019-07-05,12.38698673248291
2019-07-08,12.20435619354248
2019-07-09,12.32775592803955
2019-07-10,12.568387985229492
2019-07-11,12.54864501953125
2019-07-12,12.693022727966309
2019-07-15,12.763362884521484
2019-07-16,12.63625717163086
2019-07-17,12.515325546264648
2019-07-18,12.554813385009766
2019-07-19,12.341328620910645
2019-07-22,12.55357837677002
2019-07-23,12.71153450012207
2019-07-24,12.887996673583984
2019-07-25,12.638726234436035
2019-07-26,12.892931938171387
2019-07-29,12.813956260681152
2019-07-30,12.695488929748535
2019-07-31,12.35860538482666
2019-08-01,12.219162940979004
2019-08-02,11.86376953125
2019-08-05,11.003661155700684
2019-08-06,11.326974868774414
2019-08-07,11.42446231842041
2019-08-08,11.940277099609375
2019-08-09,11.713217735290527
2019-08-12,11.446673393249512
2019-08-13,11.960021018981934
2019-08-14,11.215911865234375
2019-08-15,11.201104164123535
2019-08-16,11.555265426635742
2019-08-19,11.90819263458252
2019-08-20,11.747771263122559
2019-08-21,11.951382637023926
2019-08-22,11.873641967773438
2019-08-23,11.125829696655273
2019-08-26,11.450373649597168
2019-08-27,11.410886764526367
2019-08-28,11.477523803710938
2019-08-29,11.829214096069336
2019-08-30,11.776151657104492
2019-09-03,11.542923927307129
2019-09-04,11.876110076904297
2019-09-05,12.312946319580078
2019-09-06,12.284565925598145
2019-09-09,12.226566314697266
2019-09-10,12.16856861114502
2019-09-11,12.38698673248291
2019-09-12,12.47953987121582
2019-09-13,12.398094177246094
2019-09-16,12.273459434509277
2019-09-17,12.390689849853516
2019-09-18,12.389456748962402
2019-09-19,12.425243377685547
2019-09-20,12.162398338317871
2019-09-23,12.169804573059082
2019-09-24,11.839088439941406
2019-09-25,12.106868743896484
2019-09-26,12.018021583557129
2019-09-27,11.730494499206543
2019-09-30,11.93657398223877
2019-10-01,11.74036693572998
2019-10-02,11.336846351623535
2019-10-03,11.589818000793457
2019-10-04,11.931639671325684
2019-10-07,11.851428031921387
2019-10-08,11.483692169189453
2019-10-09,11.72926139831543
2019-10-10,11.892151832580566
2019-10-11,12.19324779510498
2019-10-14,12.20435619354248
2019-10-15,12.505454063415527
2019-10-16,12.442519187927246
2019-10-17,12.511624336242676
2019-10-18,12.269757270812988
2019-10-21,12.485710144042969
2019-10-22,12.285799980163574
2019-10-23,12.33145809173584
2019-10-24,12.564685821533203
2019-10-25,12.758423805236816
2019-10-28,13.016334533691406
2019-10-29,12.821361541748047
2019-10-30,12.923782348632812
2019-10-31,12.943527221679688
2019-11-01,13.185391426086426
2019-11-04,13.337177276611328
2019-11-05,13.342111587524414
2019-11-06,13.293986320495605
2019-11-07,13.382834434509277
2019-11-08,13.488960266113281
2019-11-11,13.450703620910645
2019-11-12,13.521042823791504
2019-11-13,13.502533912658691
2019-11-14,13.509936332702637
2019-11-15,13.67776107788086
2019-11-18,13.732059478759766
2019-11-19,13.762908935546875
2019-11-20,13.596318244934082
2019-11-21,13.53461742401123
2019-11-22,13.554361343383789
2019-11-25,13.872735977172852
2019-11-26,13.924565315246582
2019-11-27,14.11706829071045
2019-11-29,13.983795166015625
2019-12-02,13.675293922424316
2019-12-03,13.476618766784668
2019-12-04,13.613594055175781
2019-12-05,13.665422439575195
2019-12-06,13.950477600097656
2019-12-09,13.833247184753418
2019-12-10,13.809803009033203
2019-12-11,13.957881927490234
2019-12-12,14.166430473327637
2019-12-13,14.251577377319336
2019-12-16,14.5242919921875
2019-12-17,14.540336608886719
2019-12-18,14.561311721801758
2019-12-19,14.753819465637207
2019-12-20,14.875986099243164
2019-12-23,14.943854331970215
2019-12-24,14.951263427734375
2019-12-26,15.224092483520508
2019-12-27,15.187054634094238
2019-12-30,14.982126235961914
2019-12-31,15.04755687713623
2020-01-02,15.541362762451172
2020-01-03,15.266066551208496
2020-01-06,15.447538375854492
2020-01-07,15.440131187438965
2020-01-08,15.673456192016602
2020-01-09,15.951228141784668
2020-01-10,15.867276191711426
2020-01-13,16.222820281982422
2020-01-14,16.103071212768555
2020-01-15,16.105541229248047
2020-01-16,16.409229278564453
2020-01-17,16.575891494750977
2020-01-21,16.56107521057129
2020-01-22,16.6450252532959
2020-01-23,16.743785858154297
2020-01-24,16.45737648010254
2020-01-27,15.77962589263916
2020-01-28,16.256149291992188
2020-01-29,16.3067626953125
2020-01-30,16.425281524658203
2020-01-31,15.89320182800293
2020-02-03,16.366024017333984
2020-02-04,17.11907958984375
2020-02-05,17.24993896484375
2020-02-06,17.536348342895508
2020-02-07,17.378328323364258
2020-02-10,17.809175491333008
2020-02-11,17.809175491333008
2020-02-12,18.158544540405273
2020-02-13,18.098054885864258
2020-02-14,18.194345474243164
2020-02-18,18.225210189819336
2020-02-19,18.567171096801758
2020-02-20,18.206689834594727
2020-02-21,17.52893829345703
2020-02-24,16.16726303100586
2020-02-25,15.29446029663086
2020-02-26,15.426553726196289
2020-02-27,13.882169723510742
2020-02-28,14.021672248840332
2020-03-02,15.341370582580566
2020-03-03,14.362395286560059
2020-03-04,15.541362762451172
2020-03-05,14.605598449707031
2020-03-06,14.11302375793457
2020-03-09,12.169893264770508
2020-03-10,13.474778175354004
2020-03-11,12.299516677856445
2020-03-12,10.023061752319336
2020-03-13,11.93286418914795
2020-03-16,9.035446166992188
2020-03-17,10.253915786743164
2020-03-18,9.611967086791992
2020-03-19,9.744060516357422
2020-03-20,8.965079307556152
2020-03-23,9.010756492614746
2020-03-24,10.382307052612305
2020-03-25,10.19698715209961
2020-03-26,11.294591903686523
2020-03-27,10.46613883972168
2020-03-30,11.267430305480957
2020-03-31,11.060006141662598
2020-04-01,10.136486053466797
2020-04-02,10.538984298706055
2020-04-03,10.252546310424805
2020-04-06,11.710667610168457
2020-04-07,11.664986610412598
2020-04-08,12.1724271774292
2020-04-09,12.203291893005371
2020-04-13,12.483560562133789
2020-04-14,13.562644958496094
2020-04-15,13.252748489379883
2020-04-16,13.75525188446045
2020-04-17,13.982425689697266
2020-04-20,13.65894889831543
2020-04-21,12.642828941345215
2020-04-22,13.42436408996582
2020-04-23,13.360161781311035
2020-04-24,13.799697875976562
2020-04-27,13.967609405517578
2020-04-28,13.470046997070312
2020-04-29,14.388628959655762
2020-04-30,14.442952156066895
2020-05-01,13.570053100585938
2020-05-04,13.909584045410156
2020-05-05,14.219480514526367
2020-05-06,14.39233112335205
2020-05-07,14.773838996887207
2020-05-08,15.161518096923828
2020-05-11,15.4133882522583
2020-05-12,14.798532485961914
2020-05-13,14.42937183380127
2020-05-14,14.744208335876465
2020-05-15,14.934341430664062
2020-05-18,15.505987167358398
2020-05-19,15.405980110168457
2020-05-20,16.033180236816406
2020-05-21,15.680071830749512
2020-05-22,15.777610778808594
2020-05-26,15.714644432067871
2020-05-27,15.86403751373291
2020-05-28,15.802303314208984
2020-05-29,16.231964111328125
2020-06-01,16.404813766479492
2020-06-02,16.608530044555664
2020-06-03,16.75421905517578
2020-06-04,16.514692306518555
2020-06-05,17.161651611328125
2020-06-08,17.44439125061035
2020-06-09,17.682674407958984
2020-06-10,18.122211456298828
2020-06-11,16.330732345581055
2020-06-12,16.559141159057617
2020-06-15,16.97275161743164
2020-06-16,17.582670211791992
2020-06-17,17.667858123779297
2020-06-18,17.777748107910156
2020-06-19,17.755523681640625
2020-06-22,18.196292877197266
2020-06-23,18.486434936523438
2020-06-24,17.74564552307129
2020-06-25,18.086408615112305
2020-06-26,17.2023983001709
2020-06-29,17.56538200378418
2020-06-30,18.23456573486328
2020-07-01,18.69879722595215
2020-07-02,18.95189666748047
2020-07-06,19.88899803161621
2020-07-07,19.607498168945312
2020-07-08,20.116174697875977
2020-07-09,20.45076560974121
2020-07-10,20.755725860595703
2020-07-13,19.89146614074707
2020-07-14,20.181610107421875
2020-07-15,20.226057052612305
2020-07-16,19.943323135375977
2020-07-17,20.007524490356445
2020-07-20,21.15699005126953
2020-07-21,20.711275100708008
2020-07-22,20.856962203979492
2020-07-23,19.756895065307617
2020-07-24,19.37662124633789
2020-07-27,20.07543182373047
2020-07-28,19.576629638671875
2020-07-29,20.02975082397461
2020-07-30,20.231002807617188
2020-07-31,20.949562072753906
2020-08-03,21.50392723083496
2020-08-04,21.670602798461914
2020-08-05,21.78418731689453
2020-08-06,22.338544845581055
2020-08-07,21.836042404174805
2020-08-10,21.640972137451172
2020-08-11,20.833507537841797
2020-08-12,21.881725311279297
2020-08-13,21.968154907226562
2020-08-14,21.927410125732422
2020-08-17,22.413862228393555
2020-08-18,22.850929260253906
2020-08-19,22.552141189575195
2020-08-20,23.176876068115234
2020-08-21,23.48554039001465
2020-08-24,23.789264678955078
2020-08-25,24.159658432006836
2020-08-26,25.184417724609375
2020-08-27,25.01650619506836
2020-08-28,25.27825355529785
2020-08-31,25.720258712768555
2020-09-01,26.569698333740234
2020-09-02,27.06602668762207
2020-09-03,24.290531158447266
2020-09-04,23.646045684814453
2020-09-08,21.391569137573242
2020-09-09,22.63857078552246
2020-09-10,21.710107803344727
2020-09-11,21.436017990112305
2020-09-14,22.181747436523438
2020-09-15,22.813886642456055
2020-09-16,22.06075096130371
2020-09-17,21.403919219970703
2020-09-18,20.83844566345215
2020-09-21,21.018707275390625
2020-09-22,21.77184295654297
2020-09-23,20.433481216430664
2020-09-24,20.6384334564209
2020-09-25,21.616273880004883
2020-09-28,22.483003616333008
2020-09-29,22.280519485473633
2020-09-30,22.631160736083984
2020-10-01,23.317625045776367
2020-10-02,22.00395965576172
2020-10-05,22.95710563659668
2020-10-06,22.10519790649414
2020-10-07,22.915128707885742
2020-10-08,23.1225528717041
2020-10-09,23.823835372924805
2020-10-12,25.288131713867188
2020-10-13,25.270845413208008
2020-10-14,24.868345260620117
2020-10-15,24.517711639404297
2020-10-16,24.260900497436523
2020-10-19,23.44356346130371
2020-10-20,23.589250564575195
2020-10-21,23.529985427856445
2020-10-22,23.53739356994629
2020-10-23,23.643573760986328
2020-10-26,22.89537811279297
2020-10-27,23.24848747253418
2020-10-28,21.448366165161133
2020-10-29,22.161991119384766
2020-10-30,21.11254119873047
2020-11-02,21.171802520751953
2020-11-03,21.8804931640625
2020-11-04,23.83864974975586
2020-11-05,25.09305191040039
2020-11-06,25.135032653808594
2020-11-09,24.070764541625977
2020-11-10,23.246015548706055
2020-11-11,24.27571678161621
2020-11-12,24.046072006225586
2020-11-13,24.488075256347656
2020-11-16,24.81402587890625
2020-11-17,24.65351676940918
2020-11-18,24.305343627929688
2020-11-19,24.67327308654785
2020-11-20,24.357200622558594
2020-11-23,24.354734420776367
2020-11-24,25.051076889038086
2020-11-25,25.364681243896484
2020-11-27,25.8140926361084
2020-11-30,25.880760192871094
2020-12-01,26.619081497192383
2020-12-02,26.638837814331055
2020-12-03,26.70056915283203
2020-12-04,26.952438354492188
2020-12-07,27.236413955688477
2020-12-08,27.404325485229492
2020-12-09,26.201772689819336
2020-12-10,26.372154235839844
2020-12-11,26.275856018066406
2020-12-14,26.619081497192383
2020-12-15,27.211713790893555
2020-12-16,27.512971878051758
2020-12-17,27.87102508544922
2020-12-18,27.678415298461914
2020-12-21,27.60680389404297
2020-12-22,27.740148544311523
2020-12-23,27.463584899902344
2020-12-24,27.703109741210938
2020-12-28,28.266109466552734
2020-12-29,28.317964553833008
2020-12-30,28.29326820373535
2020-12-31,28.424142837524414
2021-01-04,27.62409210205078
2021-01-05,28.07350730895996
2021-01-06,27.320363998413086
2021-01-07,28.653789520263672
2021-01-08,29.374828338623047
2021-01-11,28.50069236755371
2021-01-12,28.43155288696289
2021-01-13,28.799476623535156
2021-01-14,28.483407974243164
2021-01-15,28.041400909423828
2021-01-19,28.87108612060547
2021-01-20,30.192163467407227
2021-01-21,30.700838088989258
2021-01-22,30.508235931396484
2021-01-25,31.049013137817383
2021-01-26,31.09345817565918
2021-01-27,29.419275283813477
2021-01-28,29.713117599487305
2021-01-29,28.48834800720215
2021-02-01,29.88844108581543
2021-02-02,30.868757247924805
2021-02-03,30.60207176208496
2021-02-04,31.33298110961914
2021-02-05,31.552751541137695
2021-02-08,31.947830200195312
2021-02-09,31.937957763671875
2021-02-10,31.78239631652832
2021-02-11,32.13550567626953
2021-02-12,32.491092681884766
2021-02-16,32.32316970825195
2021-02-17,32.00957107543945
2021-02-18,31.71819496154785
2021-02-19,31.451509475708008
2021-02-22,29.821767807006836
2021-02-23,29.636573791503906
2021-02-24,30.120555877685547
2021-02-25,27.98708152770996
2021-02-26,28.283395767211914
2021-03-01,29.955110549926758
2021-03-02,28.984678268432617
2021-03-03,27.315427780151367
2021-03-04,26.39931869506836
2021-03-05,27.20924949645996
2021-03-08,25.660987854003906
2021-03-09,27.69076156616211
2021-03-10,27.525318145751953
2021-03-11,28.80194664001465
2021-03-12,28.3204345703125
2021-03-15,28.932819366455078
2021-03-16,29.24888801574707
2021-03-17,29.48100471496582
2021-03-18,27.66360092163086
2021-03-19,27.91299819946289
2021-03-22,28.9155330657959
2021-03-23,28.61674690246582
2021-03-24,27.66853904724121
2021-03-25,27.589521408081055
2021-03-26,28.41179656982422
2021-03-29,28.38710594177246
2021-03-30,28.11054039001465
2021-03-31,28.937759399414062
2021-04-01,29.95264434814453
2021-04-05,31.15272331237793
2021-04-06,31.0860538482666
2021-04-07,31.23914909362793
2021-04-08,31.895977020263672
2021-04-09,32.286136627197266
2021-04-12,32.19230270385742
2021-04-13,32.94297409057617
2021-04-14,32.15031433105469
2021-04-15,33.11582565307617
2021-04-16,33.20471954345703
2021-04-19,32.592323303222656
2021-04-20,32.09599304199219
2021-04-21,32.663936614990234
2021-04-22,31.878698348999023
2021-04-23,32.67876052856445
2021-04-26,33.10099792480469
2021-04-27,32.79728698730469
2021-04-28,32.53800582885742
2021-04-29,32.809627532958984
2021-04-30,32.36515808105469
2021-05-03,32.034263610839844
2021-05-04,30.876163482666016
2021-05-05,30.653926849365234
2021-05-06,31.132970809936523
2021-05-07,31.621889114379883
2021-05-10,30.014375686645508
2021-05-11,29.957582473754883
2021-05-12,28.406858444213867
2021-05-13,28.84639549255371
2021-05-14,30.10573959350586
2021-05-17,29.742748260498047
2021-05-18,29.33285140991211
2021-05-19,29.401988983154297
2021-05-20,30.54033851623535
2021-05-21,30.194631576538086
2021-05-24,31.21939468383789
2021-05-25,31.30087661743164
2021-05-26,31.508304595947266
2021-05-27,31.2811279296875
2021-05-28,31.453977584838867
2021-06-01,31.26137351989746
2021-06-02,31.379898071289062
2021-06-03,30.70331382751465
2021-06-04,31.784870147705078
2021-06-07,31.947830200195312
2021-06-08,31.9725341796875
2021-06-09,32.00216293334961
2021-06-10,32.6738166809082
2021-06-11,32.83185577392578
2021-06-14,33.45905685424805
2021-06-15,33.01457595825195
2021-06-16,32.777530670166016
2021-06-17,33.60721206665039
2021-06-18,33.083717346191406
2021-06-21,33.48374938964844
2021-06-22,34.11094284057617
2021-06-23,34.135643005371094
2021-06-24,34.56037139892578
2021-06-25,34.48628234863281
2021-06-28,35.31597137451172
2021-06-29,35.567832946777344
2021-06-30,35.46412658691406
2021-07-01,35.48882293701172
2021-07-02,36.28887176513672
2021-07-06,36.595069885253906
2021-07-07,36.72346878051758
2021-07-08,36.32838821411133
2021-07-09,36.767913818359375
2021-07-12,37.04942321777344
2021-07-13,37.03460693359375
2021-07-14,37.16300582885742
2021-07-15,36.63951873779297
2021-07-16,36.05181884765625
2021-07-19,35.45919418334961
2021-07-20,36.283939361572266
2021-07-21,36.81731414794922
2021-07-22,37.33091354370117
2021-07-23,38.180355072021484
2021-07-26,38.264312744140625
2021-07-27,37.42475509643555
2021-07-28,37.691436767578125
2021-07-29,37.839599609375
2021-07-30,37.434627532958984
2021-08-02,37.4296875
2021-08-03,37.88405227661133
2021-08-04,38.00750732421875
2021-08-05,38.48655319213867
2021-08-06,38.13591384887695
2021-08-09,38.27419662475586
2021-08-10,37.888980865478516
2021-08-11,37.76552200317383
2021-08-12,38.032203674316406
2021-08-13,38.27912902832031
2021-08-16,38.30876159667969
2021-08-17,37.63711166381836
2021-08-18,36.90620422363281
2021-08-19,37.27165222167969
2021-08-20,38.04701614379883
2021-08-23,39.17301559448242
2021-08-24,39.415008544921875
2021-08-25,39.45946502685547
2021-08-26,39.00017166137695
2021-08-27,39.76565170288086
2021-08-30,40.6595344543457
2021-08-31,40.57558059692383
2021-09-01,40.71879577636719
2021-09-02,40.66941833496094
2021-09-03,40.92622756958008
2021-09-07,41.02499771118164
2021-09-08,40.75831604003906
2021-09-09,40.43730163574219
2021-09-10,39.83479309082031
2021-09-13,39.78046798706055
2021-09-14,39.5483512878418
2021-09-15,40.1311149597168
2021-09-16,40.20519256591797
2021-09-17,39.252037048339844
2021-09-20,37.61735534667969
2021-09-21,37.691436767578125
2021-09-22,38.4124755859375
2021-09-23,39.1137580871582
2021-09-24,39.17795944213867
2021-09-27,38.57050323486328
2021-09-28,36.36789321899414
2021-09-29,36.278995513916016
2021-09-30,35.938232421875
2021-10-01,36.42221450805664
2021-10-04,34.911006927490234
2021-10-05,35.84439468383789
2021-10-06,36.29380798339844
2021-10-07,36.96052932739258
2021-10-08,36.58519744873047
2021-10-11,36.027122497558594
2021-10-12,35.78513717651367
2021-10-13,36.3481330871582
2021-10-14,37.68156814575195
2021-10-15,38.155670166015625
2021-10-18,38.92609405517578
2021-10-19,39.49402618408203
2021-10-20,39.40019607543945
2021-10-21,39.88417434692383
2021-10-22,39.2026481628418
2021-10-25,40.00270080566406
2021-10-26,40.22494125366211
2021-10-27,40.432369232177734
2021-10-28,41.34600830078125
2021-10-29,41.75096893310547
2021-11-01,42.032466888427734
2021-11-02,42.38805389404297
2021-11-03,43.281944274902344
2021-11-04,44.37831115722656
2021-11-05,44.46719741821289
2021-11-08,44.34867477416992
2021-11-09,43.72148132324219
2021-11-10,42.44730758666992
2021-11-11,42.68436813354492
2021-11-12,43.5782585144043
2021-11-15,43.56344223022461
2021-11-16,44.17582702636719
2021-11-17,44.21533203125
2021-11-18,45.12404251098633
2021-11-19,45.622840881347656
2021-11-22,44.58079528808594
2021-11-23,44.1610107421875
2021-11-24,44.472145080566406
2021-11-26,42.694244384765625
2021-11-29,44.590667724609375
2021-11-30,43.267127990722656
2021-12-01,41.80035400390625
2021-12-02,42.417686462402344
2021-12-03,40.941043853759766
2021-12-06,41.61268615722656
2021-12-07,44.11656188964844
2021-12-08,44.486961364746094
2021-12-09,43.17329025268555
2021-12-10,44.106685638427734
2021-12-13,42.82759094238281
2021-12-14,41.96827697753906
2021-12-15,43.844947814941406
2021-12-16,41.602813720703125
2021-12-17,41.17809295654297
2021-12-20,40.34840774536133
2021-12-21,42.15593719482422
2021-12-22,43.19304656982422
2021-12-23,43.854820251464844
2021-12-27,45.26232147216797
2021-12-28,44.89192581176758
2021-12-29,44.852413177490234
2021-12-30,44.541290283203125
2021-12-31,43.96346664428711
2022-01-03,44.877113342285156
2022-01-04,43.701725006103516
2022-01-05,40.98548889160156
2022-01-06,40.95586013793945
2022-01-07,40.052085876464844
2022-01-10,40.14592361450195
2022-01-11,41.326255798339844
2022-01-12,41.65219497680664
2022-01-13,39.54341125488281
2022-01-14,40.042213439941406
2022-01-18,38.07664108276367
2022-01-19,37.197574615478516
2022-01-20,36.21479797363281
2022-01-21,34.175148010253906
2022-01-24,34.589996337890625
2022-01-25,32.86147689819336
2022-01-26,32.915809631347656
2022-01-27,32.15031433105469
2022-01-28,34.20972442626953
2022-01-31,36.402462005615234
2022-02-01,36.8370475769043
2022-02-02,37.45438766479492
2022-02-03,34.38258361816406
2022-02-04,35.26164245605469
2022-02-07,34.70852279663086
2022-02-08,35.48882293701172
2022-02-09,36.99509048461914
2022-02-10,35.31102752685547
2022-02-11,33.083717346191406
2022-02-14,33.172607421875
2022-02-15,34.797420501708984
2022-02-16,34.76284408569336
2022-02-17,32.6984977722168
2022-02-18,31.942907333374023
2022-02-22,31.295942306518555
2022-02-23,29.70571517944336
2022-02-24,31.695972442626953
2022-02-25,32.6738166809082
2022-02-28,32.925682067871094
2022-03-01,31.84412956237793
2022-03-02,32.89111328125
2022-03-03,31.952774047851562
2022-03-04,31.053951263427734
2022-03-07,28.747621536254883
2022-03-08,28.46611785888672
2022-03-09,30.550212860107422
2022-03-10,29.863750457763672
2022-03-11,28.59946632385254
2022-03-14,27.517911911010742
2022-03-15,29.216787338256836
2022-03-16,31.404592514038086
2022-03-17,32.13550567626953
2022-03-18,33.47386932373047
2022-03-21,33.28620910644531
2022-03-22,34.580108642578125
2022-03-23,33.58746337890625
2022-03-24,35.08385467529297
2022-03-25,35.03446578979492
2022-03-28,36.11600875854492
2022-03-29,37.33091354370117
2022-03-30,36.53580856323242
2022-03-31,35.51845169067383
2022-04-01,35.49376678466797
2022-04-04,36.921016693115234
2022-04-05,35.306095123291016
2022-04-06,33.73068618774414
2022-04-07,33.91340255737305
2022-04-08,32.950382232666016
2022-04-11,31.399658203125
2022-04-12,31.15272331237793
2022-04-13,32.38737869262695
2022-04-14,30.900854110717773
2022-04-18,30.9996280670166
2022-04-19,32.313289642333984
2022-04-20,31.370023727416992
2022-04-21,30.115615844726562
2022-04-22,28.505634307861328
2022-04-25,29.25629997253418
2022-04-26,26.999359130859375
2022-04-27,26.969728469848633
2022-04-28,28.866153717041016
2022-04-29,26.273378372192383
2022-05-02,27.15739631652832
2022-05-03,27.24134635925293
2022-05-04,29.068634033203125
2022-05-05,26.179546356201172
2022-05-06,25.5227108001709
2022-05-09,23.497886657714844
2022-05-10,24.075702667236328
2022-05-11,22.628690719604492
2022-05-12,22.529918670654297
2022-05-13,24.17447280883789
2022-05-16,23.6312255859375
2022-05-17,24.851064682006836
2022-05-18,22.381759643554688
2022-05-19,22.15952491760254
2022-05-20,22.006423950195312
2022-05-23,22.742277145385742
2022-05-24,21.76937484741211
2022-05-25,22.391637802124023
2022-05-26,23.621349334716797
2022-05-27,25.1868896484375
2022-05-31,25.023916244506836
2022-06-01,24.658458709716797
2022-06-02,26.016576766967773
2022-06-03,24.623886108398438
2022-06-06,24.811553955078125
2022-06-07,25.25109100341797
2022-06-08,24.870817184448242
2022-06-09,23.5127010345459
2022-06-10,21.838516235351562
2022-06-13,19.828502655029297
2022-06-14,19.922334671020508
2022-06-15,20.89524269104004
2022-06-16,19.221050262451172
2022-06-17,19.665531158447266
2022-06-21,20.658185958862305
2022-06-22,20.589046478271484
2022-06-23,21.201433181762695
2022-06-24,22.692893981933594
2022-06-27,22.307682037353516
2022-06-28,20.939685821533203
2022-06-29,20.998950958251953
2022-06-30,20.45076560974121
2022-07-01,20.717451095581055
2022-07-05,21.428607940673828
2022-07-06,21.690353393554688
2022-07-07,22.613874435424805
2022-07-08,22.68795394897461
2022-07-11,21.690353393554688
2022-07-12,21.28045082092285
2022-07-13,21.201433181762695
2022-07-14,21.344654083251953
2022-07-15,22.10519790649414
2022-07-18,21.734804153442383
2022-07-19,23.058349609375
2022-07-20,23.789264678955078
2022-07-21,24.470787048339844
2022-07-22,23.611474990844727
2022-07-25,23.359607696533203
2022-07-26,22.41633415222168
2022-07-27,24.312753677368164
2022-07-28,24.77204704284668
2022-07-29,25.690624237060547
2022-08-01,25.660987854003906
2022-08-02,25.488142013549805
2022-08-03,26.875892639160156
2022-08-04,27.108007431030273
2022-08-05,26.6783447265625
2022-08-08,26.505496978759766
2022-08-09,25.898046493530273
2022-08-10,27.340120315551758
2022-08-11,27.028989791870117
2022-08-12,28.09572410583496
2022-08-15,28.520444869995117
2022-08-16,28.38710594177246
2022-08-17,27.730268478393555
2022-08-18,27.87348747253418
2022-08-19,26.77712059020996
2022-08-22,25.359739303588867
2022-08-23,25.315292358398438
2022-08-24,25.45850944519043
2022-08-25,26.342525482177734
2022-08-26,24.179412841796875
2022-08-29,23.705305099487305
2022-08-30,23.171934127807617
2022-08-31,22.900314331054688
2022-09-01,22.915128707885742
2022-09-02,22.2582950592041
2022-09-06,21.937286376953125
2022-09-07,22.816356658935547
2022-09-08,23.0484676361084
2022-09-09,24.046072006225586
2022-09-12,24.614015579223633
2022-09-13,21.902713775634766
2022-09-14,22.263233184814453
2022-09-15,21.492813110351562
2022-09-16,21.23106575012207
2022-09-19,21.571826934814453
2022-09-20,21.21131134033203
2022-09-21,20.445825576782227
2022-09-22,19.951969146728516
2022-09-23,19.300071716308594
2022-09-26,19.107465744018555
2022-09-27,19.15685272216797
2022-09-28,19.90258026123047
2022-09-29,18.781517028808594
2022-09-30,18.104930877685547
2022-10-03,18.959306716918945
2022-10-04,20.149507522583008
2022-10-05,20.114940643310547
2022-10-06,19.793930053710938
2022-10-07,18.27777862548828
2022-10-10,17.887630462646484
2022-10-11,17.443157196044922
2022-10-12,17.41352081298828
2022-10-13,18.203697204589844
2022-10-14,17.097454071044922
2022-10-17,18.258028030395508
2022-10-18,18.544462203979492
2022-10-19,18.386428833007812
2022-10-20,18.17901039123535
2022-10-21,19.04820442199707
2022-10-24,19.46304702758789
2022-10-25,20.258159637451172
2022-10-26,19.349454879760742
2022-10-27,18.633359909057617
2022-10-28,19.784053802490234
2022-10-31,19.300071716308594
2022-11-01,18.90991973876953
2022-11-02,17.616008758544922
2022-11-03,16.929540634155273
2022-11-04,17.46784782409668
2022-11-07,17.84811782836914
2022-11-08,18.095050811767578
2022-11-09,17.245607376098633
2022-11-10,19.793930053710938
2022-11-11,20.524845123291016
2022-11-14,20.154451370239258
2022-11-15,20.722389221191406
2022-11-16,20.144573211669922
2022-11-17,20.040864944458008
2022-11-18,20.045801162719727
2022-11-21,19.626018524169922
2022-11-22,20.18902015686035
2022-11-23,20.589046478271484
2022-11-25,20.307544708251953
2022-11-28,19.705039978027344
2022-11-29,19.413658142089844
2022-11-30,21.18661880493164
2022-12-01,21.226125717163086
2022-12-02,21.05821418762207
2022-12-05,20.327299118041992
2022-12-06,19.487735748291016
2022-12-07,19.319828033447266
2022-12-08,19.788990020751953
2022-12-09,19.532182693481445
2022-12-12,20.006290435791016
2022-12-13,20.440889358520508
2022-12-14,20.124814987182617
2022-12-15,18.771635055541992
2022-12-16,18.401241302490234
2022-12-19,17.90244483947754
2022-12-20,17.85306167602539
2022-12-21,18.37655258178711
2022-12-22,17.464679718017578
2022-12-23,17.548887252807617
2022-12-27,17.018901824951172
2022-12-28,16.56816864013672
2022-12-29,17.370576858520508
2022-12-30,17.355716705322266
2023-01-03,17.113008499145508
2023-01-04,17.276466369628906
2023-01-05,16.71181297302246
2023-01-06,17.633089065551758
2023-01-09,17.86588478088379
2023-01-10,18.16802406311035
2023-01-11,18.78221321105957
2023-01-12,18.960525512695312
2023-01-13,19.223041534423828
2023-01-17,19.287433624267578
2023-01-18,18.7921142578125
2023-01-19,18.415681838989258
2023-01-20,19.4459285736084
2023-01-23,20.29786491394043
2023-01-24,20.20375633239746
2023-01-25,20.09478759765625
2023-01-26,20.872426986694336
2023-01-27,21.283536911010742
2023-01-30,20.40683364868164
2023-01-31,21.035877227783203
2023-02-01,21.94725227355957
2023-02-02,23.49262046813965
2023-02-03,22.64564323425293
2023-02-06,22.269203186035156
2023-02-07,23.195438385009766
2023-02-08,22.348453521728516
2023-02-09,21.937345504760742
2023-02-10,21.659971237182617
2023-02-13,22.358360290527344
2023-02-14,22.66050148010254
2023-02-15,23.02703094482422
2023-02-16,22.12556266784668
2023-02-17,21.80856704711914
2023-02-21,20.773365020751953
2023-02-22,20.80307960510254
2023-02-23,21.164657592773438
2023-02-24,20.436548233032227
2023-02-27,20.738689422607422
2023-02-28,20.66934585571289
2023-03-01,20.33749008178711
2023-03-02,20.684207916259766
2023-03-03,21.526233673095703
2023-03-06,21.555959701538086
2023-03-07,21.02597427368164
2023-03-08,21.243906021118164
2023-03-09,20.466266632080078
2023-03-10,19.89665985107422
2023-03-13,20.198801040649414
2023-03-14,21.129989624023438
2023-03-15,21.3380184173584
2023-03-16,22.452470779418945
2023-03-17,22.229578018188477
2023-03-20,22.393030166625977
2023-03-21,23.017122268676758
2023-03-22,22.388076782226562
2023-03-23,22.932924270629883
2023-03-24,23.086469650268555
2023-03-27,22.754608154296875
2023-03-28,22.526765823364258
2023-03-29,23.35393714904785
2023-03-30,23.765043258666992
2023-03-31,24.552587509155273
2023-04-03,24.428760528564453
2023-04-04,24.26531219482422
2023-04-05,23.760093688964844
2023-04-06,24.10186004638672
2023-04-10,24.047372817993164
2023-04-11,23.740278244018555
2023-04-12,23.30936050415039
2023-04-13,24.220735549926758
2023-04-14,24.11672019958496
2023-04-17,24.141481399536133
2023-04-18,24.156343460083008
2023-04-19,24.12662124633789
2023-04-20,23.755142211914062
2023-04-21,23.78485870361328
2023-04-24,23.680843353271484
2023-04-25,22.794235229492188
2023-04-26,23.051794052124023
2023-04-27,24.304931640625
2023-04-28,24.636791229248047
2023-05-01,24.572402954101562
2023-05-02,24.131574630737305
2023-05-03,23.834388732910156
2023-05-04,23.651123046875
2023-05-05,24.641746520996094
2023-05-08,24.75566864013672
2023-05-09,24.443620681762695
2023-05-10,24.97360610961914
2023-05-11,25.1221981048584
2023-05-12,24.938932418823242
2023-05-15,25.206401824951172
2023-05-16,25.250978469848633
2023-05-17,25.8701171875
2023-05-18,26.801301956176758
2023-05-19,26.68242835998535
2023-05-22,26.840927124023438
2023-05-23,26.167306900024414
2023-05-24,25.889934539794922
2023-05-25,27.133163452148438
2023-05-26,28.52499008178711
2023-05-30,28.767688751220703
2023-05-31,28.391254425048828
2023-06-01,29.094594955444336
2023-06-02,29.520565032958984
2023-06-05,29.555233001708984
2023-06-06,29.545331954956055
2023-06-07,28.52994155883789
2023-06-08,29.218425750732422
2023-06-09,29.431406021118164
2023-06-12,30.4368896484375
2023-06-13,30.88266944885254
2023-06-14,31.333404541015625
2023-06-15,32.05656051635742
2023-06-16,31.640501022338867
2023-06-20,31.566200256347656
2023-06-21,30.70435905456543
2023-06-22,31.41265296936035
2023-06-23,30.778656005859375
2023-06-26,29.951486587524414
2023-06-27,30.971826553344727
2023-06-28,31.075841903686523
2023-06-29,30.937150955200195
2023-06-30,31.88815689086914
2023-07-03,32.04169464111328
2023-07-05,32.01693344116211
2023-07-06,31.521623611450195
2023-07-07,31.293781280517578
2023-07-10,31.333404541015625
2023-07-11,31.62068748474121
2023-07-12,32.423091888427734
2023-07-13,33.48801040649414
2023-07-14,33.47315216064453
2023-07-17,34.082374572753906
2023-07-18,34.652000427246094
2023-07-19,34.562828063964844
2023-07-20,32.99765396118164
2023-07-21,32.7945671081543
2023-07-24,32.898582458496094
2023-07-25,33.35427474975586
2023-07-26,33.121482849121094
2023-07-27,32.93821716308594
2023-07-28,34.13192367553711
2023-07-31,34.19135665893555
2023-08-01,33.99818420410156
2023-08-02,32.492435455322266
2023-08-03,32.373558044433594
2023-08-04,32.06151580810547
2023-08-07,32.606353759765625
2023-08-08,32.0367546081543
2023-08-09,31.323501586914062
2023-08-10,31.427515029907227
2023-08-11,31.016401290893555
2023-08-14,31.719749450683594
2023-08-15,31.031265258789062
2023-08-16,30.357641220092773
2023-08-17,29.679067611694336
2023-08-18,29.599811553955078
2023-08-21,30.560718536376953
2023-08-22,30.46660614013672
2023-08-23,31.41761016845703
2023-08-24,30.035686492919922
2023-08-25,30.526044845581055
2023-08-28,30.9866886138916
2023-08-29,32.31411361694336
2023-08-30,32.670745849609375
2023-08-31,32.82923889160156
2023-09-01,32.78466796875
2023-09-05,32.84410095214844
2023-09-06,32.26458740234375
2023-09-07,31.779184341430664
2023-09-08,31.853483200073242
2023-09-11,32.606353759765625
2023-09-12,31.88319969177246
2023-09-13,32.11599349975586
2023-09-14,32.62616729736328
2023-09-15,31.481998443603516
2023-09-18,31.561250686645508
2023-09-19,31.42255973815918
2023-09-20,30.596067428588867
2023-09-21,29.438785552978516
2023-09-22,29.4636173248291
2023-09-25,29.726863861083984
2023-09-26,28.82288932800293
2023-09-27,28.976858139038086
2023-09-28,29.433818817138672
2023-09-29,29.478519439697266
2023-10-02,29.950374603271484
2023-10-03,28.892423629760742
2023-10-04,29.672229766845703
2023-10-05,29.478519439697266
2023-10-06,30.45203399658203
2023-10-09,30.769912719726562
2023-10-10,31.087791442871094
2023-10-11,31.53978157043457
2023-10-12,31.286470413208008
2023-10-13,30.511632919311523
2023-10-16,31.21196746826172
2023-10-17,30.99839210510254
2023-10-18,30.124216079711914
2023-10-19,29.582826614379883
2023-10-20,28.703683853149414
2023-10-23,28.85765838623047
2023-10-24,29.433818817138672
2023-10-25,27.97355079650879
2023-10-26,26.895732879638672
2023-10-27,27.15401268005371
2023-10-30,27.740102767944336
2023-10-31,28.023218154907227
2023-11-01,28.996732711791992
2023-11-02,30.02487564086914
2023-11-03,30.720239639282227
2023-11-06,30.958654403686523
2023-11-07,31.534814834594727
2023-11-08,31.584484100341797
2023-11-09,31.08282470703125
2023-11-10,32.44375228881836
2023-11-13,32.25004959106445
2023-11-14,33.625877380371094
2023-11-15,33.67057800292969
2023-11-16,33.730186462402344
2023-11-17,33.72521209716797
2023-11-20,34.54971694946289
2023-11-21,34.107662200927734
2023-11-22,34.40071487426758
2023-11-24,34.2815055847168
2023-11-27,34.22189712524414
2023-11-28,34.390777587890625
2023-11-29,34.31130599975586
2023-11-30,34.127532958984375
2023-12-01,34.326210021972656
2023-12-04,33.665618896484375
2023-12-05,33.82951736450195
2023-12-06,33.437137603759766
2023-12-07,34.375885009765625
2023-12-08,34.64409255981445
2023-12-11,35.240116119384766
2023-12-12,35.80137252807617
2023-12-13,36.69541549682617
2023-12-14,36.61594772338867
2023-12-15,36.8841667175293
2023-12-18,37.42057800292969
2023-12-19,37.78813171386719
2023-12-20,36.64855194091797
2023-12-21,37.49876403808594
2023-12-22,37.603172302246094
2023-12-26,38.04071044921875
2023-12-27,38.184898376464844
2023-12-28,38.115291595458984
2023-12-29,37.78714370727539
2024-01-02,36.514312744140625
2024-01-03,35.73371505737305
2024-01-04,35.340919494628906
2024-01-05,35.430416107177734
2024-01-08,36.882232666015625
2024-01-09,37.026424407958984
2024-01-10,37.50871276855469
2024-01-11,37.6280403137207
2024-01-12,37.677757263183594
2024-01-16,37.662837982177734
2024-01-17,37.220333099365234
2024-01-18,38.284339904785156
2024-01-19,39.77096939086914
2024-01-22,39.870399475097656
2024-01-23,40.1886100769043
2024-01-24,40.61620330810547
2024-01-25,40.69575119018555
2024-01-26,40.19855499267578
2024-01-29,41.033851623535156
2024-01-30,40.46207046508789
2024-01-31,38.8809700012207
2024-02-01,39.80577087402344
2024-02-02,41.138267517089844
2024-02-05,40.98910140991211
2024-02-06,40.839942932128906
2024-02-07,41.66032409667969
2024-02-08,41.79456329345703
2024-02-09,42.600032806396484
2024-02-12,42.251991271972656
2024-02-13,40.924468994140625
2024-02-14,41.824398040771484
2024-02-15,42.033226013183594
2024-02-16,41.27250289916992
2024-02-20,40.641056060791016
2024-02-21,40.3029670715332
2024-02-22,42.654720306396484
2024-02-23,42.38125991821289
2024-02-26,42.331539154052734
2024-02-27,42.53539276123047
2024-02-28,42.053104400634766
2024-02-29,42.779022216796875
2024-03-01,44.056827545166016
2024-03-04,43.698848724365234
2024-03-05,42.14260482788086
2024-03-06,42.65969467163086
2024-03-07,43.942466735839844
2024-03-08,42.63979721069336
2024-03-11,42.316627502441406
2024-03-12,43.54471206665039
2024-03-13,42.83868408203125
2024-03-14,42.61494827270508
2024-03-15,41.58573913574219
2024-03-18,42.371315002441406
2024-03-19,42.57019805908203
2024-03-20,43.5826416015625
2024-03-21,43.96076202392578
2024-03-22,44.03539276123047
2024-03-25,43.72693634033203
2024-03-26,43.44334030151367
2024-03-27,43.731895446777344
2024-03-28,43.52294921875
2024-04-01,43.72693634033203
2024-04-02,42.95079803466797
2024-04-03,43.119956970214844
2024-04-04,41.77665710449219
2024-04-05,42.77169418334961
2024-04-08,42.79656982421875
2024-04-09,43.09508514404297
2024-04-10,42.308998107910156
2024-04-11,43.67717742919922
2024-04-12,42.264217376708984
2024-04-15,40.85624313354492
2024-04-16,40.85624313354492
2024-04-17,39.856231689453125
2024-04-18,39.3686637878418
2024-04-19,37.75172424316406
2024-04-22,38.4930305480957
2024-04-23,39.647274017333984
2024-04-24,39.905982971191406
2024-04-25,39.48309326171875
2024-04-26,40.711971282958984
2024-04-29,41.0254020690918
2024-04-30,39.463191986083984
2024-05-01,38.881099700927734
2024-05-02,39.861209869384766
2024-05-03,41.45326614379883
2024-05-06,42.3786506652832
2024-05-07,42.3587532043457
2024-05-08,42.3139762878418
2024-05-09,42.468204498291016
2024-05-10,42.67218780517578
2024-05-13,42.861244201660156
2024-05-14,43.39359664916992
2024-05-15,44.72693634033203
2024-05-16,44.54286193847656
2024-05-17,44.49808120727539
2024-05-20,45.10505294799805
2024-05-21,45.25928497314453
2024-05-22,45.244361877441406
2024-05-23,44.806541442871094
2024-05-24,45.65232467651367
2024-05-28,45.97571563720703
2024-05-29,45.328941345214844
2024-05-30,44.3388786315918
2024-05-31,44.3388786315918
2024-06-03,44.62247085571289
2024-06-04,44.846343994140625
2024-06-05,46.657310485839844
2024-06-06,46.61751174926758
2024-06-07,46.508060455322266
2024-06-10,46.876216888427734
2024-06-11,47.49811935424805
2024-06-12,48.74689483642578
2024-06-13,49.249385833740234
2024-06-14,49.73695373535156
2024-06-17,50.9459228515625
2024-06-18,50.960853576660156
2024-06-20,50.14989471435547
2024-06-21,49.851383209228516
2024-06-24,48.731971740722656
2024-06-25,49.841434478759766
2024-06-26,50.043643951416016
2024-06-27,50.27273941040039
2024-06-28,49.7099494934082
2024-07-01,50.31756591796875
2024-07-02,51.358482360839844
2024-07-03,52.190208435058594
2024-07-05,53.25105667114258
2024-07-08,53.51502227783203
2024-07-09,53.56979751586914
2024-07-10,54.70036697387695
2024-07-11,52.26491928100586
2024-07-12,52.85759735107422
2024-07-15,53.15143966674805
2024-07-16,53.18132781982422
2024-07-17,50.048622131347656
2024-07-18,49.55554962158203
2024-07-19,48.654090881347656
2024-07-22,50.0785026550293
2024-07-23,49.7348518371582
2024-07-24,46.13896560668945
2024-07-25,45.1279296875
2024-07-26,46.03935241699219
2024-07-29,46.178802490234375
2024-07-30,44.90380859375
2024-07-31,47.56835174560547
2024-08-01,45.26737976074219
2024-08-02,43.080963134765625
2024-08-05,40.58575439453125
2024-08-06,41.28799057006836
2024-08-07,40.3715934753418
2024-08-08,42.85185623168945
2024-08-09,43.28516387939453
2024-08-12,43.44453430175781
2024-08-13,45.58613204956055
2024-08-14,45.620994567871094
2024-08-15,47.90203857421875
2024-08-16,47.9867057800293
2024-08-19,49.24676513671875
2024-08-20,49.027626037597656
2024-08-21,49.50076675415039
2024-08-22,47.892086029052734
2024-08-23,48.92303466796875
2024-08-26,47.95683288574219
2024-08-27,48.240718841552734
2024-08-28,47.12509536743164
2024-08-29,46.98065948486328
2024-08-30,48.08632278442383
2024-09-03,45.132911682128906
2024-09-04,44.89384460449219
2024-09-05,44.98349380493164
2024-09-06,42.553035736083984
2024-09-09,43.61884689331055
2024-09-10,44.41073989868164
2024-09-11,46.303314208984375
2024-09-12,47.24960708618164
2024-09-13,47.628116607666016
2024-09-16,47.19481658935547
2024-09-17,47.24462127685547
2024-09-18,46.80135726928711
2024-09-19,49.191986083984375
2024-09-20,48.96785354614258
2024-09-23,49.22684097290039
2024-09-24,49.69500732421875
2024-09-25,49.81510543823242
2024-09-26,50.52268600463867
2024-09-27,49.929710388183594
2024-09-30,50.178855895996094
2024-10-01,48.75870132446289
2024-10-02,48.923133850097656
2024-10-03,48.84341049194336
2024-10-04,50.004459381103516
2024-10-07,48.878292083740234
2024-10-08,50.33831024169922
2024-10-09,51.12064743041992
2024-10-10,51.01102066040039
2024-10-11,51.115665435791016
2024-10-14,51.972740173339844
2024-10-15,50.57749938964844
2024-10-16,50.59244155883789
2024-10-17,50.67217254638672
2024-10-18,51.290069580078125
2024-10-21,51.484405517578125
2024-10-22,51.58405685424805
2024-10-23,49.989501953125
2024-10-24,50.79176712036133
2024-10-25,51.37478256225586
2024-10-28,51.394710540771484
2024-10-29,52.36639404296875
2024-10-30,51.574100494384766
2024-10-31,48.97296905517578
2024-11-01,49.65564727783203
2024-11-04,49.34669494628906
2024-11-05,50.607398986816406
2024-11-06,53.35801315307617
2024-11-07,55.037288665771484
2024-11-08,55.11203384399414
2024-11-11,55.042266845703125
2024-11-12,54.847938537597656
2024-11-13,54.693458557128906
2024-11-14,53.90614318847656
2024-11-15,51.30003356933594
2024-11-18,52.032535552978516
2024-11-19,52.72516632080078
2024-11-20,52.660396575927734
2024-11-21,53.0440788269043
2024-11-22,53.178627014160156
2024-11-25,53.34306716918945
2024-11-26,53.90115737915039
2024-11-27,53.0440788269043
2024-11-29,53.92109298706055
2024-12-02,55.09708023071289
2024-12-03,55.445892333984375
2024-12-04,56.796287536621094
2024-12-05,56.48236083984375
2024-12-06,57.468994140625
2024-12-09,56.547142028808594
2024-12-10,56.133548736572266
2024-12-11,58.156646728515625
2024-12-12,57.394248962402344
2024-12-13,58.24135971069336
2024-12-16,59.920631408691406
2024-12-17,59.387454986572266
2024-12-18,55.10206604003906
2024-12-19,54.56888961791992
2024-12-20,55.535579681396484
2024-12-23,56.578102111816406
2024-12-24,58.10374450683594
2024-12-26,57.99904251098633
2024-12-27,56.41856002807617
2024-12-30,54.90788269042969
2024-12-31,53.965579986572266
2025-01-02,53.72626495361328
2025-01-03,55.48124694824219
2025-01-06,56.74263381958008
2025-01-07,54.698482513427734
2025-01-08,54.70845413208008
2025-01-10,52.96344757080078
2025-01-13,52.6343879699707
2025-01-14,52.50974655151367
2025-01-15,54.882957458496094
2025-01-16,54.150054931640625
2025-01-17,55.9349479675293
2025-01-21,56.5382194519043
2025-01-22,58.013999938964844
2025-01-23,58.26826858520508
2025-01-24,57.58024215698242
2025-01-27,54.174983978271484
2025-01-28,55.80531311035156
2025-01-29,55.58095932006836
2025-01-30,56.04463195800781
2025-01-31,55.8452033996582
2025-02-03,54.95774459838867
2025-02-04,56.29890060424805
2025-02-05,56.7924919128418
2025-02-06,57.365848541259766
2025-02-07,55.915008544921875
2025-02-10,57.23124313354492
2025-02-11,56.962005615234375
2025-02-12,57.026824951171875
2025-02-13,58.65217208862305
2025-02-14,59.10089111328125
2025-02-18,59.360145568847656
2025-02-19,59.39005661010742
2025-02-20,58.861572265625
2025-02-21,56.408592224121094
2025-02-24,55.047489166259766
2025-02-25,53.6514778137207
2025-02-26,53.89578628540039
2025-02-27,50.924278259277344
2025-02-28,52.494789123535156
2025-03-03,50.2512092590332
2025-03-04,49.88226318359375
2025-03-05,51.18852615356445
2025-03-06,48.37158203125
2025-03-07,49.039676666259766
2025-03-10,45.32530212402344
2025-03-11,44.996246337890625
2025-03-12,46.03327941894531
2025-03-13,44.34810256958008
2025-03-14,46.46205520629883
2025-03-17,47.060340881347656
2025-03-18,45.469886779785156
2025-03-19,46.62657928466797
2025-03-20,46.31746292114258
2025-03-21,46.646522521972656
2025-03-24,48.61090087890625
2025-03-25,49.18925094604492
2025-03-26,47.3819465637207
2025-03-27,46.81840133666992
2025-03-28,44.35480499267578
2025-03-31,44.32488250732422
2025-04-01,45.0180778503418
2025-04-02,45.676368713378906
2025-04-03,40.79405212402344
2025-04-04,35.81198501586914
2025-04-07,35.91672134399414
2025-04-08,34.58018493652344
2025-04-09,42.70408630371094
2025-04-10,39.213157653808594
2025-04-11,40.59955596923828
2025-04-14,41.16309356689453
2025-04-15,41.257850646972656
2025-04-16,38.77928924560547
2025-04-17,38.71944046020508
2025-04-21,36.82435607910156
2025-04-22,38.7044792175293
2025-04-23,40.42500686645508
2025-04-24,42.72404098510742
2025-04-25,43.666587829589844
2025-04-28,43.646644592285156
2025-04-29,44.18524169921875
2025-04-30,44.17526626586914
2025-05-01,45.2574577331543
2025-05-02,46.648841857910156
2025-05-05,46.10027313232422
2025-05-06,45.25246810913086
2025-05-07,45.59159469604492
2025-05-08,46.49923324584961
2025-05-09,46.41944122314453
2025-05-12,50.199623107910156
2025-05-13,51.710697174072266
2025-05-14,52.32909393310547
2025-05-15,52.44379425048828
2025-05-16,52.89262771606445
2025-05-19,52.967437744140625
2025-05-20,52.58841323852539
2025-05-21,51.12721252441406
2025-05-22,51.31671905517578
2025-05-23,50.33926010131836
2025-05-27,52.678184509277344
2025-05-28,52.22935104370117
2025-05-29,52.41885757446289
2025-05-30,52.22935104370117
2025-06-02,53.03226089477539
2025-06-03,53.87508010864258
2025-06-04,54.154354095458984
2025-06-05,53.306549072265625
2025-06-06,54.33388137817383
2025-06-09,54.483497619628906
2025-06-10,55.211605072021484
2025-06-11,54.82760238647461
2025-06-12,55.076961517333984
2025-06-13,53.665618896484375
2025-06-16,55.14178466796875
2025-06-17,54.044639587402344
2025-06-18,54.01970291137695
2025-06-20,53.535953521728516
2025-06-23,54.653053283691406
2025-06-24,56.30876159667969
2025-06-25,56.58034896850586
2025-06-26,57.64875411987305
2025-06-27,58.02818298339844
2025-06-30,58.7670783996582
2025-07-01,57.74361038208008
2025-07-02,58.55738830566406
2025-07-03,59.65575408935547
2025-07-07,58.762081146240234
2025-07-08,58.8070182800293
2025-07-09,59.63577651977539
2025-07-10,59.44606018066406
2025-07-11,59.1614875793457
2025-07-14,59.565879821777344
2025-07-15,59.66073989868164
2025-07-16,59.79054641723633
2025-07-17,60.74911117553711
2025-07-18,60.59434509277344
2025-07-21,61.218406677246094
2025-07-22,60.574371337890625
2025-07-23,61.11855697631836
2025-07-24,61.38815689086914
2025-07-25,61.63279342651367
2025-07-28,62.02220916748047
2025-07-29,61.837486267089844
2025-07-30,61.98226547241211
2025-07-31,61.293296813964844
2025-08-01,58.84695816040039
2025-08-04,61.008724212646484
2025-08-05,60.16498947143555
2025-08-06,61.6777229309082
2025-08-07,62.092105865478516
2025-08-08,63.215423583984375
2025-08-11,62.80603790283203
2025-08-12,64.40364837646484
2025-08-13,64.45358276367188
2025-08-14,64.33873748779297
2025-08-15,63.73464584350586
2025-08-18,63.694705963134766
2025-08-19,61.947322845458984
2025-08-20,61.19344711303711
2025-08-21,60.63428497314453
2025-08-22,62.47652816772461
2025-08-25,62.10208511352539
2025-08-26,62.601341247558594
2025-08-27,62.77608108520508
2025-08-28,63.53993225097656
2025-08-29,62.0172119140625
2025-09-02,60.9887580871582
2025-09-03,61.917362213134766
2025-09-04,63.045677185058594
2025-09-05,63.185462951660156
2025-09-08,63.80454635620117
2025-09-09,64.14903259277344
2025-09-10,64.18897247314453
2025-09-11,64.9178695678711
2025-09-12,65.47703552246094
2025-09-15,66.59037017822266
2025-09-16,66.44059753417969
2025-09-17,66.1560287475586
2025-09-18,67.37919616699219
2025-09-19,68.25788116455078
2025-09-22,69.05168914794922
2025-09-23,68.11809539794922
2025-09-24,67.64414978027344
2025-09-25,67.0348892211914
2025-09-26,67.57423400878906
2025-09-29,68.17852020263672
2025-09-30,68.51810455322266
2025-10-01,69.17733001708984
2025-10-02,69.73665618896484
2025-10-03,69.10740661621094
2025-10-06,70.15116119384766
2025-10-07,69.39706420898438
2025-10-08,70.97517395019531
2025-10-09,70.79039764404297
2025-10-10,65.82633209228516
2025-10-13,68.63296508789062
2025-10-14,67.71907043457031
2025-10-15,68.63796997070312
2025-10-16,68.12857818603516
2025-10-17,68.9975357055664
2025-10-20,70.72047424316406
2025-10-21,70.68053436279297
2025-10-22,69.27720642089844
2025-10-23,70.46578979492188
2025-10-24,71.90406799316406
2025-10-27,74.4809799194336
2025-10-28,75.60464477539062
2025-10-29,76.29381561279297
2025-10-30,73.93663787841797
2025-10-31,74.6507797241211
2025-11-03,75.31998443603516
2025-11-04,72.23367309570312
2025-11-05,73.18252563476562
2025-11-06,70.44580078125
2025-11-07,69.97137451171875
2025-11-10,73.03770446777344
2025-11-11,72.64817810058594
2025-11-12,72.52332305908203
2025-11-13,69.5418930053711
2025-11-14,69.61180877685547
2025-11-17,68.41822814941406
2025-11-18,66.75521087646484
2025-11-19,67.51432037353516
2025-11-20,64.33311462402344
2025-11-21,65.281982421875
2025-11-24,68.64795684814453
2025-11-25,69.42703247070312
2025-11-26,70.65555572509766
2025-11-28,71.72427368164062
2025-12-01,71.26483154296875
2025-12-02,72.38349151611328
2025-12-03,72.70310974121094
2025-12-04,72.53330993652344
2025-12-05,73.13259887695312
2025-12-08,72.80299377441406
2025-12-09,73.01273345947266
2025-12-10,73.57207489013672
2025-12-11,73.09264373779297
2025-12-12,70.25602722167969
2025-12-15,69.546875
2025-12-16,69.81656646728516
2025-12-17,67.1996841430664
2025-12-18,69.15734100341797
2025-12-19,70.96519470214844
2025-12-22,71.5844497680664
2025-12-23,72.27362060546875
2025-12-24,72.66629028320312
2025-12-26,72.61632537841797
2025-12-29,71.8969497680664
2025-12-30,71.5472640991211
2025-12-31,70.34832000732422
2026-01-02,70.03858184814453
2026-01-05,71.13761901855469
2026-01-06,72.39651489257812
2026-01-07,72.52639770507812
2026-01-08,71.68714141845703
2026-01-09,73.07592010498047
2026-01-12,73.20580291748047
2026-01-13,72.94603729248047
2026-01-14,71.42736053466797
2026-01-15,71.8769760131836
2026-01-16,71.68714141845703
2026-01-20,68.66978454589844
2026-01-21,70.47820281982422
2026-01-22,71.5472640991211
2026-01-23,71.98687744140625
2026-01-26,72.59634399414062
2026-01-27,73.89520263671875
2026-01-28,74.29485321044922
2026-01-29,73.45558166503906
2026-01-30,71.64717102050781
2026-02-02,72.66629028320312
2026-02-03,70.39826965332031
2026-02-04,67.92044830322266
2026-02-05,65.98214721679688
2026-02-06,68.729736328125
2026-02-09,69.7688217163086
2026-02-10,69.11939239501953
2026-02-11,69.45909118652344
2026-02-12,66.63157653808594
2026-02-13,66.86137390136719
2026-02-17,66.71150207519531
2026-02-18,67.69064331054688
2026-02-19,67.18109130859375
2026-02-20,68.34007263183594
2026-02-23,66.69152069091797
2026-02-24,68.0703125
2026-02-25,70.01860809326172
2026-02-26,68.38004302978516
2026-02-27,67.93042755126953
2026-03-02,68.0703125
2026-03-03,66.62158203125
2026-03-04,68.58985900878906
2026-03-05,68.2001953125
2026-03-06,66.13201141357422
2026-03-09,67.88047790527344
2026-03-10,67.85050964355469
2026-03-11,67.84051513671875
2026-03-12,65.52254486083984
2026-03-13,64.70326232910156
2026-03-16,66.13201141357422
2026-03-17,66.79142761230469
2026-03-18,64.8930892944336
2026-03-19,64.47346496582031
2026-03-20,62.07556915283203
2026-03-23,63.52429962158203
2026-03-24,62.585121154785156
2026-03-25,63.3875846862793
2026-03-26,60.389591217041016
2026-03-27,58.01118087768555
2026-03-30,57.12177658081055
2026-03-31,60.95920944213867
2026-04-01,62.44821548461914
2026-04-02,62.558135986328125
2026-04-06,63.30763626098633
2026-04-07,63.34761047363281
2026-04-08,67.03514862060547
2026-04-09,67.96452331542969
2026-04-10,68.14440155029297
2026-04-13,69.54346466064453
2026-04-14,72.05178833007812
2026-04-15,74.06044006347656
2026-04-16,74.74998474121094
2026-04-17,76.67869567871094
2026-04-20,76.218994140625
2026-04-21,75.61940002441406
2026-04-22,78.12772369384766
2026-04-23,77.2483139038086
2026-04-24,80.18634033203125
2026-04-27,80.23631286621094
2026-04-28,78.61739349365234
2026-04-29,79.58674621582031
2026-04-30,80.99580383300781
2026-05-01,82.54476165771484
2026-05-04,82.2249755859375
2026-05-05,84.33356475830078
2026-05-06,87.79125213623047
2026-05-07,87.60138702392578
2026-05-08,91.6586685180664
2026-05-11,92.19831085205078
2026-05-12,90.62935638427734
2026-05-13,92.48811340332031
2026-05-14,93.83721160888672
2026-05-15,90.96912384033203
2026-05-18,90.13967895507812
2026-05-19,89.07039642333984
2026-05-20,91.98844909667969
2026-05-21,92.31822204589844
2026-05-22,93.0377426147461
2026-05-26,96.33554077148438
2026-05-27,96.12567901611328
2026-05-28,97.724609375
2026-05-29,98.39415740966797
2026-06-01,99.5633773803711
2026-06-02,100.46277618408203
2026-06-03,99.9331283569336
2026-06-04,98.95378112792969
2026-06-05,89.4801254272461
2026-06-08,92.18830871582031
2026-06-09,90.05973815917969
2026-06-10,86.45215606689453
2026-06-11,92.11836242675781
2026-06-12,93.31755065917969
2026-06-15,99.11367797851562
2026-06-16,95.39616394042969
2026-06-17,93.4974365234375
2026-06-18,97.84452819824219
2026-06-22,97.61468505859375
2026-06-23,91.15900421142578
2026-06-24,90.37000274658203
2026-06-25,91.7699966430664
2026-06-26,89.12000274658203
2026-06-29,93.68000030517578
2026-06-30,96.76000213623047
2026-07-01,94.77989959716797
