Date,Close
1999-03-10,43.027034759521484
1999-03-11,43.23771667480469
1999-03-12,42.18440246582031
1999-03-15,43.39570999145508
1999-03-16,43.76435470581055
1999-03-17,43.44839096069336
1999-03-18,44.29103469848633
1999-03-19,43.15871810913086
1999-03-22,42.6320686340332
1999-03-23,41.13113021850586
1999-03-24,42.526729583740234
1999-03-25,44.080352783203125
1999-03-26,43.60637664794922
1999-03-29,45.18629837036133
1999-03-30,44.870323181152344
1999-03-31,44.21201705932617
1999-04-01,45.133636474609375
1999-04-05,46.7662467956543
1999-04-06,46.85840606689453
1999-04-07,46.37127685546875
1999-04-08,46.73990249633789
1999-04-09,47.02957534790039
1999-04-12,46.71358871459961
1999-04-13,46.08159255981445
1999-04-14,44.50165939331055
1999-04-15,45.1073112487793
1999-04-16,43.79069519042969
1999-04-19,41.73678207397461
1999-04-20,42.68473815917969
1999-04-21,44.79132080078125
1999-04-22,46.002620697021484
1999-04-23,46.60825729370117
1999-04-26,47.68128967285156
1999-04-27,46.95057678222656
1999-04-28,45.34429168701172
1999-04-29,44.97566604614258
1999-04-30,45.26530838012695
1999-05-03,45.02829360961914
1999-05-04,44.31732940673828
1999-05-05,45.66029739379883
1999-05-06,44.001338958740234
1999-05-07,44.63332748413086
1999-05-10,45.080989837646484
1999-05-11,45.79194259643555
1999-05-12,46.73990249633789
1999-05-13,45.870941162109375
1999-05-14,45.0019645690918
1999-05-17,45.81171417236328
1999-05-18,45.60762023925781
1999-05-19,46.239601135253906
1999-05-20,44.96906280517578
1999-05-21,44.554317474365234
1999-05-24,43.422035217285156
1999-05-25,42.000064849853516
1999-05-26,43.1718864440918
1999-05-27,43.13239288330078
1999-05-28,43.843353271484375
1999-06-01,42.86907196044922
1999-06-02,43.593196868896484
1999-06-03,42.97438430786133
1999-06-04,44.29103469848633
1999-06-07,45.212650299072266
1999-06-08,44.080352783203125
1999-06-09,44.817684173583984
1999-06-10,44.304176330566406
1999-06-11,43.63270950317383
1999-06-14,42.809814453125
1999-06-15,43.44839096069336
1999-06-16,45.680030822753906
1999-06-17,46.18692398071289
1999-06-18,46.3975944519043
1999-06-21,47.78662109375
1999-06-22,46.344932556152344
1999-06-23,47.07563781738281
1999-06-24,46.1408576965332
1999-06-25,46.08159255981445
1999-06-28,47.174400329589844
1999-06-29,47.819541931152344
1999-06-30,48.556854248046875
1999-07-01,48.885982513427734
1999-07-02,49.50481033325195
1999-07-06,49.188819885253906
1999-07-07,49.267818450927734
1999-07-08,49.92612838745117
1999-07-09,50.42644119262695
1999-07-12,50.16312026977539
1999-07-13,49.92612838745117
1999-07-14,50.775352478027344
1999-07-15,51.24274444580078
1999-07-16,51.71671676635742
1999-07-19,51.19009017944336
1999-07-20,49.21516799926758
1999-07-21,49.45214080810547
1999-07-22,48.194766998291016
1999-07-23,48.267189025878906
1999-07-26,47.08222961425781
1999-07-27,48.03022003173828
1999-07-28,48.971580505371094
1999-07-29,47.924869537353516
1999-07-30,47.687889099121094
1999-08-02,47.55622482299805
1999-08-03,47.2468147277832
1999-08-04,46.391021728515625
1999-08-05,47.12831115722656
1999-08-06,46.62144088745117
1999-08-09,46.02235412597656
1999-08-10,45.60762023925781
1999-08-11,47.108551025390625
1999-08-12,46.55559158325195
1999-08-13,48.58317947387695
1999-08-16,48.971580505371094
1999-08-17,49.21516799926758
1999-08-18,48.66217803955078
1999-08-19,48.082862854003906
1999-08-20,48.84650802612305
1999-08-23,50.400115966796875
1999-08-24,50.742427825927734
1999-08-25,51.82205581665039
1999-08-26,50.95968246459961
1999-08-27,50.45277786254883
1999-08-30,49.74179458618164
1999-08-31,50.294776916503906
1999-09-01,50.656856536865234
1999-09-02,50.47910690307617
1999-09-03,52.79637145996094
1999-09-07,52.559364318847656
1999-09-08,51.848384857177734
1999-09-09,52.585716247558594
1999-09-10,53.19133758544922
1999-09-13,52.55279541015625
1999-09-14,52.84243392944336
1999-09-15,51.82205581665039
1999-09-16,51.795738220214844
1999-09-17,53.34934997558594
1999-09-20,53.47441482543945
1999-09-21,52.19070816040039
1999-09-22,52.743682861328125
1999-09-23,50.55810546875
1999-09-24,50.623958587646484
1999-09-27,50.97941970825195
1999-09-28,51.2164192199707
1999-09-29,50.189449310302734
1999-09-30,50.71609878540039
1999-10-01,50.7358512878418
1999-10-04,51.874725341796875
1999-10-05,52.243377685546875
1999-10-06,53.29008102416992
1999-10-07,53.16499710083008
1999-10-08,53.72457504272461
1999-10-11,54.48163986206055
1999-10-12,53.2440185546875
1999-10-13,51.6640510559082
1999-10-14,51.98664093017578
1999-10-15,50.45277786254883
1999-10-18,49.814205169677734
1999-10-19,50.084129333496094
1999-10-20,51.61140060424805
1999-10-21,52.454036712646484
1999-10-22,52.217041015625
1999-10-25,52.243377685546875
1999-10-26,51.82205581665039
1999-10-27,51.74308776855469
1999-10-28,53.53364944458008
1999-10-29,55.40324783325195
1999-11-01,55.113616943359375
1999-11-02,55.14653015136719
1999-11-03,56.24590301513672
1999-11-04,56.87788009643555
1999-11-05,57.4571647644043
1999-11-08,58.615821838378906
1999-11-09,58.22080993652344
1999-11-10,58.984439849853516
1999-11-11,60.03775405883789
1999-11-12,60.82773971557617
1999-11-15,60.709224700927734
1999-11-16,62.24970626831055
1999-11-17,61.40705108642578
1999-11-18,63.289794921875
1999-11-19,63.855979919433594
1999-11-22,62.881629943847656
1999-11-23,63.171329498291016
1999-11-24,65.25155639648438
1999-11-26,65.4621810913086
1999-11-29,64.38257598876953
1999-11-30,61.93368148803711
1999-12-01,63.2765998840332
1999-12-02,65.28448486328125
1999-12-03,66.67350769042969
1999-12-06,67.2791519165039
1999-12-07,67.2791519165039
1999-12-08,66.46282196044922
1999-12-09,66.77883911132812
1999-12-10,67.33184051513672
1999-12-13,68.24685668945312
1999-12-14,67.01583862304688
1999-12-15,68.30611419677734
1999-12-16,69.99137878417969
1999-12-17,70.59701538085938
1999-12-20,71.51869201660156
1999-12-21,75.36318969726562
1999-12-22,75.12618255615234
1999-12-23,76.0215072631836
1999-12-27,75.57382202148438
1999-12-28,75.09981536865234
1999-12-29,77.94377136230469
1999-12-30,77.10108184814453
1999-12-31,76.99578094482422
2000-01-03,79.83966827392578
2000-01-04,74.36254119873047
2000-01-05,72.46662139892578
2000-01-06,67.48982238769531
2000-01-07,75.83717346191406
2000-01-10,77.94377136230469
2000-01-11,74.15188598632812
2000-01-12,72.51929473876953
2000-01-13,76.89044952392578
2000-01-14,78.6810531616211
2000-01-18,79.10237884521484
2000-01-19,80.8929672241211
2000-01-20,80.1030044555664
2000-01-21,81.1036148071289
2000-01-24,77.20642852783203
2000-01-25,78.3650894165039
2000-01-26,75.20516204833984
2000-01-27,76.31110382080078
2000-01-28,72.46662139892578
2000-01-31,75.57382202148438
2000-02-01,77.6014633178711
2000-02-02,78.25971984863281
2000-02-03,81.31427764892578
2000-02-04,81.86724090576172
2000-02-07,82.99952697753906
2000-02-08,86.47543334960938
2000-02-09,83.42090606689453
2000-02-10,86.15943908691406
2000-02-11,84.15818786621094
2000-02-14,84.0528793334961
2000-02-15,84.65850830078125
2000-02-16,84.26351165771484
2000-02-17,86.05406951904297
2000-02-18,82.94689178466797
2000-02-22,83.21022033691406
2000-02-23,87.84468841552734
2000-02-24,89.74064636230469
2000-02-25,87.68670654296875
2000-02-28,87.63402557373047
2000-02-29,89.95133209228516
2000-03-01,90.68858337402344
2000-03-02,88.58857727050781
2000-03-03,93.58517456054688
2000-03-06,94.3224868774414
2000-03-07,92.90050506591797
2000-03-08,93.74315643310547
2000-03-09,96.90303039550781
2000-03-10,96.48177337646484
2000-03-13,93.95379638671875
2000-03-14,90.47795104980469
2000-03-15,86.68606567382812
2000-03-16,91.6365966796875
2000-03-17,93.37448120117188
2000-03-20,90.74126434326172
2000-03-21,94.16445922851562
2000-03-22,96.06044006347656
2000-03-23,97.74571990966797
2000-03-24,99.06229400634766
2000-03-27,99.22029113769531
2000-03-28,96.69236755371094
2000-03-29,92.68986511230469
2000-03-30,90.37259674072266
2000-03-31,92.26856994628906
2000-04-03,86.7387466430664
2000-04-04,85.8961181640625
2000-04-05,84.36880493164062
2000-04-06,86.37012481689453
2000-04-07,89.84600067138672
2000-04-10,84.36880493164062
2000-04-11,82.36759185791016
2000-04-12,77.52242279052734
2000-04-13,74.15188598632812
2000-04-14,67.72676849365234
2000-04-17,75.52119445800781
2000-04-18,77.52242279052734
2000-04-19,75.15251159667969
2000-04-20,73.51991271972656
2000-04-24,71.41334533691406
2000-04-25,76.23213958740234
2000-04-26,73.625244140625
2000-04-27,76.89044952392578
2000-04-28,79.83966827392578
2000-05-01,80.57696533203125
2000-05-02,75.94248962402344
2000-05-03,75.09981536865234
2000-05-04,75.25785827636719
2000-05-05,77.0484390258789
2000-05-08,74.04654693603516
2000-05-09,72.46662139892578
2000-05-10,67.20014953613281
2000-05-11,71.30799865722656
2000-05-12,71.30799865722656
2000-05-15,74.41519927978516
2000-05-16,76.52176666259766
2000-05-17,74.94186401367188
2000-05-18,72.25595092773438
2000-05-19,68.83274841308594
2000-05-22,68.78009033203125
2000-05-23,63.03960037231445
2000-05-24,66.98948669433594
2000-05-25,65.51483917236328
2000-05-26,65.51483917236328
2000-05-30,72.09798431396484
2000-05-31,70.0440673828125
2000-06-01,73.625244140625
2000-06-02,78.89167785644531
2000-06-05,79.08924865722656
2000-06-06,76.89044952392578
2000-06-07,78.94438171386719
2000-06-08,78.57572174072266
2000-06-09,78.99706268310547
2000-06-12,76.46914672851562
2000-06-13,79.41838073730469
2000-06-14,77.62772369384766
2000-06-15,78.99706268310547
2000-06-16,79.41838073730469
2000-06-19,82.5782241821289
2000-06-20,82.26226043701172
2000-06-21,83.31554412841797
2000-06-22,80.26100158691406
2000-06-23,77.10108184814453
2000-06-26,79.20771026611328
2000-06-27,78.25971984863281
2000-06-28,79.20771026611328
2000-06-29,77.2196044921875
2000-06-30,78.73373413085938
2000-07-03,80.26100158691406
2000-07-05,77.15377044677734
2000-07-06,79.20771026611328
2000-07-07,80.8403091430664
2000-07-10,79.6158676147461
2000-07-11,80.0503158569336
2000-07-12,81.9462661743164
2000-07-13,82.99952697753906
2000-07-14,84.79015350341797
2000-07-17,85.73814392089844
2000-07-18,83.84221649169922
2000-07-19,81.9462661743164
2000-07-20,84.57947540283203
2000-07-21,81.73558044433594
2000-07-24,80.0503158569336
2000-07-25,80.68234252929688
2000-07-26,80.57696533203125
2000-07-27,77.41712951660156
2000-07-28,73.20396423339844
2000-07-31,75.36318969726562
2000-08-01,74.36254119873047
2000-08-02,73.04595184326172
2000-08-03,76.2057876586914
2000-08-04,75.94248962402344
2000-08-07,77.73306274414062
2000-08-08,79.3130111694336
2000-08-09,77.20642852783203
2000-08-10,75.67913055419922
2000-08-11,76.73246002197266
2000-08-14,78.3650894165039
2000-08-15,78.3650894165039
2000-08-16,79.15501403808594
2000-08-17,80.68234252929688
2000-08-18,80.26100158691406
2000-08-21,80.4716796875
2000-08-22,80.4716796875
2000-08-23,81.78826904296875
2000-08-24,83.05223083496094
2000-08-25,82.60458374023438
2000-08-28,82.99952697753906
2000-08-29,83.42090606689453
2000-08-30,83.31554412841797
2000-08-31,85.63275909423828
2000-09-01,86.47543334960938
2000-09-05,83.84221649169922
2000-09-06,80.8929672241211
2000-09-07,82.6835708618164
2000-09-08,80.15565490722656
2000-09-11,78.20706176757812
2000-09-12,76.99578094482422
2000-09-13,78.78638458251953
2000-09-14,78.3650894165039
2000-09-15,76.94316101074219
2000-09-18,75.73187255859375
2000-09-19,78.52303314208984
2000-09-20,79.73435974121094
2000-09-21,73.94124603271484
2000-09-22,78.31240844726562
2000-09-25,76.23213958740234
2000-09-26,75.36318969726562
2000-09-27,75.4685287475586
2000-09-28,77.15377044677734
2000-09-29,74.78385162353516
2000-10-02,73.09861755371094
2000-10-03,70.7813720703125
2000-10-04,72.15061950683594
2000-10-05,72.36129760742188
2000-10-06,69.93868255615234
2000-10-09,69.62275695800781
2000-10-10,65.98885345458984
2000-10-11,64.9355697631836
2000-10-12,63.30299377441406
2000-10-13,68.46409606933594
2000-10-16,69.09606170654297
2000-10-17,65.93622589111328
2000-10-18,65.72554779052734
2000-10-19,71.67665100097656
2000-10-20,72.72992706298828
2000-10-23,72.62460327148438
2000-10-24,69.51737213134766
2000-10-25,65.62022399902344
2000-10-26,67.30547332763672
2000-10-27,67.17379760742188
2000-10-30,64.6854019165039
2000-10-31,68.8459243774414
2000-11-01,68.2534408569336
2000-11-02,69.09606170654297
2000-11-03,69.99137878417969
2000-11-06,69.4647216796875
2000-11-07,69.20138549804688
2000-11-08,63.79011154174805
2000-11-09,63.776973724365234
2000-11-10,60.45905685424805
2000-11-13,60.55120086669922
2000-11-14,63.90859603881836
2000-11-15,65.19889068603516
2000-11-16,61.40705108642578
2000-11-17,61.3675422668457
2000-11-20,58.865966796875
2000-11-21,58.7738037109375
2000-11-22,56.14055252075195
2000-11-24,59.35309600830078
2000-11-27,58.615821838378906
2000-11-28,55.15309143066406
2000-11-29,53.033329010009766
2000-11-30,53.07284164428711
2000-12-01,53.92863845825195
2000-12-04,54.77128601074219
2000-12-05,59.56378173828125
2000-12-06,57.29920959472656
2000-12-07,56.03522872924805
2000-12-08,57.29920959472656
2000-12-11,62.67097473144531
2000-12-12,60.380088806152344
2000-12-13,57.91802978515625
2000-12-14,55.087257385253906
2000-12-15,53.82332992553711
2000-12-18,53.92863845825195
2000-12-19,49.82078552246094
2000-12-20,46.963741302490234
2000-12-21,47.240234375
2000-12-22,50.97941970825195
2000-12-26,51.295413970947266
2000-12-27,51.874725341796875
2000-12-28,51.7694091796875
2000-12-29,49.188819885253906
2001-01-02,45.02829360961914
2001-01-03,52.612022399902344
2001-01-04,51.6640510559082
2001-01-05,47.71420669555664
2001-01-08,48.24088668823242
2001-01-09,48.24088668823242
2001-01-10,50.71609878540039
2001-01-11,52.19070816040039
2001-01-12,52.86220169067383
2001-01-16,52.230228424072266
2001-01-17,53.82332992553711
2001-01-18,56.08790588378906
2001-01-19,55.877254486083984
2001-01-22,55.9299201965332
2001-01-23,57.10171127319336
2001-01-24,56.56187438964844
2001-01-25,54.3499641418457
2001-01-26,55.23210906982422
2001-01-29,56.45655059814453
2001-01-30,56.24590301513672
2001-01-31,54.18143844604492
2001-02-01,54.897682189941406
2001-02-02,51.86420440673828
2001-02-05,51.82205581665039
2001-02-06,51.90631866455078
2001-02-07,51.06367492675781
2001-02-08,49.53852081298828
2001-02-09,47.524620056152344
2001-02-12,48.097618103027344
2001-02-13,46.55559158325195
2001-02-14,48.409400939941406
2001-02-15,49.209896087646484
2001-02-16,46.454490661621094
2001-02-20,44.651222229003906
2001-02-21,43.39570999145508
2001-02-22,42.97438430786133
2001-02-23,43.12605667114258
2001-02-26,43.94342803955078
2001-02-27,41.28911209106445
2001-02-28,39.98303985595703
2001-03-01,41.1205940246582
2001-03-02,39.35105514526367
2001-03-05,40.06728744506836
2001-03-06,41.626182556152344
2001-03-07,41.64302444458008
2001-03-08,40.86779022216797
2001-03-09,38.002838134765625
2001-03-12,35.64345932006836
2001-03-13,37.45512771606445
2001-03-14,36.86526870727539
2001-03-15,35.51707458496094
2001-03-16,34.7165641784668
2001-03-19,36.45240020751953
2001-03-20,34.00031280517578
2001-03-21,34.00031280517578
2001-03-22,36.064788818359375
2001-03-23,36.064788818359375
2001-03-26,35.23059844970703
2001-03-27,36.443992614746094
2001-03-28,33.4526252746582
2001-03-29,32.82065963745117
2001-03-30,32.989173889160156
2001-04-02,31.514562606811523
2001-04-03,29.205734252929688
2001-04-04,28.69173240661621
2001-04-05,31.438709259033203
2001-04-06,30.29274559020996
2001-04-09,31.219621658325195
2001-04-10,33.536888122558594
2001-04-11,34.548030853271484
2001-04-12,36.064788818359375
2001-04-16,33.91605758666992
2001-04-17,34.75868606567383
2001-04-18,38.38203430175781
2001-04-19,40.699283599853516
2001-04-20,40.783546447753906
2001-04-23,38.044979095458984
2001-04-24,37.328739166259766
2001-04-25,38.002838134765625
2001-04-26,37.033817291259766
2001-04-27,38.044979095458984
2001-04-30,38.88760757446289
2001-05-01,40.48859405517578
2001-05-02,41.27227020263672
2001-05-03,39.435325622558594
2001-05-04,40.614986419677734
2001-05-07,39.77237319946289
2001-05-08,40.614986419677734
2001-05-09,39.22465896606445
2001-05-10,38.56740951538086
2001-05-11,38.38203430175781
2001-05-14,37.76689147949219
2001-05-15,38.044979095458984
2001-05-16,39.730247497558594
2001-05-17,40.36223220825195
2001-05-18,40.48018264770508
2001-05-21,43.016517639160156
2001-05-22,42.89014434814453
2001-05-23,40.99419021606445
2001-05-24,42.0474967956543
2001-05-25,41.28069305419922
2001-05-29,38.86232376098633
2001-05-30,37.438297271728516
2001-05-31,37.69106674194336
2001-06-01,38.8033447265625
2001-06-04,38.61795425415039
2001-06-05,40.3200798034668
2001-06-06,40.00830841064453
2001-06-07,41.03632736206055
2001-06-08,39.89875793457031
2001-06-11,38.8033447265625
2001-06-12,38.59269332885742
2001-06-13,37.53940963745117
2001-06-14,35.60133361816406
2001-06-15,35.89625549316406
2001-06-18,35.41594314575195
2001-06-19,35.238983154296875
2001-06-20,36.039512634277344
2001-06-21,36.528236389160156
2001-06-22,36.443992614746094
2001-06-25,36.53665542602539
2001-06-26,36.66305160522461
2001-06-27,36.898983001708984
2001-06-28,37.37086486816406
2001-06-29,38.50843048095703
2001-07-02,38.29775619506836
2001-07-03,38.45785903930664
2001-07-05,36.61249542236328
2001-07-06,35.095760345458984
2001-07-09,35.39908981323242
2001-07-10,34.1267204284668
2001-07-11,34.548030853271484
2001-07-12,36.738895416259766
2001-07-13,36.35970687866211
2001-07-16,35.68558883666992
2001-07-17,36.486087799072266
2001-07-18,35.095760345458984
2001-07-19,35.929954528808594
2001-07-20,35.095760345458984
2001-07-23,34.21940612792969
2001-07-24,33.831790924072266
2001-07-25,34.1267204284668
2001-07-26,34.6323127746582
2001-07-27,35.34856414794922
2001-07-30,35.13789367675781
2001-07-31,35.18842697143555
2001-08-01,36.31757736206055
2001-08-02,37.000118255615234
2001-08-03,36.38499069213867
2001-08-06,35.812007904052734
2001-08-07,35.62662887573242
2001-08-08,34.1267204284668
2001-08-09,34.26996612548828
2001-08-10,33.941349029541016
2001-08-13,34.6323127746582
2001-08-14,34.21098709106445
2001-08-15,32.94703674316406
2001-08-16,33.33463668823242
2001-08-17,31.817909240722656
2001-08-20,32.256072998046875
2001-08-21,30.916284561157227
2001-08-22,31.758913040161133
2001-08-23,31.447128295898438
2001-08-24,33.11556625366211
2001-08-27,33.15768051147461
2001-08-28,32.121253967285156
2001-08-29,31.64937973022461
2001-08-30,30.478105545043945
2001-08-31,30.865726470947266
2001-09-04,29.888261795043945
2001-09-05,29.770315170288086
2001-09-06,28.565338134765625
2001-09-07,28.396808624267578
2001-09-10,28.733856201171875
2001-09-17,26.29021453857422
2001-09-18,25.70037841796875
2001-09-19,25.253767013549805
2001-09-20,24.4111385345459
2001-09-21,23.75387954711914
2001-09-24,24.95042610168457
2001-09-25,25.026256561279297
2001-09-26,24.158348083496094
2001-09-27,23.99825096130371
2001-09-28,24.41956901550293
2001-10-01,24.208900451660156
2001-10-02,24.284751892089844
2001-10-03,26.121688842773438
2001-10-04,26.37447166442871
2001-10-05,26.76209259033203
2001-10-08,26.846359252929688
2001-10-09,26.197528839111328
2001-10-10,27.385643005371094
2001-10-11,29.239437103271484
2001-10-12,29.113039016723633
2001-10-15,28.98664665222168
2001-10-16,29.45853042602539
2001-10-17,27.34351921081543
2001-10-18,28.08502197265625
2001-10-19,28.270410537719727
2001-10-22,29.028791427612305
2001-10-23,29.180452346801758
2001-10-24,29.812429428100586
2001-10-25,31.008974075317383
2001-10-26,30.343284606933594
2001-10-29,28.683303833007812
2001-10-30,28.127161026000977
2001-10-31,28.565338134765625
2001-11-01,29.778722763061523
2001-11-02,29.997791290283203
2001-11-05,30.975263595581055
2001-11-06,32.180233001708984
2001-11-07,32.13811111450195
2001-11-08,31.809478759765625
2001-11-09,31.79262351989746
2001-11-12,32.0201301574707
2001-11-13,33.1661262512207
2001-11-14,33.40205764770508
2001-11-15,33.26722717285156
2001-11-16,33.17455291748047
2001-11-19,34.11829376220703
2001-11-20,32.54255676269531
2001-11-21,32.37404251098633
2001-11-23,33.09869384765625
2001-11-26,33.91605758666992
2001-11-27,33.87392044067383
2001-11-28,32.652122497558594
2001-11-29,33.663272857666016
2001-11-30,33.41047668457031
2001-12-03,32.83748245239258
2001-12-04,34.40477752685547
2001-12-05,36.10689926147461
2001-12-06,36.1574821472168
2001-12-07,35.163169860839844
2001-12-10,34.548030853271484
2001-12-11,34.741825103759766
2001-12-12,35.019901275634766
2001-12-13,33.503170013427734
2001-12-14,33.798091888427734
2001-12-17,34.379512786865234
2001-12-18,34.76713180541992
2001-12-19,34.1351432800293
2001-12-20,32.685813903808594
2001-12-21,33.26722717285156
2001-12-24,33.13241195678711
2001-12-26,33.44419479370117
2001-12-27,33.71383285522461
2001-12-28,33.983463287353516
2001-12-31,32.78693771362305
2002-01-02,33.798091888427734
2002-01-03,34.96934127807617
2002-01-04,35.11262512207031
2002-01-07,34.7249870300293
2002-01-08,34.96092987060547
2002-01-09,34.64073944091797
2002-01-10,34.86824035644531
2002-01-11,34.42163848876953
2002-01-14,33.67169952392578
2002-01-15,33.991878509521484
2002-01-16,32.67737579345703
2002-01-17,33.41047668457031
2002-01-18,32.517295837402344
2002-01-22,31.514562606811523
2002-01-23,32.3824577331543
2002-01-24,32.81220245361328
2002-01-25,32.71950912475586
2002-01-28,32.90488815307617
2002-01-29,32.00328063964844
2002-01-30,32.24763870239258
2002-01-31,32.44989013671875
2002-02-01,32.13811111450195
2002-02-04,31.110103607177734
2002-02-05,30.5960750579834
2002-02-06,30.385421752929688
2002-02-07,29.65233039855957
2002-02-08,30.478105545043945
2002-02-11,30.865726470947266
2002-02-12,30.61292839050293
2002-02-13,31.13536262512207
2002-02-14,31.076387405395508
2002-02-15,30.149490356445312
2002-02-19,29.22256851196289
2002-02-20,29.618629455566406
2002-02-21,28.211416244506836
2002-02-22,28.354677200317383
2002-02-25,29.500648498535156
2002-02-26,29.39111328125
2002-02-27,28.98664665222168
2002-02-28,28.46420669555664
2002-03-01,30.115785598754883
2002-03-04,31.30388832092285
2002-03-05,31.53139877319336
2002-03-06,31.683090209960938
2002-03-07,31.75050163269043
2002-03-08,32.58467483520508
2002-03-11,32.466712951660156
2002-03-12,32.0201301574707
2002-03-13,31.244888305664062
2002-03-14,31.059537887573242
2002-03-15,31.371299743652344
2002-03-18,31.548255920410156
2002-03-19,31.497692108154297
2002-03-20,30.385421752929688
2002-03-21,31.194355010986328
2002-03-22,30.907846450805664
2002-03-25,29.964101791381836
2002-03-26,30.242172241210938
2002-03-27,30.006240844726562
2002-03-28,30.385421752929688
2002-04-01,30.966840744018555
2002-04-02,29.568078994750977
2002-04-03,29.517515182495117
2002-04-04,29.290010452270508
2002-04-05,28.961368560791016
2002-04-08,29.323699951171875
2002-04-09,28.304126739501953
2002-04-10,28.51476287841797
2002-04-11,27.806968688964844
2002-04-12,28.24513053894043
2002-04-15,28.472627639770508
2002-04-16,29.660751342773438
2002-04-17,29.509078979492188
2002-04-18,28.94451332092285
2002-04-19,29.03721046447754
2002-04-22,28.304126739501953
2002-04-23,27.815397262573242
2002-04-24,27.385643005371094
2002-04-25,27.31822967529297
2002-04-26,26.155391693115234
2002-04-29,26.222810745239258
2002-04-30,26.7368106842041
2002-05-01,26.59356689453125
2002-05-02,25.70879554748535
2002-05-03,25.059965133666992
2002-05-06,24.4111385345459
2002-05-07,24.183629989624023
2002-05-08,26.770519256591797
2002-05-09,26.079559326171875
2002-05-10,24.90829086303711
2002-05-13,25.919458389282227
2002-05-14,27.44462013244629
2002-05-15,27.646862030029297
2002-05-16,27.688993453979492
2002-05-17,27.747983932495117
2002-05-20,27.14126968383789
2002-05-21,26.399755477905273
2002-05-22,26.4587459564209
2002-05-23,26.98960304260254
2002-05-24,26.323930740356445
2002-05-28,26.205951690673828
2002-05-29,25.51499366760254
2002-05-30,25.73407554626465
2002-05-31,25.312759399414062
2002-06-03,24.41956901550293
2002-06-04,24.73976707458496
2002-06-05,24.992557525634766
2002-06-06,24.335308074951172
2002-06-07,23.846569061279297
2002-06-10,23.804445266723633
2002-06-11,23.138750076293945
2002-06-12,23.475814819335938
2002-06-13,23.324146270751953
2002-06-14,23.273584365844727
2002-06-17,24.06566047668457
2002-06-18,24.453271865844727
2002-06-19,23.037639617919922
2002-06-20,22.296125411987305
2002-06-21,21.75684356689453
2002-06-24,22.18658447265625
2002-06-25,21.453481674194336
2002-06-26,21.613590240478516
2002-06-27,22.085474014282227
2002-06-28,21.992774963378906
2002-07-01,20.93947982788086
2002-07-02,20.181116104125977
2002-07-03,20.855226516723633
2002-07-05,22.19501304626465
2002-07-08,21.38608169555664
2002-07-09,20.779376983642578
2002-07-10,20.13897705078125
2002-07-11,20.897342681884766
2002-07-12,20.897342681884766
2002-07-15,21.546178817749023
2002-07-16,21.225969314575195
2002-07-17,21.613590240478516
2002-07-18,20.83836555480957
2002-07-19,20.214818954467773
2002-07-22,19.717662811279297
2002-07-23,18.87503433227539
2002-07-24,19.903045654296875
2002-07-25,18.748626708984375
2002-07-26,19.102537155151367
2002-07-29,20.079992294311523
2002-07-30,20.484468460083008
2002-07-31,20.096837997436523
2002-08-01,19.153099060058594
2002-08-02,18.748626708984375
2002-08-05,18.066099166870117
2002-08-06,18.959293365478516
2002-08-07,19.212078094482422
2002-08-08,19.860910415649414
2002-08-09,19.658674240112305
2002-08-12,19.717662811279297
2002-08-13,19.043561935424805
2002-08-14,20.2569522857666
2002-08-15,20.669845581054688
2002-08-16,20.813091278076172
2002-08-19,21.318660736083984
2002-08-20,21.225969314575195
2002-08-21,21.69785499572754
2002-08-22,22.0433349609375
2002-08-23,21.192272186279297
2002-08-26,21.27653694152832
2002-08-27,20.5350284576416
2002-08-28,19.78507423400879
2002-08-29,20.046289443969727
2002-08-30,19.793502807617188
2002-09-03,19.077259063720703
2002-09-04,19.153099060058594
2002-09-05,18.681217193603516
2002-09-06,19.254215240478516
2002-09-09,19.448017120361328
2002-09-10,19.928321838378906
2002-09-11,19.759794235229492
2002-09-12,19.220510482788086
2002-09-13,19.372180938720703
2002-09-16,19.09410858154297
2002-09-17,18.68964958190918
2002-09-18,18.478984832763672
2002-09-19,18.184062957763672
2002-09-20,18.2598934173584
2002-09-23,17.71219253540039
2002-09-24,17.720623016357422
2002-09-25,18.428428649902344
2002-09-26,18.200916290283203
2002-09-27,17.956554412841797
2002-09-30,17.459400177001953
2002-10-01,18.521121978759766
2002-10-02,17.906003952026367
2002-10-03,17.47624969482422
2002-10-04,17.14763069152832
2002-10-07,16.987520217895508
2002-10-08,17.021238327026367
2002-10-09,16.90326499938965
2002-10-10,17.762737274169922
2002-10-11,18.72334861755371
2002-10-14,18.942441940307617
2002-10-15,19.852466583251953
2002-10-16,19.19522476196289
2002-10-17,19.84405517578125
2002-10-18,20.063138961791992
2002-10-21,20.46760368347168
2002-10-22,20.341218948364258
2002-10-23,20.72882843017578
2002-10-24,20.206390380859375
2002-10-25,20.813091278076172
2002-10-28,20.63613510131836
2002-10-29,20.15583610534668
2002-10-30,20.69512367248535
2002-10-31,20.686697006225586
2002-11-01,21.27653694152832
2002-11-04,21.824247360229492
2002-11-05,21.992774963378906
2002-11-06,22.30455207824707
2002-11-07,21.52090072631836
2002-11-08,21.124858856201172
2002-11-11,20.484468460083008
2002-11-12,21.00689125061035
2002-11-13,21.259679794311523
2002-11-14,21.992774963378906
2002-11-15,22.27926254272461
2002-11-18,21.95064353942871
2002-11-19,21.613590240478516
2002-11-20,22.532060623168945
2002-11-21,23.366275787353516
2002-11-22,23.357847213745117
2002-11-25,23.585350036621094
2002-11-26,22.79327964782715
2002-11-27,23.517942428588867
2002-11-29,23.357847213745117
2002-12-02,23.593780517578125
2002-12-03,22.8944034576416
2002-12-04,22.38880729675293
2002-12-05,22.077049255371094
2002-12-06,22.30455207824707
2002-12-09,21.251258850097656
2002-12-10,21.57146644592285
2002-12-11,21.67257308959961
2002-12-12,21.79055404663086
2002-12-13,21.099586486816406
2002-12-16,21.7821102142334
2002-12-17,21.849515914916992
2002-12-18,21.38608169555664
2002-12-19,21.11644172668457
2002-12-20,21.33552360534668
2002-12-23,21.63045310974121
2002-12-24,21.360801696777344
2002-12-26,21.301820755004883
2002-12-27,20.914199829101562
2002-12-30,20.754104614257812
2002-12-31,20.5350284576416
2003-01-02,21.402925491333008
2003-01-03,21.638864517211914
2003-01-06,22.178157806396484
2003-01-07,22.45622444152832
2003-01-08,21.824247360229492
2003-01-09,22.498355865478516
2003-01-10,22.835407257080078
2003-01-13,22.700590133666992
2003-01-14,22.818557739257812
2003-01-15,22.532060623168945
2003-01-16,22.27926254272461
2003-01-17,21.327104568481445
2003-01-21,21.091161727905273
2003-01-22,21.00689125061035
2003-01-23,21.495634078979492
2003-01-24,20.914199829101562
2003-01-27,20.669845581054688
2003-01-28,20.8804931640625
2003-01-29,21.192272186279297
2003-01-30,20.644556045532227
2003-01-31,20.593996047973633
2003-02-03,20.63613510131836
2003-02-04,20.38334083557129
2003-02-05,20.29066276550293
2003-02-06,20.400197982788086
2003-02-07,20.063138961791992
2003-02-10,20.24009132385254
2003-02-11,20.349641799926758
2003-02-12,20.071569442749023
2003-02-13,20.17268180847168
2003-02-14,20.63613510131836
2003-02-18,21.27653694152832
2003-02-19,21.13328742980957
2003-02-20,21.04902458190918
2003-02-21,21.20912742614746
2003-02-24,20.8467960357666
2003-02-25,20.872074127197266
2003-02-26,20.408620834350586
2003-02-27,20.872074127197266
2003-02-28,21.200698852539062
2003-03-03,20.770957946777344
2003-03-04,20.644556045532227
2003-03-05,20.686697006225586
2003-03-06,20.63613510131836
2003-03-07,20.678272247314453
2003-03-10,20.231672286987305
2003-03-11,20.05471420288086
2003-03-12,20.417049407958984
2003-03-13,21.58831024169922
2003-03-14,21.67257308959961
2003-03-17,22.414091110229492
2003-03-18,22.692161560058594
2003-03-19,22.498355865478516
2003-03-20,22.582616806030273
2003-03-21,22.8944034576416
2003-03-24,21.942228317260742
2003-03-25,22.253992080688477
2003-03-26,22.380390167236328
2003-03-27,22.220287322998047
2003-03-28,21.97592544555664
2003-03-31,21.27653694152832
2003-04-01,21.445072174072266
2003-04-02,22.03490447998047
2003-04-03,22.312978744506836
2003-04-04,21.95064353942871
2003-04-07,21.984350204467773
2003-04-08,21.959070205688477
2003-04-09,21.453481674194336
2003-04-10,21.714710235595703
2003-04-11,21.495634078979492
2003-04-14,21.93379020690918
2003-04-15,22.144447326660156
2003-04-16,22.093894958496094
2003-04-17,22.599468231201172
2003-04-21,22.683738708496094
2003-04-22,23.113483428955078
2003-04-23,23.28200912475586
2003-04-24,23.15560531616211
2003-04-25,22.70901107788086
2003-04-28,23.15560531616211
2003-04-29,23.366275787353516
2003-04-30,23.13033676147461
2003-05-01,23.33255958557129
2003-05-02,23.82972526550293
2003-05-05,23.804445266723633
2003-05-06,24.1077880859375
2003-05-07,23.838150024414062
2003-05-08,23.399978637695312
2003-05-09,23.93926239013672
2003-05-12,24.301597595214844
2003-05-13,24.149921417236328
2003-05-14,24.099349975585938
2003-05-15,24.36900520324707
2003-05-16,24.183629989624023
2003-05-19,23.33255958557129
2003-05-20,23.399978637695312
2003-05-21,23.33255958557129
2003-05-22,23.669626235961914
2003-05-23,23.678037643432617
2003-05-27,24.52067756652832
2003-05-28,24.596519470214844
2003-05-29,24.69763946533203
2003-05-30,25.102108001708984
2003-06-02,24.925142288208008
2003-06-03,25.161087036132812
2003-06-04,25.63296890258789
2003-06-05,25.818340301513672
2003-06-06,25.388591766357422
2003-06-09,25.051546096801758
2003-06-10,25.43073272705078
2003-06-11,25.717220306396484
2003-06-12,25.826765060424805
2003-06-13,25.245342254638672
2003-06-16,26.020565032958984
2003-06-17,25.919458389282227
2003-06-18,26.05428123474121
2003-06-19,25.63296890258789
2003-06-20,25.59925651550293
2003-06-23,25.203216552734375
2003-06-24,25.009418487548828
2003-06-25,24.874584197998047
2003-06-26,25.46443748474121
2003-06-27,25.13580894470215
2003-06-30,25.236923217773438
2003-07-01,25.573970794677734
2003-07-02,26.096403121948242
2003-07-03,25.767772674560547
2003-07-07,26.87163734436035
2003-07-08,27.200258255004883
2003-07-09,27.13284683227539
2003-07-10,26.627267837524414
2003-07-11,26.82949447631836
2003-07-14,27.149700164794922
2003-07-15,27.183414459228516
2003-07-16,27.099143981933594
2003-07-17,26.273357391357422
2003-07-18,26.357624053955078
2003-07-21,26.020565032958984
2003-07-22,26.408180236816406
2003-07-23,26.627267837524414
2003-07-24,26.273357391357422
2003-07-25,26.79579734802246
2003-07-28,26.87163734436035
2003-07-29,26.669395446777344
2003-07-30,26.47559356689453
2003-07-31,26.79579734802246
2003-08-01,26.509300231933594
2003-08-04,26.500879287719727
2003-08-05,25.45600700378418
2003-08-06,25.43915367126465
2003-08-07,25.540264129638672
2003-08-08,25.33803367614746
2003-08-11,25.616113662719727
2003-08-12,26.003713607788086
2003-08-13,26.012149810791016
2003-08-14,26.037425994873047
2003-08-15,26.264934539794922
2003-08-18,26.93903350830078
2003-08-19,27.276098251342773
2003-08-20,27.208694458007812
2003-08-21,27.50361442565918
2003-08-22,27.3350830078125
2003-08-25,27.394060134887695
2003-08-26,27.41935157775879
2003-08-27,27.638437271118164
2003-08-28,27.882787704467773
2003-08-29,28.13559341430664
2003-09-02,28.540050506591797
2003-09-03,28.523212432861328
2003-09-04,28.784414291381836
2003-09-05,28.599044799804688
2003-09-08,29.0709228515625
2003-09-09,28.72542381286621
2003-09-10,28.034469604492188
2003-09-11,28.346235275268555
2003-09-12,28.497915267944336
2003-09-15,28.2198543548584
2003-09-16,28.98664665222168
2003-09-17,28.86867904663086
2003-09-18,29.306854248046875
2003-09-19,29.138338088989258
2003-09-22,28.582176208496094
2003-09-23,29.087766647338867
2003-09-24,27.992345809936523
2003-09-25,27.630008697509766
2003-09-26,27.45305824279785
2003-09-29,27.924922943115234
2003-09-30,27.31822967529297
2003-10-01,27.933359146118164
2003-10-02,28.02605438232422
2003-10-03,28.809688568115234
2003-10-06,29.02034568786621
2003-10-07,29.197303771972656
2003-10-08,29.011926651000977
2003-10-09,29.231002807617188
2003-10-10,29.500648498535156
2003-10-13,29.694461822509766
2003-10-14,29.770315170288086
2003-10-15,29.643905639648438
2003-10-16,29.879838943481445
2003-10-17,29.163606643676758
2003-10-20,29.52592658996582
2003-10-21,29.702882766723633
2003-10-22,29.129892349243164
2003-10-23,28.7928466796875
2003-10-24,28.818126678466797
2003-10-27,28.8265438079834
2003-10-28,29.795581817626953
2003-10-29,29.761865615844727
2003-10-30,29.820859909057617
2003-10-31,29.643905639648438
2003-11-03,30.13263702392578
2003-11-04,29.930402755737305
2003-11-05,30.200040817260742
2003-11-06,30.284311294555664
2003-11-07,30.02309226989746
2003-11-10,29.65233039855957
2003-11-11,29.542795181274414
2003-11-12,30.174772262573242
2003-11-13,30.14105987548828
2003-11-14,29.52592658996582
2003-11-17,29.22256851196289
2003-11-18,28.548465728759766
2003-11-19,28.8265438079834
2003-11-20,28.548465728759766
2003-11-21,28.843416213989258
2003-11-24,29.643905639648438
2003-11-25,29.643905639648438
2003-11-26,29.778722763061523
2003-11-28,29.812429428100586
2003-12-01,30.2506046295166
2003-12-02,30.082069396972656
2003-12-03,29.702882766723633
2003-12-04,30.02309226989746
2003-12-05,29.52592658996582
2003-12-08,29.694461822509766
2003-12-09,29.011926651000977
2003-12-10,29.121479034423828
2003-12-11,29.74500846862793
2003-12-12,29.694461822509766
2003-12-15,29.306854248046875
2003-12-16,29.365829467773438
2003-12-17,29.4163875579834
2003-12-18,29.964101791381836
2003-12-19,29.879838943481445
2003-12-22,29.9725341796875
2003-12-23,30.200040817260742
2003-12-24,30.262422561645508
2003-12-26,30.220272064208984
2003-12-29,30.717615127563477
2003-12-30,30.818769454956055
2003-12-31,30.73447608947754
2004-01-02,30.65018653869629
2004-01-05,31.26555061340332
2004-01-06,31.476308822631836
2004-01-07,31.76289176940918
2004-01-08,32.01577377319336
2004-01-09,31.805063247680664
2004-01-12,32.310829162597656
2004-01-13,31.990501403808594
2004-01-14,32.10008239746094
2004-01-15,32.18437957763672
2004-01-16,32.51313400268555
2004-01-20,32.48786163330078
2004-01-21,32.35298156738281
2004-01-22,32.159095764160156
2004-01-23,32.04106521606445
2004-01-26,32.52997970581055
2004-01-27,31.813465118408203
2004-01-28,31.273963928222656
2004-01-29,31.391986846923828
2004-01-30,31.248676300048828
2004-02-02,31.16440200805664
2004-02-03,31.130680084228516
2004-02-04,30.62491226196289
2004-02-05,30.742908477783203
2004-02-06,31.299264907836914
2004-02-09,31.29084014892578
2004-02-10,31.34141731262207
2004-02-11,31.678604125976562
2004-02-12,31.400436401367188
2004-02-13,31.13912010192871
2004-02-17,31.560583114624023
2004-02-18,31.65331268310547
2004-02-19,31.172815322875977
2004-02-20,31.071678161621094
2004-02-23,30.726064682006836
2004-02-24,30.65018653869629
2004-02-25,30.83562469482422
2004-02-26,30.9115047454834
2004-02-27,30.827220916748047
2004-03-01,31.231822967529297
2004-03-02,30.869356155395508
2004-03-03,30.700756072998047
2004-03-04,30.987380981445312
2004-03-05,30.877790451049805
2004-03-08,30.15283966064453
2004-03-09,30.06011390686035
2004-03-10,29.66391944885254
2004-03-11,29.39417839050293
2004-03-12,29.933650970458984
2004-03-15,29.411029815673828
2004-03-16,29.46159553527832
2004-03-17,29.925254821777344
2004-03-18,29.790361404418945
2004-03-19,29.293027877807617
2004-03-22,28.922109603881836
2004-03-23,28.686086654663086
2004-03-24,29.01483917236328
2004-03-25,29.790361404418945
2004-03-26,29.6892032623291
2004-03-29,30.16970443725586
2004-03-30,30.27083969116211
2004-03-31,30.211843490600586
2004-04-01,30.48160171508789
2004-04-02,31.273963928222656
2004-04-05,31.56903839111328
2004-04-06,31.172815322875977
2004-04-07,31.13912010192871
2004-04-08,31.13912010192871
2004-04-12,31.332990646362305
2004-04-13,30.877790451049805
2004-04-14,31.02951431274414
2004-04-15,30.473159790039062
2004-04-16,30.42258644104004
2004-04-19,30.793489456176758
2004-04-20,30.076980590820312
2004-04-21,30.33829116821289
2004-04-22,31.122241973876953
2004-04-23,31.36669921875
2004-04-26,31.13912010192871
2004-04-27,31.080095291137695
2004-04-28,30.51531982421875
2004-04-29,30.043241500854492
2004-04-30,29.30988311767578
2004-05-03,29.588058471679688
2004-05-04,29.714487075805664
2004-05-05,29.95052719116211
2004-05-06,29.722930908203125
2004-05-07,29.47846794128418
2004-05-10,29.225568771362305
2004-05-11,29.66391944885254
2004-05-12,29.722930908203125
2004-05-13,29.51218605041504
2004-05-14,29.293027877807617
2004-05-17,29.01483917236328
2004-05-18,29.27614402770996
2004-05-19,29.242433547973633
2004-05-20,29.3773136138916
2004-05-21,29.52061653137207
2004-05-24,29.722930908203125
2004-05-25,30.313011169433594
2004-05-26,30.50689125061035
2004-05-27,30.700756072998047
2004-05-28,30.810354232788086
2004-06-01,30.768198013305664
2004-06-02,30.700756072998047
2004-06-03,30.32984161376953
2004-06-04,30.50689125061035
2004-06-07,31.231822967529297
2004-06-08,31.273963928222656
2004-06-09,30.83562469482422
2004-06-10,31.054784774780273
2004-06-14,30.616455078125
2004-06-15,31.012662887573242
2004-06-16,30.96208953857422
2004-06-17,30.675474166870117
2004-06-18,30.717615127563477
2004-06-21,30.473159790039062
2004-06-22,30.919940948486328
2004-06-23,31.29084014892578
2004-06-24,31.231822967529297
2004-06-25,31.467866897583008
2004-06-28,31.206541061401367
2004-06-29,31.5015926361084
2004-06-30,31.813465118408203
2004-07-01,31.223411560058594
2004-07-02,31.037954330444336
2004-07-06,30.371999740600586
2004-07-07,30.430999755859375
2004-07-08,30.093830108642578
2004-07-09,30.135976791381836
2004-07-12,30.009536743164062
2004-07-13,29.967374801635742
2004-07-14,29.66391944885254
2004-07-15,29.56277084350586
2004-07-16,29.225568771362305
2004-07-19,29.166568756103516
2004-07-20,29.86622428894043
2004-07-21,28.997968673706055
2004-07-22,29.39417839050293
2004-07-23,28.83780860900879
2004-07-26,28.711362838745117
2004-07-27,29.107559204101562
2004-07-28,28.98111915588379
2004-07-29,29.318300247192383
2004-07-30,29.411029815673828
2004-08-02,29.470043182373047
2004-08-03,28.85466766357422
2004-08-04,28.863100051879883
2004-08-05,28.323606491088867
2004-08-06,27.58179473876953
2004-08-09,27.64923667907715
2004-08-10,27.99484634399414
2004-08-11,27.750394821166992
2004-08-12,27.371055603027344
2004-08-13,27.413209915161133
2004-08-16,27.725093841552734
2004-08-17,28.036985397338867
2004-08-18,28.53433609008789
2004-08-19,28.382604598999023
2004-08-20,28.669218063354492
2004-08-23,28.736658096313477
2004-08-24,28.728221893310547
2004-08-25,29.124433517456055
2004-08-26,28.997968673706055
2004-08-27,29.132862091064453
2004-08-30,28.6439208984375
2004-08-31,28.67764663696289
2004-09-01,28.888389587402344
2004-09-02,29.318300247192383
2004-09-03,28.7788028717041
2004-09-07,29.023258209228516
2004-09-08,28.91367530822754
2004-09-09,29.15813446044922
2004-09-10,29.604896545410156
2004-09-13,29.992671966552734
2004-09-14,30.034833908081055
2004-09-15,29.714487075805664
2004-09-16,29.77349281311035
2004-09-17,29.86622428894043
2004-09-20,29.86622428894043
2004-09-21,29.9842586517334
2004-09-22,29.46159553527832
2004-09-23,29.436315536499023
2004-09-24,29.335155487060547
2004-09-27,29.082273483276367
2004-09-28,29.141294479370117
2004-09-29,29.571195602416992
2004-09-30,29.621763229370117
2004-10-01,30.430999755859375
2004-10-04,30.60804557800293
2004-10-05,30.65018653869629
2004-10-06,30.894624710083008
2004-10-07,30.54903793334961
2004-10-08,29.992671966552734
2004-10-11,30.135976791381836
2004-10-12,30.085403442382812
2004-10-13,30.017969131469727
2004-10-14,29.883073806762695
2004-10-15,30.034833908081055
2004-10-18,30.46473503112793
2004-10-19,30.24556541442871
2004-10-20,30.38886260986328
2004-10-21,30.852495193481445
2004-10-22,30.178123474121094
2004-10-25,30.034833908081055
2004-10-26,30.194988250732422
2004-10-27,30.96208953857422
2004-10-28,31.155960083007812
2004-10-29,31.105384826660156
2004-11-01,31.223411560058594
2004-11-02,31.32456398010254
2004-11-03,31.53531837463379
2004-11-04,31.712322235107422
2004-11-05,31.998931884765625
2004-11-08,32.03265380859375
2004-11-09,31.96520233154297
2004-11-10,31.855623245239258
2004-11-11,32.277099609375
2004-11-12,32.5890007019043
2004-11-15,32.732295989990234
2004-11-16,32.52997970581055
2004-11-17,32.968353271484375
2004-11-18,33.12007522583008
2004-11-19,32.60586929321289
2004-11-22,32.91775894165039
2004-11-23,32.867191314697266
2004-11-24,33.1537971496582
2004-11-26,33.05263900756836
2004-11-29,33.04419708251953
2004-11-30,32.97676086425781
2004-12-01,33.651145935058594
2004-12-02,33.777591705322266
2004-12-03,33.828163146972656
2004-12-06,33.946163177490234
2004-12-07,33.36454391479492
2004-12-08,33.55839538574219
2004-12-09,33.7607421875
2004-12-10,33.65958023071289
2004-12-13,33.954620361328125
2004-12-14,34.12319564819336
2004-12-15,33.99674987792969
2004-12-16,33.67642593383789
2004-12-17,33.59047317504883
2004-12-20,33.360687255859375
2004-12-21,33.76917266845703
2004-12-22,33.81172561645508
2004-12-23,33.83728790283203
2004-12-27,33.69258499145508
2004-12-28,34.01598358154297
2004-12-29,34.05855178833008
2004-12-30,34.03300476074219
2004-12-31,33.97343444824219
2005-01-03,33.61600875854492
2005-01-04,33.00325393676758
2005-01-05,32.79901885986328
2005-01-06,32.63731002807617
2005-01-07,32.807518005371094
2005-01-10,32.79047775268555
2005-01-11,32.56072235107422
2005-01-12,32.833038330078125
2005-01-13,32.39900588989258
2005-01-14,32.705387115478516
2005-01-18,32.95219802856445
2005-01-19,32.407527923583984
2005-01-20,31.786270141601562
2005-01-21,31.53096580505371
2005-01-24,31.08842658996582
2005-01-25,31.24160385131836
2005-01-26,31.61605453491211
2005-01-27,31.573501586914062
2005-01-28,31.420318603515625
2005-01-31,31.828824996948242
2005-02-01,31.930953979492188
2005-02-02,31.981992721557617
2005-02-03,31.61605453491211
2005-02-04,32.126686096191406
2005-02-07,32.05861282348633
2005-02-08,32.11817932128906
2005-02-09,31.5820255279541
2005-02-10,31.61605453491211
2005-02-11,32.084144592285156
2005-02-14,32.22880172729492
2005-02-15,32.441566467285156
2005-02-16,32.322410583496094
2005-02-17,31.888418197631836
2005-02-18,31.786270141601562
2005-02-22,31.39479637145996
2005-02-23,31.43735122680664
2005-02-24,31.83734130859375
2005-02-25,32.016056060791016
2005-02-28,31.675626754760742
2005-03-01,32.02456283569336
2005-03-02,32.00753402709961
2005-03-03,31.743701934814453
2005-03-04,31.930953979492188
2005-03-07,32.39051055908203
2005-03-08,32.067100524902344
2005-03-09,31.9735050201416
2005-03-10,31.930953979492188
2005-03-11,31.63308334350586
2005-03-14,31.777761459350586
2005-03-15,31.522462844848633
2005-03-16,31.16501808166504
2005-03-17,31.24160385131836
2005-03-18,31.071407318115234
2005-03-21,31.130956649780273
2005-03-22,30.74800682067871
2005-03-23,30.85866928100586
2005-03-24,30.867155075073242
2005-03-28,30.926727294921875
2005-03-29,30.679922103881836
2005-03-30,31.258623123168945
2005-03-31,31.122468948364258
2005-04-01,30.80758285522461
2005-04-04,31.02884864807129
2005-04-05,31.11395835876465
2005-04-06,31.062877655029297
2005-04-07,31.43735122680664
2005-04-08,31.182044982910156
2005-04-11,31.045860290527344
2005-04-12,31.199039459228516
2005-04-13,30.688426971435547
2005-04-14,30.254404067993164
2005-04-15,29.5650634765625
2005-04-18,29.573585510253906
2005-04-19,29.777803421020508
2005-04-20,29.531024932861328
2005-04-21,30.31397247314453
2005-04-22,29.862926483154297
2005-04-25,30.109729766845703
2005-04-26,29.828880310058594
2005-04-27,29.871442794799805
2005-04-28,29.573585510253906
2005-04-29,29.76932144165039
2005-05-02,29.88844108581543
2005-05-03,30.041654586791992
2005-05-04,30.407577514648438
2005-05-05,30.433124542236328
2005-05-06,30.518213272094727
2005-05-09,30.662906646728516
2005-05-10,30.441633224487305
2005-05-11,30.594816207885742
2005-05-12,30.509708404541016
2005-05-13,30.84162139892578
2005-05-16,31.045860290527344
2005-05-17,31.233112335205078
2005-05-18,31.658618927001953
2005-05-19,31.922439575195312
2005-05-20,32.05009078979492
2005-05-23,32.2117919921875
2005-05-24,32.31391906738281
2005-05-25,32.17774200439453
2005-05-26,32.50114059448242
2005-05-27,32.518165588378906
2005-05-31,32.407527923583984
2005-06-01,32.67136764526367
2005-06-02,32.9011344909668
2005-06-03,32.42453384399414
2005-06-06,32.43305969238281
2005-06-07,32.160728454589844
2005-06-08,32.092647552490234
2005-06-09,32.2968864440918
2005-06-10,31.95648193359375
2005-06-13,32.10967254638672
2005-06-14,31.981992721557617
2005-06-15,32.084144592285156
2005-06-16,32.25434875488281
2005-06-17,32.25859832763672
2005-06-20,32.25859832763672
2005-06-21,32.24156188964844
2005-06-22,32.207481384277344
2005-06-23,31.84973907470703
2005-06-24,31.491971969604492
2005-06-27,31.347156524658203
2005-06-28,31.64527702331543
2005-06-29,31.577123641967773
2005-06-30,31.33011245727539
2005-07-01,31.287513732910156
2005-07-05,31.611215591430664
2005-07-06,31.45789909362793
2005-07-07,31.568632125854492
2005-07-08,32.173423767089844
2005-07-11,32.471553802490234
2005-07-12,32.62488555908203
2005-07-13,32.70156478881836
2005-07-14,33.02525329589844
2005-07-15,33.12744903564453
2005-07-18,32.991153717041016
2005-07-19,33.37449645996094
2005-07-20,33.61299514770508
2005-07-21,33.62153625488281
2005-07-22,33.57892608642578
2005-07-25,33.451141357421875
2005-07-26,33.57892608642578
2005-07-27,33.8344841003418
2005-07-28,33.99631881713867
2005-07-29,33.71522521972656
2005-08-01,33.774845123291016
2005-08-02,34.1411247253418
2005-08-03,34.12409591674805
2005-08-04,33.791893005371094
2005-08-05,33.63003158569336
2005-08-08,33.383018493652344
2005-08-09,33.60446548461914
2005-08-10,33.31488037109375
2005-08-11,33.587425231933594
2005-08-12,33.40004348754883
2005-08-15,33.60446548461914
2005-08-16,33.059326171875
2005-08-17,33.25525665283203
2005-08-18,33.084861755371094
2005-08-19,33.067848205566406
2005-08-22,33.084861755371094
2005-08-23,32.991153717041016
2005-08-24,32.79524230957031
2005-08-25,32.871917724609375
2005-08-26,32.76117706298828
2005-08-29,33.01671600341797
2005-08-30,32.89746856689453
2005-08-31,33.20413589477539
2005-09-01,33.153018951416016
2005-09-02,33.02525329589844
2005-09-06,33.51080322265625
2005-09-07,33.57041549682617
2005-09-08,33.56189727783203
2005-09-09,33.74927520751953
2005-09-12,33.84297561645508
2005-09-13,33.75782012939453
2005-09-14,33.37449645996094
2005-09-15,33.357452392578125
2005-09-16,33.56189727783203
2005-09-19,33.29783630371094
2005-09-20,33.16154479980469
2005-09-21,32.79524230957031
2005-09-22,32.91450500488281
2005-09-23,33.00822067260742
2005-09-26,33.01671600341797
2005-09-27,32.94005584716797
2005-09-28,32.948577880859375
2005-09-29,33.39152526855469
2005-09-30,33.61299514770508
2005-10-03,33.69817352294922
2005-10-04,33.47669982910156
2005-10-05,33.01671600341797
2005-10-06,32.582275390625
2005-10-07,32.65896224975586
2005-10-10,32.480079650878906
2005-10-11,32.318214416503906
2005-10-12,31.934906005859375
2005-10-13,32.181941986083984
2005-10-14,32.420448303222656
2005-10-17,32.522682189941406
2005-10-18,32.292667388916016
2005-10-19,32.94005584716797
2005-10-20,32.63340377807617
2005-10-21,32.837825775146484
2005-10-24,33.357452392578125
2005-10-25,33.229679107666016
2005-10-26,33.059326171875
2005-10-27,32.39491271972656
2005-10-28,32.64192581176758
2005-10-31,33.11043167114258
2005-11-01,33.084861755371094
2005-11-02,33.5192756652832
2005-11-03,34.02185821533203
2005-11-04,34.1411247253418
2005-11-07,34.18373107910156
2005-11-08,34.192237854003906
2005-11-09,34.20928955078125
2005-11-10,34.584083557128906
2005-11-11,34.67778015136719
2005-11-14,34.67778015136719
2005-11-15,34.51593780517578
2005-11-16,34.7288932800293
2005-11-17,35.188873291015625
2005-11-18,35.30812454223633
2005-11-21,35.393314361572266
2005-11-22,35.521087646484375
2005-11-23,35.60628128051758
2005-11-25,35.68294906616211
2005-11-28,35.38481521606445
2005-11-29,35.21444320678711
2005-11-30,35.12924575805664
2005-12-01,35.78515625
2005-12-02,35.87032699584961
2005-12-05,35.60628128051758
2005-12-06,35.72553253173828
2005-12-07,35.65739059448242
2005-12-08,35.401832580566406
2005-12-09,35.53813552856445
2005-12-12,35.665889739990234
2005-12-13,35.810699462890625
2005-12-14,35.69145965576172
2005-12-15,35.751094818115234
2005-12-16,35.50429916381836
2005-12-19,34.94074630737305
2005-12-20,34.96636962890625
2005-12-21,35.12007141113281
2005-12-22,35.35060501098633
2005-12-23,35.35060501098633
2005-12-27,35.043209075927734
2005-12-28,35.00054168701172
2005-12-29,34.76997756958008
2005-12-30,34.50527572631836
2006-01-03,35.27376174926758
2006-01-04,35.640933990478516
2006-01-05,35.79463195800781
2006-01-06,36.443580627441406
2006-01-09,36.5887336730957
2006-01-10,36.61434555053711
2006-01-11,36.89613723754883
2006-01-12,36.71681594848633
2006-01-13,36.699745178222656
2006-01-17,36.460662841796875
2006-01-18,36.04226303100586
2006-01-19,36.30695724487305
2006-01-20,35.2225456237793
2006-01-23,35.2310791015625
2006-01-24,35.3847770690918
2006-01-25,35.2310791015625
2006-01-26,35.47869110107422
2006-01-27,35.95685958862305
2006-01-30,36.02519226074219
2006-01-31,35.86293411254883
2006-02-01,35.991004943847656
2006-02-02,35.37622833251953
2006-02-03,34.94074630737305
2006-02-06,34.84682846069336
2006-02-07,34.69313049316406
2006-02-08,35.09444808959961
2006-02-09,34.76143264770508
2006-02-10,34.97491455078125
2006-02-13,34.57357406616211
2006-02-14,34.92366027832031
2006-02-15,35.14567947387695
2006-02-16,35.47017288208008
2006-02-17,35.18836975097656
2006-02-21,34.79558181762695
2006-02-22,35.2310791015625
2006-02-23,35.13715362548828
2006-02-24,35.2310791015625
2006-02-27,35.623863220214844
2006-02-28,35.09444808959961
2006-03-01,35.572628021240234
2006-03-02,35.598228454589844
2006-03-03,35.3932991027832
2006-03-06,35.08589172363281
2006-03-07,34.88098907470703
2006-03-08,34.89806365966797
2006-03-09,34.59920120239258
2006-03-10,34.63336181640625
2006-03-13,34.73583221435547
2006-03-14,35.32499313354492
2006-03-15,35.623863220214844
2006-03-16,35.32499313354492
2006-03-17,35.41814041137695
2006-03-20,35.503578186035156
2006-03-21,35.12762451171875
2006-03-22,35.21305847167969
2006-03-23,35.11050796508789
2006-03-24,35.289974212646484
2006-03-27,35.29850387573242
2006-03-28,35.15325164794922
2006-03-29,35.819732666015625
2006-03-30,35.930824279785156
2006-03-31,35.82828140258789
2006-04-03,35.87100601196289
2006-04-04,36.067543029785156
2006-04-05,36.409339904785156
2006-04-06,36.511871337890625
2006-04-07,36.161556243896484
2006-04-10,36.11024475097656
2006-04-11,35.819732666015625
2006-04-12,35.82828140258789
2006-04-13,35.973548889160156
2006-04-17,35.597572326660156
2006-04-18,36.28115463256836
2006-04-19,36.443511962890625
2006-04-20,36.31534194946289
2006-04-21,35.888099670410156
2006-04-24,35.85392761230469
2006-04-25,35.77699661254883
2006-04-26,35.768463134765625
2006-04-27,36.11024475097656
2006-04-28,35.75991439819336
2006-05-01,35.409584045410156
2006-05-02,35.503578186035156
2006-05-03,35.45231246948242
2006-05-04,35.74283981323242
2006-05-05,36.02481460571289
2006-05-08,36.05899429321289
2006-05-09,35.92226791381836
2006-05-10,35.60612869262695
2006-05-11,34.81144714355469
2006-05-12,34.34149169921875
2006-05-15,34.31585693359375
2006-05-16,34.059505462646484
2006-05-17,33.598106384277344
2006-05-18,33.36738586425781
2006-05-19,33.62371826171875
2006-05-22,33.299034118652344
2006-05-23,32.97432327270508
2006-05-24,33.196475982666016
2006-05-25,33.63228225708008
2006-05-26,33.74335479736328
2006-05-30,33.01704025268555
2006-05-31,33.17085266113281
2006-06-01,33.95698165893555
2006-06-02,33.871543884277344
2006-06-05,33.13666915893555
2006-06-06,33.11105728149414
2006-06-07,32.86323547363281
2006-06-08,32.811988830566406
2006-06-09,32.59835433959961
2006-06-12,31.95751190185547
2006-06-13,31.8293399810791
2006-06-14,32.154022216796875
2006-06-15,33.025596618652344
2006-06-16,32.78276062011719
2006-06-19,32.51771545410156
2006-06-20,32.56044006347656
2006-06-21,33.07347869873047
2006-06-22,32.65449523925781
2006-06-23,32.620296478271484
2006-06-26,32.70578384399414
2006-06-27,32.090152740478516
2006-06-28,32.32959747314453
2006-06-29,33.312889099121094
2006-06-30,33.150428771972656
2006-07-03,33.347103118896484
2006-07-05,32.620296478271484
2006-07-06,32.58609390258789
2006-07-07,32.22698974609375
2006-07-10,31.94481658935547
2006-07-11,32.1842041015625
2006-07-12,31.577136993408203
2006-07-13,31.046993255615234
2006-07-14,30.730634689331055
2006-07-17,30.807584762573242
2006-07-18,30.910192489624023
2006-07-19,31.312068939208984
2006-07-20,30.850341796875
2006-07-21,30.525407791137695
2006-07-24,31.132511138916016
2006-07-25,31.312068939208984
2006-07-26,31.286426544189453
2006-07-27,31.081199645996094
2006-07-28,31.731054306030273
2006-07-31,31.722503662109375
2006-08-01,31.192365646362305
2006-08-02,31.54293441772461
2006-08-03,31.739601135253906
2006-08-04,31.594236373901367
2006-08-07,31.389022827148438
2006-08-08,31.192365646362305
2006-08-09,31.235116958618164
2006-08-10,31.45743179321289
2006-08-11,31.235116958618164
2006-08-14,31.440340042114258
2006-08-15,32.235530853271484
2006-08-16,32.99650192260742
2006-08-17,33.11621856689453
2006-08-18,33.167537689208984
2006-08-21,32.851165771484375
2006-08-22,32.859710693359375
2006-08-23,32.61174774169922
2006-08-24,32.70578384399414
2006-08-25,32.76566696166992
2006-08-28,33.01362991333008
2006-08-29,33.11621856689453
2006-08-30,33.27014923095703
2006-08-31,33.23592758178711
2006-09-01,33.415496826171875
2006-09-05,33.74042510986328
2006-09-06,33.064910888671875
2006-09-07,32.91102981567383
2006-09-08,33.107669830322266
2006-09-11,33.312889099121094
2006-09-12,33.928524017333984
2006-09-13,34.15939712524414
2006-09-14,34.19361114501953
2006-09-15,34.31593704223633
2006-09-18,34.32449722290039
2006-09-19,34.0934944152832
2006-09-20,34.5897102355957
2006-09-21,34.375831604003906
2006-09-22,34.11061477661133
2006-09-25,34.709495544433594
2006-09-26,34.880611419677734
2006-09-27,34.837825775146484
2006-09-28,34.93193435668945
2006-09-29,34.77793502807617
2006-10-02,34.34160614013672
2006-10-03,34.4870491027832
2006-10-04,35.33404541015625
2006-10-05,35.50516128540039
2006-10-06,35.428165435791016
2006-10-09,35.54792785644531
2006-10-10,35.60781478881836
2006-10-11,35.53937911987305
2006-10-12,36.104026794433594
2006-10-13,36.30081558227539
2006-10-16,36.33502960205078
2006-10-17,35.932918548583984
2006-10-18,35.7618293762207
2006-10-19,35.847373962402344
2006-10-20,35.932918548583984
2006-10-23,36.30081558227539
2006-10-24,36.052703857421875
2006-10-25,36.30081558227539
2006-10-26,36.634456634521484
2006-10-27,36.11257553100586
2006-10-30,36.343597412109375
2006-10-31,36.42912673950195
2006-11-01,35.932918548583984
2006-11-02,35.96714401245117
2006-11-03,35.873043060302734
2006-11-06,36.394935607910156
2006-11-07,36.64303970336914
2006-11-08,36.814117431640625
2006-11-09,36.64303970336914
2006-11-10,36.814117431640625
2006-11-13,37.190582275390625
2006-11-14,37.58413314819336
2006-11-15,37.738136291503906
2006-11-16,37.90068817138672
2006-11-17,37.90068817138672
2006-11-20,37.97768783569336
2006-11-21,38.029029846191406
2006-11-22,38.26854705810547
2006-11-24,38.20012283325195
2006-11-27,37.336002349853516
2006-11-28,37.44723892211914
2006-11-29,37.703895568847656
2006-11-30,37.678245544433594
2006-12-01,37.35313034057617
2006-12-04,37.86646270751953
2006-12-05,38.00334548950195
2006-12-06,37.86646270751953
2006-12-07,37.387359619140625
2006-12-08,37.558467864990234
2006-12-11,37.695350646972656
2006-12-12,37.4729118347168
2006-12-13,37.54136276245117
2006-12-14,37.960567474365234
2006-12-15,38.0582275390625
2006-12-18,37.68130874633789
2006-12-19,37.5614128112793
2006-12-20,37.424354553222656
2006-12-21,37.1588020324707
2006-12-22,36.77333450317383
2006-12-26,36.92752456665039
2006-12-27,37.11598205566406
2006-12-28,36.93608474731445
2006-12-29,36.9703483581543
2007-01-03,37.038883209228516
2007-01-04,37.74127197265625
2007-01-05,37.5614128112793
2007-01-08,37.587100982666016
2007-01-09,37.77555465698242
2007-01-10,38.22098159790039
2007-01-11,38.61500549316406
2007-01-12,38.81201934814453
2007-01-16,38.786312103271484
2007-01-17,38.4693717956543
2007-01-18,37.75841522216797
2007-01-19,37.835506439208984
2007-01-22,37.424354553222656
2007-01-23,37.330108642578125
2007-01-24,37.94686508178711
2007-01-25,37.458587646484375
2007-01-26,37.321537017822266
2007-01-29,37.355812072753906
2007-01-30,37.372955322265625
2007-01-31,37.74987030029297
2007-02-01,37.689884185791016
2007-02-02,37.826961517333984
2007-02-05,37.79266357421875
2007-02-06,37.74127197265625
2007-02-07,38.083919525146484
2007-02-08,38.07536315917969
2007-02-09,37.587100982666016
2007-02-12,37.441463470458984
2007-02-13,37.56997299194336
2007-02-14,38.20384216308594
2007-02-15,38.42655944824219
2007-02-16,38.298072814941406
2007-02-20,38.58930587768555
2007-02-21,38.70922088623047
2007-02-22,38.906246185302734
2007-02-23,38.769168853759766
2007-02-26,38.580745697021484
2007-02-27,36.996055603027344
2007-02-28,37.11598205566406
2007-03-01,36.94466018676758
2007-03-02,36.38787078857422
2007-03-05,36.105194091796875
2007-03-06,36.704803466796875
2007-03-07,36.5591926574707
2007-03-08,36.80760192871094
2007-03-09,36.77333450317383
2007-03-12,37.01316833496094
2007-03-13,36.293636322021484
2007-03-14,36.824729919433594
2007-03-15,36.739070892333984
2007-03-16,36.710777282714844
2007-03-19,37.08791732788086
2007-03-20,37.3536262512207
2007-03-21,38.0736198425293
2007-03-22,37.93650436401367
2007-03-23,37.81645965576172
2007-03-26,37.970767974853516
2007-03-27,37.705047607421875
2007-03-28,37.30220413208008
2007-03-29,37.34504318237305
2007-03-30,37.310768127441406
2007-04-02,37.362205505371094
2007-04-03,37.850791931152344
2007-04-04,38.00505828857422
2007-04-05,38.193626403808594
2007-04-09,38.09934997558594
2007-04-10,38.296478271484375
2007-04-11,37.893619537353516
2007-04-12,38.193626403808594
2007-04-13,38.270774841308594
2007-04-16,38.62218475341797
2007-04-17,38.7078971862793
2007-04-18,38.579322814941406
2007-04-19,38.6993293762207
2007-04-20,38.91362380981445
2007-04-23,38.97361755371094
2007-04-24,39.170745849609375
2007-04-25,39.6935920715332
2007-04-26,39.89931106567383
2007-04-27,39.91645431518555
2007-04-30,39.39360427856445
2007-05-01,39.359317779541016
2007-05-02,39.78788757324219
2007-05-03,39.933589935302734
2007-05-04,39.9678840637207
2007-05-07,39.9678840637207
2007-05-08,40.053585052490234
2007-05-09,40.139286041259766
2007-05-10,39.590736389160156
2007-05-11,40.096466064453125
2007-05-14,39.822166442871094
2007-05-15,39.51359176635742
2007-05-16,39.89931106567383
2007-05-17,39.71074676513672
2007-05-18,40.03641891479492
2007-05-21,40.2935905456543
2007-05-22,40.327857971191406
2007-05-23,40.139286041259766
2007-05-24,39.565025329589844
2007-05-25,39.813575744628906
2007-05-29,40.12215805053711
2007-05-30,40.44786071777344
2007-05-31,40.63642501831055
2007-06-01,40.662139892578125
2007-06-04,40.78214645385742
2007-06-05,40.78214645385742
2007-06-06,40.34500503540039
2007-06-07,39.71928787231445
2007-06-08,40.207889556884766
2007-06-11,40.13074493408203
2007-06-12,39.89072036743164
2007-06-13,40.327857971191406
2007-06-14,40.59357452392578
2007-06-15,40.96843719482422
2007-06-18,40.977020263671875
2007-06-19,40.96843719482422
2007-06-20,40.58243179321289
2007-06-21,40.95127868652344
2007-06-22,40.56528091430664
2007-06-25,40.39370346069336
2007-06-26,40.162109375
2007-06-27,40.77972412109375
2007-06-28,40.762569427490234
2007-06-29,40.83118438720703
2007-07-02,41.200050354003906
2007-07-03,41.440250396728516
2007-07-05,41.740447998046875
2007-07-06,41.91202163696289
2007-07-09,41.937744140625
2007-07-10,41.58604431152344
2007-07-11,41.86912536621094
2007-07-12,42.512481689453125
2007-07-13,42.80410385131836
2007-07-16,42.761226654052734
2007-07-17,43.08720016479492
2007-07-18,43.035736083984375
2007-07-19,43.16440200805664
2007-07-20,42.93278884887695
2007-07-23,42.9499397277832
2007-07-24,42.31517791748047
2007-07-25,42.37522888183594
2007-07-26,42.01496124267578
2007-07-27,41.16572952270508
2007-07-30,41.64609909057617
2007-07-31,40.77112579345703
2007-08-01,41.088531494140625
2007-08-02,41.46595001220703
2007-08-03,40.676780700683594
2007-08-06,41.148563385009766
2007-08-07,41.440250396728516
2007-08-08,41.894866943359375
2007-08-09,40.925540924072266
2007-08-10,40.55669403076172
2007-08-13,40.83118438720703
2007-08-14,40.13637161254883
2007-08-15,39.372920989990234
2007-08-16,38.986915588378906
2007-08-17,39.72462844848633
2007-08-20,39.9133415222168
2007-08-21,40.33367156982422
2007-08-22,40.88266372680664
2007-08-23,40.77112579345703
2007-08-24,41.345855712890625
2007-08-27,41.07136154174805
2007-08-28,40.093482971191406
2007-08-29,41.24293899536133
2007-08-30,41.45738983154297
2007-08-31,41.92060089111328
2007-09-04,42.61541748046875
2007-09-05,42.18649673461914
2007-09-06,42.15220260620117
2007-09-07,41.37159729003906
2007-09-10,41.345855712890625
2007-09-11,41.972068786621094
2007-09-12,41.98063278198242
2007-09-13,42.18649673461914
2007-09-14,42.220821380615234
2007-09-17,41.86912536621094
2007-09-18,42.924217224121094
2007-09-19,43.035736083984375
2007-09-20,42.91563415527344
2007-09-21,43.2211799621582
2007-09-24,43.41855239868164
2007-09-25,43.830528259277344
2007-09-26,44.045082092285156
2007-09-27,44.268226623535156
2007-09-28,44.12233352661133
2007-10-01,44.628692626953125
2007-10-02,44.637271881103516
2007-10-03,44.32831573486328
2007-10-04,44.4312858581543
2007-10-05,45.33244705200195
2007-10-08,45.61567687988281
2007-10-09,45.81306457519531
2007-10-10,45.92464065551758
2007-10-11,45.195133209228516
2007-10-12,45.94181442260742
2007-10-15,45.58992004394531
2007-10-16,45.37535858154297
2007-10-17,45.95896911621094
2007-10-18,46.15635299682617
2007-10-19,45.006317138671875
2007-10-22,45.54700469970703
2007-10-23,46.499664306640625
2007-10-24,46.14780044555664
2007-10-25,45.52985382080078
2007-10-26,46.28509521484375
2007-10-29,46.47392272949219
2007-10-30,46.568321228027344
2007-10-31,47.22916793823242
2007-11-01,46.34518814086914
2007-11-02,46.705650329589844
2007-11-05,46.405277252197266
2007-11-06,46.92877960205078
2007-11-07,45.787322998046875
2007-11-08,44.39697265625
2007-11-09,42.91218948364258
2007-11-12,41.822235107421875
2007-11-13,43.54730224609375
2007-11-14,42.98942947387695
2007-11-15,42.75772476196289
2007-11-16,43.15251159667969
2007-11-19,42.654727935791016
2007-11-20,42.82637405395508
2007-11-21,42.32001495361328
2007-11-23,42.774898529052734
2007-11-26,42.03680419921875
2007-11-27,42.877864837646484
2007-11-28,44.182403564453125
2007-11-29,44.37122344970703
2007-11-30,44.03648376464844
2007-12-03,43.667442321777344
2007-12-04,43.48721694946289
2007-12-05,44.268226623535156
2007-12-06,44.903350830078125
2007-12-07,44.911903381347656
2007-12-10,45.09214782714844
2007-12-11,44.045082092285156
2007-12-12,44.43989181518555
2007-12-13,44.19956588745117
2007-12-14,43.74470138549805
2007-12-17,42.68048095703125
2007-12-18,42.81779098510742
2007-12-19,42.80921936035156
2007-12-20,43.68463134765625
2007-12-21,44.54633712768555
2007-12-24,44.88138961791992
2007-12-26,45.104774475097656
2007-12-27,44.56352615356445
2007-12-28,44.52055358886719
2007-12-31,44.005069732666016
2008-01-02,43.30916976928711
2008-01-03,43.489593505859375
2008-01-04,41.58232879638672
2008-01-07,41.38470458984375
2008-01-08,40.310787200927734
2008-01-09,41.169921875
2008-01-10,41.23006820678711
2008-01-11,40.42247009277344
2008-01-14,41.1269645690918
2008-01-15,39.99291229248047
2008-01-16,39.563331604003906
2008-01-17,39.013492584228516
2008-01-18,38.96192932128906
2008-01-22,37.95674514770508
2008-01-23,37.81068420410156
2008-01-24,38.58389663696289
2008-01-25,37.79349899291992
2008-01-28,38.08561325073242
2008-01-29,38.15433883666992
2008-01-30,38.119972229003906
2008-01-31,38.772918701171875
2008-02-01,39.16814041137695
2008-02-04,38.61829376220703
2008-02-05,37.51856994628906
2008-02-06,36.77972412109375
2008-02-07,37.03748321533203
2008-02-08,37.45845031738281
2008-02-11,37.862239837646484
2008-02-12,37.64744567871094
2008-02-13,38.472225189208984
2008-02-14,37.776336669921875
2008-02-15,37.64744567871094
2008-02-19,37.57872772216797
2008-02-20,37.75055694580078
2008-02-21,37.38972091674805
2008-02-22,37.52717208862305
2008-02-25,37.71619415283203
2008-02-26,37.862239837646484
2008-02-27,38.05124282836914
2008-02-28,37.905181884765625
2008-02-29,36.900001525878906
2008-03-03,36.659454345703125
2008-03-04,36.865631103515625
2008-03-05,37.046058654785156
2008-03-06,36.22987365722656
2008-03-07,36.14396667480469
2008-03-10,35.44805908203125
2008-03-11,36.796905517578125
2008-03-12,36.69379806518555
2008-03-13,36.97732162475586
2008-03-14,36.29861068725586
2008-03-17,35.637081146240234
2008-03-18,37.22649002075195
2008-03-19,36.30720901489258
2008-03-20,37.049198150634766
2008-03-24,38.330352783203125
2008-03-25,38.54527282714844
2008-03-26,38.433509826660156
2008-03-27,37.582298278808594
2008-03-28,37.39314651489258
2008-03-31,37.590911865234375
2008-04-01,39.19874572753906
2008-04-02,39.11276626586914
2008-04-03,39.19874572753906
2008-04-04,39.4308967590332
2008-04-07,39.34490966796875
2008-04-08,39.043983459472656
2008-04-09,38.605472564697266
2008-04-10,39.15574645996094
2008-04-11,38.07238006591797
2008-04-14,37.900421142578125
2008-04-15,37.95201110839844
2008-04-16,39.009578704833984
2008-04-17,38.92359161376953
2008-04-18,40.161720275878906
2008-04-21,40.44548034667969
2008-04-22,39.84357833862305
2008-04-23,40.28209686279297
2008-04-24,40.643218994140625
2008-04-25,40.5400276184082
2008-04-28,40.617427825927734
2008-04-29,40.926963806152344
2008-04-30,40.59163284301758
2008-05-01,41.87274932861328
2008-05-02,41.932926177978516
2008-05-05,41.81256103515625
2008-05-06,42.070518493652344
2008-05-07,41.305267333984375
2008-05-08,41.614830017089844
2008-05-09,41.451446533203125
2008-05-12,42.20808029174805
2008-05-13,42.319854736328125
2008-05-14,42.22528076171875
2008-05-15,42.9647216796875
2008-05-16,42.99910354614258
2008-05-19,42.68956756591797
2008-05-20,42.362831115722656
2008-05-21,41.42564010620117
2008-05-22,41.571800231933594
2008-05-23,41.442832946777344
2008-05-27,42.1736946105957
2008-05-28,42.34564208984375
2008-05-29,42.72395324707031
2008-05-30,42.99910354614258
2008-06-02,42.474613189697266
2008-06-03,42.242454528808594
2008-06-04,42.78414535522461
2008-06-05,43.46338653564453
2008-06-06,42.15648651123047
2008-06-09,41.932926177978516
2008-06-10,41.73518371582031
2008-06-11,40.72919464111328
2008-06-12,40.77218246459961
2008-06-13,41.589012145996094
2008-06-16,41.95871353149414
2008-06-17,41.73518371582031
2008-06-18,41.288082122802734
2008-06-19,41.932926177978516
2008-06-20,40.80062484741211
2008-06-23,40.482276916503906
2008-06-24,40.27577590942383
2008-06-25,40.92971420288086
2008-06-26,39.277713775634766
2008-06-27,39.277713775634766
2008-06-30,38.864715576171875
2008-07-01,39.41536331176758
2008-07-02,38.46893310546875
2008-07-03,38.40007019042969
2008-07-07,38.63240432739258
2008-07-08,39.55304718017578
2008-07-09,38.503326416015625
2008-07-10,38.9593505859375
2008-07-11,38.33985900878906
2008-07-14,38.055931091308594
2008-07-15,38.06452941894531
2008-07-16,39.010990142822266
2008-07-17,39.26909637451172
2008-07-18,38.36567687988281
2008-07-21,38.529144287109375
2008-07-22,38.529144287109375
2008-07-23,39.03679275512695
2008-07-24,38.451717376708984
2008-07-25,38.950740814208984
2008-07-28,38.219417572021484
2008-07-29,39.010990142822266
2008-07-30,39.2088737487793
2008-07-31,39.114234924316406
2008-08-01,38.61520004272461
2008-08-04,38.22800827026367
2008-08-05,39.518619537353516
2008-08-06,40.12092590332031
2008-08-07,39.81117248535156
2008-08-08,40.71459197998047
2008-08-11,41.08457565307617
2008-08-12,41.127593994140625
2008-08-13,41.041534423828125
2008-08-14,41.514793395996094
2008-08-15,41.43733596801758
2008-08-18,40.95551300048828
2008-08-19,40.4478645324707
2008-08-20,40.51670455932617
2008-08-21,40.32741165161133
2008-08-22,40.86087417602539
2008-08-25,40.000450134277344
2008-08-26,39.948822021484375
2008-08-27,40.20695495605469
2008-08-28,40.53390121459961
2008-08-29,39.68208312988281
2008-09-02,39.191673278808594
2008-09-03,38.821693420410156
2008-09-04,37.56550979614258
2008-09-05,37.38480758666992
2008-09-08,37.315975189208984
2008-09-09,36.52440643310547
2008-09-10,36.825565338134766
2008-09-11,37.51388931274414
2008-09-12,37.36760711669922
2008-09-15,36.2060661315918
2008-09-16,36.48998260498047
2008-09-17,34.59708023071289
2008-09-18,35.76722717285156
2008-09-19,36.93645477294922
2008-09-22,35.1972770690918
2008-09-23,34.93036651611328
2008-09-24,35.171443939208984
2008-09-25,35.73108673095703
2008-09-26,35.36947250366211
2008-09-29,32.56263732910156
2008-09-30,33.50110626220703
2008-10-01,33.14811706542969
2008-10-02,31.641368865966797
2008-10-03,31.150617599487305
2008-10-06,30.01409912109375
2008-10-07,28.11132049560547
2008-10-08,27.887462615966797
2008-10-09,27.138395309448242
2008-10-10,26.966197967529297
2008-10-13,30.246580123901367
2008-10-14,28.9378719329834
2008-10-15,26.346282958984375
2008-10-16,27.77553367614746
2008-10-17,27.809986114501953
2008-10-20,28.58485984802246
2008-10-21,27.103958129882812
2008-10-22,26.35489845275879
2008-10-23,26.2515811920166
2008-10-24,25.40781021118164
2008-10-27,24.701801300048828
2008-10-28,27.43113136291504
2008-10-29,27.362255096435547
2008-10-30,28.27491569519043
2008-10-31,28.317949295043945
2008-11-03,28.25767707824707
2008-11-04,29.058401107788086
2008-11-05,27.543066024780273
2008-11-06,26.311851501464844
2008-11-07,26.854270935058594
2008-11-10,26.492658615112305
2008-11-11,25.915794372558594
2008-11-12,24.71902847290039
2008-11-13,26.225751876831055
2008-11-14,24.951492309570312
2008-11-17,24.42628288269043
2008-11-18,24.40045166015625
2008-11-19,23.126190185546875
2008-11-20,22.006893157958984
2008-11-21,22.962596893310547
2008-11-24,24.36601448059082
2008-11-25,24.25408172607422
2008-11-26,25.270050048828125
2008-11-28,25.072025299072266
2008-12-01,23.186460494995117
2008-12-02,23.961349487304688
2008-12-03,24.641529083251953
2008-12-04,23.944120407104492
2008-12-05,24.91704750061035
2008-12-08,25.898578643798828
2008-12-09,25.838306427001953
2008-12-10,25.752195358276367
2008-12-11,25.046199798583984
2008-12-12,25.55417251586914
2008-12-15,25.106460571289062
2008-12-16,26.311851501464844
2008-12-17,25.993284225463867
2008-12-18,25.536956787109375
2008-12-19,25.74648094177246
2008-12-22,25.186017990112305
2008-12-23,25.05669403076172
2008-12-24,25.12566375732422
2008-12-26,25.117048263549805
2008-12-29,24.910104751586914
2008-12-30,25.42745018005371
2008-12-31,25.643016815185547
2009-01-02,26.75530433654785
2009-01-05,26.74667739868164
2009-01-06,27.013980865478516
2009-01-07,26.246583938598633
2009-01-08,26.52250862121582
2009-01-09,25.92755126953125
2009-01-12,25.45332145690918
2009-01-13,25.461946487426758
2009-01-14,24.685935974121094
2009-01-15,25.091175079345703
2009-01-16,25.36709976196289
2009-01-20,24.10822868347168
2009-01-21,25.13428497314453
2009-01-22,24.798017501831055
2009-01-23,24.918725967407227
2009-01-26,25.099803924560547
2009-01-27,25.28086280822754
2009-01-28,26.16898536682129
2009-01-29,25.505048751831055
2009-01-30,25.05669403076172
2009-02-02,25.35847282409668
2009-02-03,25.755111694335938
2009-02-04,25.789587020874023
2009-02-05,26.358680725097656
2009-02-06,27.04846954345703
2009-02-09,27.160554885864258
2009-02-10,26.160356521606445
2009-02-11,26.039644241333008
2009-02-12,26.358680725097656
2009-02-13,26.237958908081055
2009-02-17,25.194656372070312
2009-02-18,25.211891174316406
2009-02-19,24.823883056640625
2009-02-20,24.892868041992188
2009-02-23,24.022008895874023
2009-02-24,24.81525421142578
2009-02-25,24.651437759399414
2009-02-26,23.961639404296875
2009-02-27,23.737462997436523
2009-03-02,22.970077514648438
2009-03-03,22.95281982421875
2009-03-04,23.565011978149414
2009-03-05,22.85798454284668
2009-03-06,22.676904678344727
2009-03-09,22.194053649902344
2009-03-10,23.565011978149414
2009-03-11,23.92715835571289
2009-03-12,24.720428466796875
2009-03-13,24.78077507019043
2009-03-16,24.366897583007812
2009-03-17,25.289493560791016
2009-03-18,25.608524322509766
2009-03-19,25.591283798217773
2009-03-20,25.20176124572754
2009-03-23,26.68727684020996
2009-03-24,26.194988250732422
2009-03-25,26.315895080566406
2009-03-26,27.12773895263672
2009-03-27,26.618173599243164
2009-03-30,25.9617862701416
2009-03-31,26.186344146728516
2009-04-01,26.574993133544922
2009-04-02,27.430015563964844
2009-04-03,27.939590454101562
2009-04-06,27.870485305786133
2009-04-07,27.136384963989258
2009-04-08,27.594120025634766
2009-04-09,28.44915199279785
2009-04-13,28.40596580505371
2009-04-14,28.06049346923828
2009-04-15,27.982765197753906
2009-04-16,28.708240509033203
2009-04-17,28.768699645996094
2009-04-20,27.844581604003906
2009-04-21,28.233224868774414
2009-04-22,28.319595336914062
2009-04-23,28.595970153808594
2009-04-24,29.096899032592773
2009-04-27,29.131444931030273
2009-04-28,28.915523529052734
2009-04-29,29.31281089782715
2009-04-30,29.606456756591797
2009-05-01,29.684194564819336
2009-05-04,30.271474838256836
2009-05-05,30.245576858520508
2009-05-06,30.254209518432617
2009-05-07,29.545995712280273
2009-05-08,29.563276290893555
2009-05-11,29.66691017150879
2009-05-12,29.304174423217773
2009-05-13,28.518238067626953
2009-05-14,28.837800979614258
2009-05-15,28.82052993774414
2009-05-18,29.571914672851562
2009-05-19,29.710092544555664
2009-05-20,29.606456756591797
2009-05-21,29.062355041503906
2009-05-22,28.96733856201172
2009-05-26,30.04693031311035
2009-05-27,29.83965492248535
2009-05-28,30.185115814208984
2009-05-29,30.556488037109375
2009-06-01,31.428804397583008
2009-06-02,31.471981048583984
2009-06-03,31.376995086669922
2009-06-04,31.7310733795166
2009-06-05,31.765634536743164
2009-06-08,31.67063331604004
2009-06-09,31.912443161010742
2009-06-10,31.800188064575195
2009-06-11,31.800188064575195
2009-06-12,31.653343200683594
2009-06-15,31.005578994750977
2009-06-16,30.703327178955078
2009-06-17,30.996965408325195
2009-06-18,30.93651580810547
2009-06-19,31.268556594848633
2009-06-22,30.334657669067383
2009-06-23,30.26547622680664
2009-06-24,30.775678634643555
2009-06-25,31.38097381591797
2009-06-26,31.450162887573242
2009-06-29,31.51932716369629
2009-06-30,31.45880126953125
2009-07-01,31.47609519958496
2009-07-02,30.78432273864746
2009-07-06,30.620006561279297
2009-07-07,29.859054565429688
2009-07-08,30.014707565307617
2009-07-09,30.066593170166016
2009-07-10,30.196290969848633
2009-07-13,30.775678634643555
2009-07-14,30.888090133666992
2009-07-15,31.925762176513672
2009-07-16,32.30622863769531
2009-07-17,32.47917938232422
2009-07-20,32.790489196777344
2009-07-21,33.01531982421875
2009-07-22,33.29202651977539
2009-07-23,34.027042388916016
2009-07-24,33.76762771606445
2009-07-27,34.027042388916016
2009-07-28,33.7935676574707
2009-07-29,34.01842498779297
2009-07-30,34.217281341552734
2009-07-31,34.11351776123047
2009-08-03,34.623714447021484
2009-08-04,34.623714447021484
2009-08-05,34.355648040771484
2009-08-06,34.05298614501953
2009-08-07,34.485347747802734
2009-08-10,34.24322509765625
2009-08-11,33.9492301940918
2009-08-12,34.4766960144043
2009-08-13,34.66693115234375
2009-08-14,34.26918029785156
2009-08-17,33.274757385253906
2009-08-18,33.75033187866211
2009-08-19,33.98379898071289
2009-08-20,34.38158416748047
2009-08-21,34.839881896972656
2009-08-24,34.8052978515625
2009-08-25,34.90906524658203
2009-08-26,34.84853744506836
2009-08-27,34.93501281738281
2009-08-28,34.969600677490234
2009-08-31,34.615055084228516
2009-09-01,33.966529846191406
2009-09-02,33.94057846069336
2009-09-03,34.1653938293457
2009-09-04,34.900421142578125
2009-09-08,35.229007720947266
2009-09-09,35.53169250488281
2009-09-10,35.86891174316406
2009-09-11,35.903499603271484
2009-09-14,36.041866302490234
2009-09-15,36.15430450439453
2009-09-16,36.68174362182617
2009-09-17,36.67311096191406
2009-09-18,36.734554290771484
2009-09-21,36.84709167480469
2009-09-22,36.916343688964844
2009-09-23,36.74324035644531
2009-09-24,36.414306640625
2009-09-25,36.09403991699219
2009-09-28,36.708587646484375
2009-09-29,36.54415512084961
2009-09-30,36.57011032104492
2009-10-01,35.488155364990234
2009-10-02,35.38428497314453
2009-10-05,35.66991424560547
2009-10-06,36.30178451538086
2009-10-07,36.405643463134766
2009-10-08,36.56145477294922
2009-10-09,36.769195556640625
2009-10-12,36.84709167480469
2009-10-13,36.85576248168945
2009-10-14,37.35777282714844
2009-10-15,37.27121353149414
2009-10-16,37.02886199951172
2009-10-19,37.40105438232422
2009-10-20,37.40972137451172
2009-10-21,37.3404541015625
2009-10-22,37.48759078979492
2009-10-23,37.331817626953125
2009-10-26,37.21063232421875
2009-10-27,36.648006439208984
2009-10-28,35.82572555541992
2009-10-29,36.431610107421875
2009-10-30,35.45353698730469
2009-11-02,35.600677490234375
2009-11-03,35.713199615478516
2009-11-04,35.77378845214844
2009-11-05,36.65665817260742
2009-11-06,36.8730583190918
2009-11-09,37.66071701049805
2009-11-10,37.75593948364258
2009-11-11,37.99829864501953
2009-11-12,37.78190612792969
2009-11-13,38.093509674072266
2009-11-16,38.48301315307617
2009-11-17,38.60420608520508
2009-11-18,38.38779067993164
2009-11-19,37.79056167602539
2009-11-20,37.600135803222656
2009-11-23,38.20603942871094
2009-11-24,38.076202392578125
2009-11-25,38.240631103515625
2009-11-27,37.66071701049805
2009-11-30,37.70399856567383
2009-12-01,38.093509674072266
2009-12-02,38.14543151855469
2009-12-03,37.989620208740234
2009-12-04,38.188724517822266
2009-12-07,38.006954193115234
2009-12-08,37.77324295043945
2009-12-09,38.15408706665039
2009-12-10,38.344512939453125
2009-12-11,38.19736862182617
2009-12-14,38.5609130859375
2009-12-15,38.344512939453125
2009-12-16,38.39644241333008
2009-12-17,37.92905044555664
2009-12-18,38.54722213745117
2009-12-21,38.98073196411133
2009-12-22,39.21481704711914
2009-12-23,39.500946044921875
2009-12-24,39.86506271362305
2009-12-28,40.07315444946289
2009-12-29,39.90842819213867
2009-12-30,40.02981185913086
2009-12-31,39.6656608581543
2010-01-04,40.24656295776367
2010-01-05,40.24656295776367
2010-01-06,40.0037956237793
2010-01-07,40.02981185913086
2010-01-08,40.3592643737793
2010-01-11,40.194549560546875
2010-01-12,39.691673278808594
2010-01-13,40.18585968017578
2010-01-14,40.220558166503906
2010-01-15,39.75235366821289
2010-01-19,40.39393997192383
2010-01-20,39.813053131103516
2010-01-21,39.440250396728516
2010-01-22,38.28711700439453
2010-01-25,38.417179107666016
2010-01-26,38.45184326171875
2010-01-27,38.75531005859375
2010-01-28,37.75824737548828
2010-01-29,37.09931945800781
2010-02-01,37.506797790527344
2010-02-02,37.84494400024414
2010-02-03,38.053009033203125
2010-02-04,36.95193099975586
2010-02-05,37.264068603515625
2010-02-08,36.99525451660156
2010-02-09,37.37676239013672
2010-02-10,37.29871368408203
2010-02-11,37.862274169921875
2010-02-12,37.940311431884766
2010-02-16,38.42584228515625
2010-02-17,38.64260482788086
2010-02-18,38.88536071777344
2010-02-19,38.86801528930664
2010-02-22,38.789981842041016
2010-02-23,38.28711700439453
2010-02-24,38.677276611328125
2010-02-25,38.668617248535156
2010-02-26,38.80732727050781
2010-03-01,39.370880126953125
2010-03-02,39.49226760864258
2010-03-03,39.53561782836914
2010-03-04,39.6656608581543
2010-03-05,40.26388931274414
2010-03-08,40.34193801879883
2010-03-09,40.56736373901367
2010-03-10,40.89683532714844
2010-03-11,41.05288314819336
2010-03-12,41.0615234375
2010-03-15,40.95751953125
2010-03-16,41.217613220214844
2010-03-17,41.330318450927734
2010-03-18,41.46903991699219
2010-03-19,41.21820831298828
2010-03-22,41.591400146484375
2010-03-23,41.87784194946289
2010-03-24,41.6782341003418
2010-03-25,41.617462158203125
2010-03-26,41.66084289550781
2010-03-29,41.860477447509766
2010-03-30,41.999351501464844
2010-03-31,41.79972457885742
2010-04-01,41.79972457885742
2010-04-05,42.19029998779297
2010-04-06,42.31180191040039
2010-04-07,42.20765686035156
2010-04-08,42.30311965942383
2010-04-09,42.554813385009766
2010-04-12,42.58955764770508
2010-04-13,42.806514739990234
2010-04-14,43.318607330322266
2010-04-15,43.509552001953125
2010-04-16,42.98878860473633
2010-04-19,42.9627685546875
2010-04-20,43.17973709106445
2010-04-21,43.422760009765625
2010-04-22,43.665794372558594
2010-04-23,43.84803771972656
2010-04-26,43.7525749206543
2010-04-27,42.82390213012695
2010-04-28,42.849918365478516
2010-04-29,43.59635925292969
2010-04-30,42.73709487915039
2010-05-03,43.33596420288086
2010-05-04,42.034061431884766
2010-05-05,41.81707000732422
2010-05-06,40.419708251953125
2010-05-07,39.41291809082031
2010-05-10,41.46122360229492
2010-05-11,41.41783142089844
2010-05-12,42.19896697998047
2010-05-13,41.530670166015625
2010-05-14,40.732154846191406
2010-05-17,40.86235427856445
2010-05-18,40.2982063293457
2010-05-19,39.9770622253418
2010-05-20,38.49290466308594
2010-05-21,38.918190002441406
2010-05-24,38.761962890625
2010-05-25,38.79667282104492
2010-05-26,38.36272048950195
2010-05-27,39.812156677246094
2010-05-28,39.577816009521484
2010-06-01,39.21328353881836
2010-06-02,40.141963958740234
2010-06-03,40.52385711669922
2010-06-04,39.13517379760742
2010-06-07,38.42346954345703
2010-06-08,38.3540153503418
2010-06-09,38.03289031982422
2010-06-10,39.11781692504883
2010-06-11,39.49101257324219
2010-06-14,39.48235321044922
2010-06-15,40.54121780395508
2010-06-16,40.70611572265625
2010-06-17,40.836326599121094
2010-06-18,40.870235443115234
2010-06-21,40.52241516113281
2010-06-22,40.2093620300293
2010-06-23,40.04412841796875
2010-06-24,39.4354362487793
2010-06-25,39.443260192871094
2010-06-28,39.30386734008789
2010-06-29,37.787837982177734
2010-06-30,37.212764739990234
2010-07-01,37.108219146728516
2010-07-02,37.003665924072266
2010-07-06,37.116920471191406
2010-07-07,38.3018798828125
2010-07-08,38.510990142822266
2010-07-09,38.876922607421875
2010-07-12,38.99018859863281
2010-07-13,39.49555969238281
2010-07-14,39.69594955444336
2010-07-15,39.73079299926758
2010-07-16,38.63296890258789
2010-07-19,38.964073181152344
2010-07-20,39.43455123901367
2010-07-21,38.89436340332031
2010-07-22,39.87891387939453
2010-07-23,40.13158416748047
2010-07-26,40.4626579284668
2010-07-27,40.445247650146484
2010-07-28,40.122886657714844
2010-07-29,39.826637268066406
2010-07-30,39.913761138916016
2010-08-02,40.6630744934082
2010-08-03,40.48881912231445
2010-08-04,40.898319244384766
2010-08-05,40.80247116088867
2010-08-06,40.741485595703125
2010-08-09,41.020301818847656
2010-08-10,40.6630744934082
2010-08-11,39.5565299987793
2010-08-12,39.24290084838867
2010-08-13,38.964073181152344
2010-08-16,39.03376007080078
2010-08-17,39.530399322509766
2010-08-18,39.687232971191406
2010-08-19,39.086036682128906
2010-08-20,39.13831329345703
2010-08-23,38.75496292114258
2010-08-24,38.03178787231445
2010-08-25,38.3977165222168
2010-08-26,37.93594741821289
2010-08-27,38.3977165222168
2010-08-30,37.9969367980957
2010-08-31,37.86623764038086
2010-09-01,38.998905181884766
2010-09-02,39.43455123901367
2010-09-03,40.08802795410156
2010-09-07,39.81792449951172
2010-09-08,40.297122955322266
2010-09-09,40.4539680480957
2010-09-10,40.602073669433594
2010-09-13,41.16843032836914
2010-09-14,41.34267807006836
2010-09-15,41.604061126708984
2010-09-16,41.769596099853516
2010-09-17,41.91110610961914
2010-09-20,42.64468002319336
2010-09-21,42.63595199584961
2010-09-22,42.52242660522461
2010-09-23,42.50493240356445
2010-09-24,43.36956024169922
2010-09-27,43.13374710083008
2010-09-28,43.11628341674805
2010-09-29,43.04642105102539
2010-09-30,42.85430145263672
2010-10-01,42.80188751220703
2010-10-04,42.33900833129883
2010-10-05,43.36956024169922
2010-10-06,42.9940185546875
2010-10-07,43.15122604370117
2010-10-08,43.44815444946289
2010-10-11,43.46561813354492
2010-10-12,43.76255416870117
2010-10-13,44.12061309814453
2010-10-14,44.03327941894531
2010-10-15,44.967742919921875
2010-10-18,44.801815032958984
2010-10-19,44.382625579833984
2010-10-20,44.70573806762695
2010-10-21,44.793087005615234
2010-10-22,45.098751068115234
2010-10-25,45.31708526611328
2010-10-26,45.43933868408203
2010-10-27,45.57908630371094
2010-10-28,45.67515182495117
2010-10-29,45.57034683227539
2010-11-01,45.60527801513672
2010-11-02,46.094337463378906
2010-11-03,46.30392837524414
2010-11-04,46.871612548828125
2010-11-05,46.871612548828125
2010-11-08,46.932743072509766
2010-11-09,46.67947769165039
2010-11-10,46.915283203125
2010-11-11,46.61833953857422
2010-11-12,45.858543395996094
2010-11-15,45.683868408203125
2010-11-16,44.932823181152344
2010-11-17,45.063819885253906
2010-11-18,45.78867721557617
2010-11-19,45.82360076904297
2010-11-22,46.207862854003906
2010-11-23,45.474281311035156
2010-11-24,46.39128112792969
2010-11-26,46.08561325073242
2010-11-29,46.05068588256836
2010-11-30,45.49174499511719
2010-12-01,46.45241928100586
2010-12-02,46.92399215698242
2010-12-03,47.046268463134766
2010-12-06,47.02881622314453
2010-12-07,47.05500793457031
2010-12-08,47.229679107666016
2010-12-09,47.27333450317383
2010-12-10,47.58774948120117
2010-12-13,47.42181396484375
2010-12-14,47.50913619995117
2010-12-15,47.299537658691406
2010-12-16,47.66632843017578
2010-12-17,47.70832824707031
2010-12-20,47.743350982666016
2010-12-21,48.032108306884766
2010-12-22,48.023353576660156
2010-12-23,47.90085220336914
2010-12-27,47.927093505859375
2010-12-28,47.83959197998047
2010-12-29,47.9445915222168
2010-12-30,47.83085250854492
2010-12-31,47.65583419799805
2011-01-03,48.3996467590332
2011-01-04,48.364627838134766
2011-01-05,48.77591323852539
2011-01-06,48.93341827392578
2011-01-07,48.8896598815918
2011-01-10,49.07343292236328
2011-01-11,49.1434326171875
2011-01-12,49.49346160888672
2011-01-13,49.510955810546875
2011-01-14,49.87849426269531
2011-01-18,50.018497467041016
2011-01-19,49.44971466064453
2011-01-20,49.09968185424805
2011-01-21,48.72340393066406
2011-01-24,49.39719772338867
2011-01-25,49.46721649169922
2011-01-26,49.7297248840332
2011-01-27,50.0359992980957
2011-01-28,48.76715087890625
2011-01-31,49.00341033935547
2011-02-01,49.9222297668457
2011-02-02,49.843482971191406
2011-02-03,49.930992126464844
2011-02-04,50.21099853515625
2011-02-07,50.44729232788086
2011-02-08,50.77981185913086
2011-02-09,50.692291259765625
2011-02-10,50.77104949951172
2011-02-11,51.13857650756836
2011-02-14,51.26108169555664
2011-02-15,51.19108581542969
2011-02-16,51.52359390258789
2011-02-17,51.506103515625
2011-02-18,51.3923454284668
2011-02-22,49.90474319458008
2011-02-23,49.49346160888672
2011-02-24,49.7559814453125
2011-02-25,50.44729232788086
2011-02-28,50.55228042602539
2011-03-01,49.73848342895508
2011-03-02,50.00101089477539
2011-03-03,50.98981475830078
2011-03-04,50.727298736572266
2011-03-07,50.04475402832031
2011-03-08,50.24603271484375
2011-03-09,49.90474319458008
2011-03-10,49.125938415527344
2011-03-11,49.43220520019531
2011-03-14,49.2571907043457
2011-03-15,48.55715560913086
2011-03-16,47.384559631347656
2011-03-17,47.82209396362305
2011-03-18,47.71432113647461
2011-03-21,48.63443374633789
2011-03-22,48.546775817871094
2011-03-23,48.81843948364258
2011-03-24,49.68598937988281
2011-03-25,49.80865478515625
2011-03-28,49.5369987487793
2011-03-29,50.018978118896484
2011-03-30,50.25555419921875
2011-03-31,50.325679779052734
2011-04-01,50.351959228515625
2011-04-04,50.18547058105469
2011-04-05,50.05401611328125
2011-04-06,50.17669677734375
2011-04-07,50.141658782958984
2011-04-08,49.905052185058594
2011-04-11,49.73856735229492
2011-04-12,49.396812438964844
2011-04-13,49.81742477416992
2011-04-14,49.72978973388672
2011-04-15,49.64216613769531
2011-04-18,49.29164123535156
2011-04-19,49.59834289550781
2011-04-20,50.720027923583984
2011-04-21,51.123111724853516
2011-04-25,51.254547119140625
2011-04-26,51.543739318847656
2011-04-27,51.89425277709961
2011-04-28,51.81538391113281
2011-04-29,51.77155303955078
2011-05-02,51.675174713134766
2011-05-03,51.42979049682617
2011-05-04,51.35093307495117
2011-05-05,51.07052230834961
2011-05-06,51.23701095581055
2011-05-09,51.42979049682617
2011-05-10,51.867958068847656
2011-05-11,51.49115753173828
2011-05-12,51.79784393310547
2011-05-13,51.18444061279297
2011-05-16,50.29938888549805
2011-05-17,50.439598083496094
2011-05-18,50.8602294921875
2011-05-19,51.00918197631836
2011-05-20,50.62361526489258
2011-05-23,49.87876510620117
2011-05-24,49.57205581665039
2011-05-25,49.76485061645508
2011-05-26,50.07155227661133
2011-05-27,50.325679779052734
2011-05-31,51.14061737060547
2011-06-01,50.02773666381836
2011-06-02,50.13288116455078
2011-06-03,49.379276275634766
2011-06-06,48.97616958618164
2011-06-07,48.88856506347656
2011-06-08,48.53802490234375
2011-06-09,48.625667572021484
2011-06-10,47.88079833984375
2011-06-13,47.88079833984375
2011-06-14,48.494232177734375
2011-06-15,47.5741081237793
2011-06-16,47.39008331298828
2011-06-17,47.24164962768555
2011-06-20,47.48756408691406
2011-06-21,48.5063591003418
2011-06-22,48.15504455566406
2011-06-23,48.60297393798828
2011-06-24,47.759822845458984
2011-06-27,48.523921966552734
2011-06-28,49.24409103393555
2011-06-29,49.44608688354492
2011-06-30,50.10477828979492
2011-07-01,50.8600959777832
2011-07-05,51.114776611328125
2011-07-06,51.28166961669922
2011-07-07,51.98427200317383
2011-07-08,51.84373092651367
2011-07-11,50.904014587402344
2011-07-12,50.517574310302734
2011-07-13,50.72835159301758
2011-07-14,50.13991928100586
2011-07-15,50.80739212036133
2011-07-18,50.535133361816406
2011-07-19,51.68564987182617
2011-07-20,51.46609115600586
2011-07-21,51.80863571166992
2011-07-22,52.344356536865234
2011-07-25,52.238956451416016
2011-07-26,52.37069320678711
2011-07-27,51.01818084716797
2011-07-28,51.10600662231445
2011-07-29,50.93913650512695
2011-08-01,50.702022552490234
2011-08-02,49.41975021362305
2011-08-03,49.894020080566406
2011-08-04,47.57539367675781
2011-08-05,47.276790618896484
2011-08-08,44.43122863769531
2011-08-09,46.57417297363281
2011-08-10,44.668365478515625
2011-08-11,46.635677337646484
2011-08-12,47.04844665527344
2011-08-15,47.74226760864258
2011-08-16,47.3382682800293
2011-08-17,47.05723571777344
2011-08-18,44.74739074707031
2011-08-19,43.93940353393555
2011-08-22,44.09747314453125
2011-08-23,45.91548156738281
2011-08-24,46.27555847167969
2011-08-25,45.52027130126953
2011-08-26,46.66201400756836
2011-08-29,47.961830139160156
2011-08-30,48.27800369262695
2011-08-31,48.3570556640625
2011-09-01,47.91792678833008
2011-09-02,46.793739318847656
2011-09-06,46.802520751953125
2011-09-07,47.98816680908203
2011-09-08,47.768619537353516
2011-09-09,46.7059211730957
2011-09-12,47.303138732910156
2011-09-13,47.935489654541016
2011-09-14,48.62051773071289
2011-09-15,49.34070587158203
2011-09-16,49.792972564697266
2011-09-19,49.8105583190918
2011-09-20,49.590599060058594
2011-09-21,48.72829055786133
2011-09-22,47.14449691772461
2011-09-23,47.64603805541992
2011-09-26,48.20036315917969
2011-09-27,48.7018928527832
2011-09-28,47.98038101196289
2011-09-29,47.40847396850586
2011-09-30,46.1854248046875
2011-10-03,44.99756622314453
2011-10-04,45.92145538330078
2011-10-05,47.100502014160156
2011-10-06,47.892417907714844
2011-10-07,47.57563018798828
2011-10-10,49.22102737426758
2011-10-11,49.55540084838867
2011-10-12,49.80177688598633
2011-10-13,50.25931167602539
2011-10-14,51.19198989868164
2011-10-17,50.40009307861328
2011-10-18,51.024810791015625
2011-10-19,50.039337158203125
2011-10-20,49.792972564697266
2011-10-21,50.417694091796875
2011-10-24,51.46476364135742
2011-10-25,50.45288848876953
2011-10-26,50.39129638671875
2011-10-27,51.78151321411133
2011-10-28,51.86070251464844
2011-10-31,50.9896240234375
2011-11-01,49.66098403930664
2011-11-02,50.08333206176758
2011-11-03,51.121585845947266
2011-11-04,50.857627868652344
2011-11-07,51.21839141845703
2011-11-08,51.80791473388672
2011-11-09,49.986549377441406
2011-11-10,49.96014404296875
2011-11-11,50.90162658691406
2011-11-14,50.58486557006836
2011-11-15,51.14799118041992
2011-11-16,50.303287506103516
2011-11-17,49.12425231933594
2011-11-18,48.745880126953125
2011-11-21,47.8132209777832
2011-11-22,47.97160339355469
2011-11-23,46.88933181762695
2011-11-25,46.528568267822266
2011-11-28,48.1475715637207
2011-11-29,47.84839630126953
2011-11-30,49.61699676513672
2011-12-01,49.96014404296875
2011-12-02,49.819358825683594
2011-12-05,50.36489486694336
2011-12-06,50.22411346435547
2011-12-07,50.22411346435547
2011-12-08,49.379425048828125
2011-12-09,50.17131805419922
2011-12-12,49.608177185058594
2011-12-13,49.062644958496094
2011-12-14,48.29716110229492
2011-12-15,48.165184020996094
2011-12-16,48.41315460205078
2011-12-19,47.93659210205078
2011-12-20,49.357391357421875
2011-12-21,48.65141296386719
2011-12-22,49.06619644165039
2011-12-23,49.48978805541992
2011-12-27,49.67438888549805
2011-12-28,49.10026550292969
2011-12-29,49.45356369018555
2011-12-30,49.3122444152832
2012-01-03,50.25733184814453
2012-01-04,50.469322204589844
2012-01-05,50.884456634521484
2012-01-06,51.06110382080078
2012-01-09,50.89328384399414
2012-01-10,51.264251708984375
2012-01-11,51.3702392578125
2012-01-12,51.57338333129883
2012-01-13,51.387916564941406
2012-01-17,51.85601806640625
2012-01-18,52.544986724853516
2012-01-19,52.87177658081055
2012-01-20,52.79228591918945
2012-01-23,52.809940338134766
2012-01-24,52.71278381347656
2012-01-25,53.37521743774414
2012-01-26,53.18975067138672
2012-01-27,53.34873580932617
2012-01-30,53.392879486083984
2012-01-31,53.46355438232422
2012-02-01,53.8963508605957
2012-02-02,54.064170837402344
2012-02-03,54.806095123291016
2012-02-06,54.76194381713867
2012-02-07,54.876773834228516
2012-02-08,55.16823196411133
2012-02-09,55.56570816040039
2012-02-10,55.17706298828125
2012-02-13,55.689353942871094
2012-02-14,55.830692291259766
2012-02-15,55.44204330444336
2012-02-16,56.201656341552734
2012-02-17,56.0250129699707
2012-02-21,56.183990478515625
2012-02-22,55.9278450012207
2012-02-23,56.29882049560547
2012-02-24,56.493133544921875
2012-02-27,56.57261276245117
2012-02-28,57.146728515625
2012-02-29,56.89059829711914
2012-03-01,57.34104537963867
2012-03-02,57.296897888183594
2012-03-05,56.7050895690918
2012-03-06,56.148651123046875
2012-03-07,56.58143615722656
2012-03-08,57.19090270996094
2012-03-09,57.429351806640625
2012-03-12,57.45587921142578
2012-03-13,58.52461624145508
2012-03-14,58.7277717590332
2012-03-15,58.895591735839844
2012-03-16,58.85401916503906
2012-03-19,59.26984786987305
2012-03-20,59.375999450683594
2012-03-21,59.384864807128906
2012-03-22,59.260982513427734
2012-03-23,59.22559356689453
2012-03-26,60.26074981689453
2012-03-27,60.34925842285156
2012-03-28,60.11036682128906
2012-03-29,59.88031768798828
2012-03-30,59.76530456542969
2012-04-02,60.3846435546875
2012-04-03,60.36692810058594
2012-04-04,59.54411315917969
2012-04-05,59.915706634521484
2012-04-09,59.46448516845703
2012-04-10,58.50896072387695
2012-04-11,58.79207229614258
2012-04-12,59.46448516845703
2012-04-13,58.56205749511719
2012-04-16,57.90729904174805
2012-04-17,59.08404541015625
2012-04-18,58.93361282348633
2012-04-19,58.27008056640625
2012-04-20,58.110801696777344
2012-04-23,57.5799446105957
2012-04-24,57.270286560058594
2012-04-25,58.79207229614258
2012-04-26,59.137123107910156
2012-04-27,59.491024017333984
2012-04-30,59.06633758544922
2012-05-01,59.16368103027344
2012-05-02,59.331787109375
2012-05-03,58.703575134277344
2012-05-04,57.24375534057617
2012-05-07,57.29684829711914
2012-05-08,57.08449172973633
2012-05-09,56.90753936767578
2012-05-10,56.79251480102539
2012-05-11,56.783668518066406
2012-05-14,56.25282669067383
2012-05-15,56.0670280456543
2012-05-16,55.68657302856445
2012-05-17,54.50983810424805
2012-05-18,53.80204391479492
2012-05-21,55.30612564086914
2012-05-22,55.24419403076172
2012-05-23,55.350345611572266
2012-05-24,54.987613677978516
2012-05-25,54.91683578491211
2012-05-29,55.615787506103516
2012-05-30,55.14687728881836
2012-05-31,54.907997131347656
2012-06-01,53.44814682006836
2012-06-04,53.855133056640625
2012-06-05,54.07632064819336
2012-06-06,55.31499099731445
2012-06-07,55.09379577636719
2012-06-08,55.62464904785156
2012-06-11,54.68680191040039
2012-06-12,55.350345611572266
2012-06-13,54.96992874145508
2012-06-14,55.17341613769531
2012-06-15,55.85890197753906
2012-06-18,56.382110595703125
2012-06-19,56.96739959716797
2012-06-20,57.011722564697266
2012-06-21,55.592864990234375
2012-06-22,56.178138732910156
2012-06-25,55.09626388549805
2012-06-26,55.44212341308594
2012-06-27,55.77909469604492
2012-06-28,55.158348083496094
2012-06-29,56.89645004272461
2012-07-02,57.0649528503418
2012-07-03,57.54380416870117
2012-07-05,57.57927703857422
2012-07-06,56.86096954345703
2012-07-09,56.75457000732422
2012-07-10,56.19587707519531
2012-07-11,55.885501861572266
2012-07-12,55.36228942871094
2012-07-13,56.20475769042969
2012-07-16,56.045135498046875
2012-07-17,56.33775329589844
2012-07-18,57.10041809082031
2012-07-19,57.73003005981445
2012-07-20,56.96739959716797
2012-07-23,56.27569580078125
2012-07-24,55.83229446411133
2012-07-25,55.459835052490234
2012-07-26,56.19587707519531
2012-07-27,57.52608108520508
2012-07-30,57.481712341308594
2012-07-31,57.46399688720703
2012-08-01,57.29550552368164
2012-08-02,57.09152603149414
2012-08-03,58.17342758178711
2012-08-06,58.616817474365234
2012-08-07,59.104557037353516
2012-08-08,59.07794952392578
2012-08-09,59.25530242919922
2012-08-10,59.290775299072266
2012-08-13,59.43266677856445
2012-08-14,59.45926284790039
2012-08-15,59.61002731323242
2012-08-16,60.3194694519043
2012-08-17,60.58550262451172
2012-08-20,60.674156188964844
2012-08-21,60.43473815917969
2012-08-22,60.68303680419922
2012-08-23,60.18647003173828
2012-08-24,60.55891418457031
2012-08-27,60.656436920166016
2012-08-28,60.656436920166016
2012-08-29,60.656436920166016
2012-08-30,60.04454803466797
2012-08-31,60.44363021850586
2012-09-04,60.38153839111328
2012-09-05,60.3194694519043
2012-09-06,61.65852355957031
2012-09-07,61.569801330566406
2012-09-10,60.780582427978516
2012-09-11,60.68303680419922
2012-09-12,60.86039733886719
2012-09-13,61.68512725830078
2012-09-14,62.234893798828125
2012-09-17,62.26153564453125
2012-09-18,62.31474685668945
2012-09-19,62.43003463745117
2012-09-20,62.36796569824219
2012-09-21,62.38573455810547
2012-09-24,62.02110290527344
2012-09-25,61.14957809448242
2012-09-26,60.65156936645508
2012-09-27,61.487525939941406
2012-09-28,60.9805793762207
2012-10-01,60.89167022705078
2012-10-02,61.06949996948242
2012-10-03,61.46085739135742
2012-10-04,61.67425537109375
2012-10-05,61.345211029052734
2012-10-08,60.784934997558594
2012-10-09,59.81560134887695
2012-10-10,59.51322937011719
2012-10-11,59.32646179199219
2012-10-12,59.29978942871094
2012-10-15,59.73554229736328
2012-10-16,60.580379486083984
2012-10-17,60.544830322265625
2012-10-18,59.84225845336914
2012-10-19,58.410465240478516
2012-10-22,58.712833404541016
2012-10-23,58.152549743652344
2012-10-24,57.948036193847656
2012-10-25,57.948036193847656
2012-10-26,58.11699676513672
2012-10-31,57.76126480102539
2012-11-01,58.57944869995117
2012-11-02,57.9569091796875
2012-11-05,58.33932876586914
2012-11-06,58.446044921875
2012-11-07,57.067604064941406
2012-11-08,56.16938781738281
2012-11-09,56.409515380859375
2012-11-12,56.400611877441406
2012-11-13,56.009307861328125
2012-11-14,55.35120391845703
2012-11-15,55.16447448730469
2012-11-16,55.404571533203125
2012-11-19,56.72075653076172
2012-11-20,56.73855972290039
2012-11-21,56.854148864746094
2012-11-23,57.71680450439453
2012-11-26,57.965824127197266
2012-11-27,57.770164489746094
2012-11-28,58.26815414428711
2012-11-29,58.6150016784668
2012-11-30,58.51720428466797
2012-12-03,58.40156936645508
2012-12-04,58.36602020263672
2012-12-05,57.71680450439453
2012-12-06,58.090328216552734
2012-12-07,57.74348449707031
2012-12-10,57.91245651245117
2012-12-11,58.668373107910156
2012-12-12,58.54387664794922
2012-12-13,58.08142852783203
2012-12-14,57.530033111572266
2012-12-17,58.29487228393555
2012-12-18,59.18417739868164
2012-12-19,58.92628479003906
2012-12-20,58.92628479003906
2012-12-21,58.30654525756836
2012-12-24,58.190284729003906
2012-12-26,57.68056106567383
2012-12-27,57.59113311767578
2012-12-28,57.036678314208984
2012-12-31,58.24393844604492
2013-01-02,60.09510040283203
2013-01-03,59.7821044921875
2013-01-04,59.5853385925293
2013-01-07,59.60323715209961
2013-01-08,59.48698043823242
2013-01-09,59.71055603027344
2013-01-10,60.06825256347656
2013-01-11,60.148738861083984
2013-01-14,59.88047790527344
2013-01-15,59.5853385925293
2013-01-16,59.82682418823242
2013-01-17,60.11296844482422
2013-01-18,59.97883987426758
2013-01-22,60.07719802856445
2013-01-23,60.44384002685547
2013-01-24,59.61220169067383
2013-01-25,59.916229248046875
2013-01-28,60.05036926269531
2013-01-29,60.05931854248047
2013-01-30,59.93412399291992
2013-01-31,59.79997634887695
2013-02-01,60.50645065307617
2013-02-04,59.45122146606445
2013-02-05,60.327598571777344
2013-02-06,60.13084030151367
2013-02-07,60.18452453613281
2013-02-08,60.801578521728516
2013-02-11,60.8194465637207
2013-02-12,60.569053649902344
2013-02-13,60.78366470336914
2013-02-14,60.76579284667969
2013-02-15,60.58692932128906
2013-02-19,61.025123596191406
2013-02-20,60.08613204956055
2013-02-21,59.4422607421875
2013-02-22,60.04143524169922
2013-02-25,59.2991943359375
2013-02-26,59.52274703979492
2013-02-27,60.13084030151367
2013-02-28,60.005680084228516
2013-03-01,60.25606155395508
2013-03-04,60.52434158325195
2013-03-05,61.41860580444336
2013-03-06,61.26659393310547
2013-03-07,61.42757797241211
2013-03-08,61.49909210205078
2013-03-11,61.67795181274414
2013-03-12,61.45438003540039
2013-03-13,61.37390899658203
2013-03-14,61.579559326171875
2013-03-15,61.408382415771484
2013-03-18,61.2739143371582
2013-03-19,61.15741729736328
2013-03-20,61.587642669677734
2013-03-21,60.88850784301758
2013-03-22,61.4800910949707
2013-03-25,61.256004333496094
2013-03-26,61.587642669677734
2013-03-27,61.668304443359375
2013-03-28,61.82069778442383
2013-04-01,61.39939498901367
2013-04-02,61.883453369140625
2013-04-03,61.318763732910156
2013-04-04,61.33666229248047
2013-04-05,60.82575988769531
2013-04-08,61.14845657348633
2013-04-09,61.560752868652344
2013-04-10,62.761863708496094
2013-04-11,62.734962463378906
2013-04-12,62.69017028808594
2013-04-15,61.453189849853516
2013-04-16,62.26887512207031
2013-04-17,61.04985046386719
2013-04-18,60.207271575927734
2013-04-19,61.03190612792969
2013-04-22,61.65937042236328
2013-04-23,62.25093460083008
2013-04-24,62.224056243896484
2013-04-25,62.55571365356445
2013-04-26,62.358516693115234
2013-04-29,62.932167053222656
2013-04-30,63.38930892944336
2013-05-01,63.093509674072266
2013-05-02,63.8912353515625
2013-05-03,64.64414978027344
2013-05-06,64.89518737792969
2013-05-07,64.85929870605469
2013-05-08,65.17300415039062
2013-05-09,65.08340454101562
2013-05-10,65.47776794433594
2013-05-13,65.55844116210938
2013-05-14,65.8990478515625
2013-05-15,66.03348541259766
2013-05-16,65.96176147460938
2013-05-17,66.59821319580078
2013-05-20,66.49957275390625
2013-05-21,66.57129669189453
2013-05-22,65.9886703491211
2013-05-23,65.83631896972656
2013-05-24,65.80046081542969
2013-05-28,66.23068237304688
2013-05-29,65.91698455810547
2013-05-30,66.26654052734375
2013-05-31,65.65704345703125
2013-06-03,65.77359008789062
2013-06-04,65.43293762207031
2013-06-05,64.5814437866211
2013-06-06,64.89518737792969
2013-06-07,65.78252410888672
2013-06-10,65.80944061279297
2013-06-11,65.15510559082031
2013-06-12,64.40214538574219
2013-06-13,65.21781921386719
2013-06-14,64.78758239746094
2013-06-17,65.41502380371094
2013-06-18,65.95285034179688
2013-06-19,65.21781921386719
2013-06-20,63.66717529296875
2013-06-21,63.329063415527344
2013-06-24,62.69965362548828
2013-06-25,63.15822219848633
2013-06-26,63.72471237182617
2013-06-27,63.994449615478516
2013-06-28,64.08438873291016
2013-07-01,64.48001861572266
2013-07-02,64.50696563720703
2013-07-03,64.76777648925781
2013-07-05,65.2623062133789
2013-07-08,65.32526397705078
2013-07-09,65.72089385986328
2013-07-10,66.09855651855469
2013-07-11,67.41133880615234
2013-07-12,67.70806884765625
2013-07-15,67.86093139648438
2013-07-16,67.77099609375
2013-07-17,67.94181060791016
2013-07-18,67.77099609375
2013-07-19,67.06962585449219
2013-07-22,67.26748657226562
2013-07-23,66.77290344238281
2013-07-24,66.98873138427734
2013-07-25,67.41133880615234
2013-07-26,67.77099609375
2013-07-29,67.64512634277344
2013-07-30,68.0047836303711
2013-07-31,68.13066864013672
2013-08-01,68.82304382324219
2013-08-02,69.20967102050781
2013-08-05,69.25465393066406
2013-08-06,68.84101867675781
2013-08-07,68.71516418457031
2013-08-08,69.05683135986328
2013-08-09,68.77809143066406
2013-08-12,68.93991088867188
2013-08-13,69.32659912109375
2013-08-14,69.0658187866211
2013-08-15,67.89689636230469
2013-08-16,67.8698959350586
2013-08-19,67.75300598144531
2013-08-20,68.04976654052734
2013-08-21,67.81594848632812
2013-08-22,68.48137664794922
2013-08-23,68.93991088867188
2013-08-26,68.97590637207031
2013-08-27,67.564208984375
2013-08-28,67.82494354248047
2013-08-29,68.301513671875
2013-08-30,67.86093139648438
2013-09-03,68.24756622314453
2013-09-04,68.97590637207031
2013-09-05,69.09278106689453
2013-09-06,69.17372131347656
2013-09-09,69.98298645019531
2013-09-10,70.3246841430664
2013-09-11,70.18978118896484
2013-09-12,70.14484405517578
2013-09-13,70.18978118896484
2013-09-16,70.00094604492188
2013-09-17,70.46854400634766
2013-09-18,71.31377410888672
2013-09-19,71.48463439941406
2013-09-20,71.23928833007812
2013-09-23,71.09500885009766
2013-09-24,71.09500885009766
2013-09-25,70.85148620605469
2013-09-26,71.40162658691406
2013-09-27,71.31145477294922
2013-09-30,71.14010620117188
2013-10-01,71.861572265625
2013-10-02,71.83451080322266
2013-10-03,70.99580383300781
2013-10-04,71.60906219482422
2013-10-07,71.01383972167969
2013-10-08,69.64295959472656
2013-10-09,69.42655181884766
2013-10-10,70.8966064453125
2013-10-11,71.45577239990234
2013-10-14,71.96083068847656
2013-10-15,71.68121337890625
2013-10-16,72.492919921875
2013-10-17,72.90774536132812
2013-10-18,74.0892105102539
2013-10-21,74.25157165527344
2013-10-22,74.35980987548828
2013-10-23,73.90885162353516
2013-10-24,74.2335433959961
2013-10-25,74.76564025878906
2013-10-28,74.7836685180664
2013-10-29,74.9099349975586
2013-10-30,74.83778381347656
2013-10-31,74.66642761230469
2013-11-01,74.6844482421875
2013-11-04,74.7927017211914
2013-11-05,74.87384033203125
2013-11-06,74.85585021972656
2013-11-07,73.44889831542969
2013-11-08,74.44095611572266
2013-11-11,74.32372283935547
2013-11-12,74.44095611572266
2013-11-13,75.34286499023438
2013-11-14,75.57736206054688
2013-11-15,75.72161102294922
2013-11-18,74.98209381103516
2013-11-19,74.76564025878906
2013-11-20,74.58526611328125
2013-11-21,75.34286499023438
2013-11-22,75.74869537353516
2013-11-25,75.92906951904297
2013-11-26,76.32589721679688
2013-11-27,76.85803985595703
2013-11-29,77.3179702758789
2013-12-02,77.09246063232422
2013-12-03,77.02934265136719
2013-12-04,77.1014633178711
2013-12-05,77.0022964477539
2013-12-06,77.56147766113281
2013-12-09,77.87711334228516
2013-12-10,77.822998046875
2013-12-11,76.8219223022461
2013-12-12,76.62348937988281
2013-12-13,76.5243148803711
2013-12-16,76.94818878173828
2013-12-17,76.79487609863281
2013-12-18,77.68772888183594
2013-12-19,77.47125244140625
2013-12-20,78.26021575927734
2013-12-23,79.0835189819336
2013-12-24,79.11972045898438
2013-12-26,79.38208770751953
2013-12-27,79.18301391601562
2013-12-30,79.0654067993164
2013-12-31,79.58113098144531
2014-01-02,78.95687103271484
2014-01-03,78.38685607910156
2014-01-06,78.09736633300781
2014-01-07,78.8211441040039
2014-01-08,78.9930419921875
2014-01-09,78.73066711425781
2014-01-10,78.98401641845703
2014-01-13,77.8168716430664
2014-01-14,79.3006591796875
2014-01-15,79.95205688476562
2014-01-16,79.96111297607422
2014-01-17,79.50875854492188
2014-01-21,80.11491394042969
2014-01-22,80.32303619384766
2014-01-23,80.05158996582031
2014-01-24,78.47734832763672
2014-01-27,77.71736145019531
2014-01-28,77.67211151123047
2014-01-29,76.83975982666016
2014-01-30,78.26021575927734
2014-01-31,78.05211639404297
2014-02-03,76.26071166992188
2014-02-04,76.8216552734375
2014-02-05,76.62261199951172
2014-02-06,77.59976196289062
2014-02-07,78.98401641845703
2014-02-10,79.4363784790039
2014-02-11,80.34109497070312
2014-02-12,80.49491882324219
2014-02-13,81.0920639038086
2014-02-14,81.2549057006836
2014-02-18,81.65300750732422
2014-02-19,81.0920639038086
2014-02-20,81.4720458984375
2014-02-21,81.36345672607422
2014-02-24,81.79776000976562
2014-02-25,81.70728302001953
2014-02-26,81.63489532470703
2014-02-27,82.16455078125
2014-02-28,82.07372283935547
2014-03-03,81.46499633789062
2014-03-04,82.50072479248047
2014-03-05,82.72782897949219
2014-03-06,82.65511322021484
2014-03-07,82.24632263183594
2014-03-10,82.31898498535156
2014-03-11,81.96470642089844
2014-03-12,82.27359008789062
2014-03-13,81.1106948852539
2014-03-14,80.5565185546875
2014-03-17,81.26510620117188
2014-03-18,82.24632263183594
2014-03-19,81.80115509033203
2014-03-20,82.02826690673828
2014-03-21,81.04125213623047
2014-03-24,80.33097076416016
2014-03-25,80.59502410888672
2014-03-26,79.55696868896484
2014-03-27,79.11076354980469
2014-03-28,79.265625
2014-03-31,79.83016204833984
2014-04-01,81.23243713378906
2014-04-02,81.44186401367188
2014-04-03,80.79534149169922
2014-04-04,78.64639282226562
2014-04-07,77.89972686767578
2014-04-08,78.61908721923828
2014-04-09,79.96675872802734
2014-04-10,77.4899673461914
2014-04-11,76.58851623535156
2014-04-14,77.18949127197266
2014-04-15,77.44442749023438
2014-04-16,78.47339630126953
2014-04-17,78.49159240722656
2014-04-21,79.07435607910156
2014-04-22,79.7026596069336
2014-04-23,79.00152587890625
2014-04-24,79.75726318359375
2014-04-25,78.48249816894531
2014-04-28,78.7374496459961
2014-04-29,79.36576843261719
2014-04-30,79.57518768310547
2014-05-01,79.81192016601562
2014-05-02,79.66625213623047
2014-05-05,80.08509063720703
2014-05-06,79.04705810546875
2014-05-07,78.81942749023438
2014-05-08,78.74656677246094
2014-05-09,79.0379409790039
2014-05-12,80.34010314941406
2014-05-13,80.39473724365234
2014-05-14,79.97584533691406
2014-05-15,79.3475341796875
2014-05-16,79.8665771484375
2014-05-19,80.42204284667969
2014-05-20,80.13066101074219
2014-05-21,80.89552307128906
2014-05-22,81.25065612792969
2014-05-23,81.84252166748047
2014-05-27,82.86235046386719
2014-05-28,82.607421875
2014-05-29,83.13557434082031
2014-05-30,83.1446533203125
2014-06-02,83.06270599365234
2014-06-03,83.02627563476562
2014-06-04,83.33587646484375
2014-06-05,84.03702545166016
2014-06-06,84.51959228515625
2014-06-09,84.45587921142578
2014-06-10,84.6015625
2014-06-11,84.58335876464844
2014-06-12,83.81845092773438
2014-06-13,84.06431579589844
2014-06-16,84.13721466064453
2014-06-17,84.18269348144531
2014-06-18,84.65621185302734
2014-06-19,84.6015625
2014-06-20,84.70103454589844
2014-06-23,84.71934509277344
2014-06-24,84.63719177246094
2014-06-25,85.17587280273438
2014-06-26,85.22148895263672
2014-06-27,85.59581756591797
2014-06-30,85.74193572998047
2014-07-01,86.68233489990234
2014-07-02,86.82844543457031
2014-07-03,87.37626647949219
2014-07-07,87.1114730834961
2014-07-08,86.06147003173828
2014-07-09,86.70059204101562
2014-07-10,86.42671966552734
2014-07-11,86.983642578125
2014-07-14,87.50405883789062
2014-07-15,87.2027816772461
2014-07-16,87.54972076416016
2014-07-17,86.39020538330078
2014-07-18,87.75969696044922
2014-07-21,87.650146484375
2014-07-22,88.20711517333984
2014-07-23,88.773193359375
2014-07-24,88.67272186279297
2014-07-25,88.32576751708984
2014-07-28,88.35314178466797
2014-07-29,88.1979751586914
2014-07-30,88.54489135742188
2014-07-31,86.75537872314453
2014-08-01,86.4358139038086
2014-08-04,87.02931213378906
2014-08-05,86.36278533935547
2014-08-06,86.29888916015625
2014-08-07,86.02498626708984
2014-08-08,86.64579772949219
2014-08-11,87.15711212158203
2014-08-12,87.12055969238281
2014-08-13,88.04273223876953
2014-08-14,88.49925231933594
2014-08-15,88.92835998535156
2014-08-18,89.61314392089844
2014-08-19,90.11531066894531
2014-08-20,90.11531066894531
2014-08-21,90.29794311523438
2014-08-22,90.43486785888672
2014-08-25,90.75442504882812
2014-08-26,90.84573364257812
2014-08-27,90.86398315429688
2014-08-28,90.7635498046875
2014-08-29,91.10137939453125
2014-09-02,91.36613464355469
2014-09-03,90.82747650146484
2014-09-04,90.74529266357422
2014-09-05,91.20182800292969
2014-09-08,91.375244140625
2014-09-09,90.61748504638672
2014-09-10,91.36613464355469
2014-09-11,91.29310607910156
2014-09-12,90.82747650146484
2014-09-15,89.9509506225586
2014-09-16,90.73612213134766
2014-09-17,90.87311553955078
2014-09-18,91.55786895751953
2014-09-19,91.50115966796875
2014-09-22,90.65000915527344
2014-09-23,90.40292358398438
2014-09-24,91.37300872802734
2014-09-25,89.4510726928711
2014-09-26,90.40292358398438
2014-09-29,90.283935546875
2014-09-30,90.41206359863281
2014-10-01,88.966064453125
2014-10-02,88.966064453125
2014-10-03,89.84465789794922
2014-10-06,89.65242767333984
2014-10-07,88.38034057617188
2014-10-08,90.1008529663086
2014-10-09,88.64569091796875
2014-10-10,86.43096160888672
2014-10-13,85.07645416259766
2014-10-14,85.08560943603516
2014-10-15,84.53650665283203
2014-10-16,84.00567626953125
2014-10-17,85.11308288574219
2014-10-20,86.38519287109375
2014-10-21,88.65486145019531
2014-10-22,88.197265625
2014-10-23,89.52430725097656
2014-10-24,90.25650024414062
2014-10-27,90.32056427001953
2014-10-28,91.6841812133789
2014-10-29,91.3455581665039
2014-10-30,91.5377426147461
2014-10-31,92.80071258544922
2014-11-03,93.07527923583984
2014-11-04,92.76411437988281
2014-11-05,92.77324676513672
2014-11-06,93.06610870361328
2014-11-07,92.98374938964844
2014-11-10,93.31321716308594
2014-11-11,93.60609436035156
2014-11-12,93.77084350585938
2014-11-13,94.17353057861328
2014-11-14,94.46635437011719
2014-11-17,94.18266296386719
2014-11-18,94.88731384277344
2014-11-19,94.45726013183594
2014-11-20,94.87820434570312
2014-11-21,95.0612564086914
2014-11-24,95.80253601074219
2014-11-25,95.94898986816406
2014-11-26,96.57131958007812
2014-11-28,97.019775390625
2014-12-01,95.92153930664062
2014-12-02,96.30590057373047
2014-12-03,96.47981262207031
2014-12-04,96.43404388427734
2014-12-05,96.44318389892578
2014-12-08,95.7568130493164
2014-12-09,96.05879974365234
2014-12-10,94.54875946044922
2014-12-11,94.99718475341797
2014-12-12,93.9630126953125
2014-12-15,92.99290466308594
2014-12-16,91.50115966796875
2014-12-17,93.16678619384766
2014-12-18,95.40901184082031
2014-12-19,95.82884216308594
2014-12-22,96.06766510009766
2014-12-23,95.72777557373047
2014-12-24,95.8104476928711
2014-12-26,96.4902114868164
2014-12-29,96.47183227539062
2014-12-30,95.82884216308594
2014-12-31,94.84593200683594
2015-01-02,94.56114196777344
2015-01-05,93.17406463623047
2015-01-06,91.92478942871094
2015-01-07,93.10977935791016
2015-01-08,94.89186096191406
2015-01-09,94.2672119140625
2015-01-12,93.2843017578125
2015-01-13,93.25670623779297
2015-01-14,92.74230194091797
2015-01-15,91.53895568847656
2015-01-16,92.61371612548828
2015-01-20,93.34858703613281
2015-01-21,93.82626342773438
2015-01-22,95.56245422363281
2015-01-23,95.77369689941406
2015-01-26,95.6634750366211
2015-01-27,93.18321228027344
2015-01-28,92.70555114746094
2015-01-29,93.59661102294922
2015-01-30,92.87091064453125
2015-02-02,93.67928314208984
2015-02-03,94.57951354980469
2015-02-04,94.496826171875
2015-02-05,95.31441497802734
2015-02-06,94.73564910888672
2015-02-09,94.43252563476562
2015-02-10,95.90232849121094
2015-02-11,96.25138092041016
2015-02-12,97.3720932006836
2015-02-13,98.20801544189453
2015-02-17,98.29985809326172
2015-02-18,98.43768310546875
2015-02-19,98.92451477050781
2015-02-20,99.58592224121094
2015-02-23,99.68695831298828
2015-02-24,99.76043701171875
2015-02-25,99.51243591308594
2015-02-26,100.0176773071289
2015-02-27,99.57672882080078
2015-03-02,100.4769515991211
2015-03-03,100.00848388671875
2015-03-04,99.62266540527344
2015-03-05,99.79716491699219
2015-03-06,98.66731262207031
2015-03-09,98.95208740234375
2015-03-10,97.1148910522461
2015-03-11,96.55451965332031
2015-03-12,97.18836975097656
2015-03-13,96.76579284667969
2015-03-16,98.01512145996094
2015-03-17,98.17124938964844
2015-03-18,99.13579559326172
2015-03-19,99.28277587890625
2015-03-20,99.9254150390625
2015-03-23,99.7320785522461
2015-03-24,99.37303161621094
2015-03-25,97.09883880615234
2015-03-26,96.76737213134766
2015-03-27,97.15406799316406
2015-03-30,98.2681655883789
2015-03-31,97.22774505615234
2015-04-01,96.72137451171875
2015-04-02,96.78579711914062
2015-04-06,97.57760620117188
2015-04-07,97.4118881225586
2015-04-08,98.18525695800781
2015-04-09,98.80217742919922
2015-04-10,99.20729064941406
2015-04-13,98.95865631103516
2015-04-14,98.67323303222656
2015-04-15,99.29011535644531
2015-04-16,99.15203094482422
2015-04-17,97.60523223876953
2015-04-20,99.06916809082031
2015-04-21,99.49269104003906
2015-04-22,100.03592681884766
2015-04-23,100.41340637207031
2015-04-24,101.77607727050781
2015-04-27,101.5182876586914
2015-04-28,101.31571960449219
2015-04-29,100.68042755126953
2015-04-30,99.0968017578125
2015-05-01,100.40420532226562
2015-05-04,100.56995391845703
2015-05-05,98.93103790283203
2015-05-06,98.24970245361328
2015-05-07,98.83899688720703
2015-05-08,100.07274627685547
2015-05-11,99.68605041503906
2015-05-12,99.23487854003906
2015-05-13,99.43746185302734
2015-05-14,100.89220428466797
2015-05-15,100.89220428466797
2015-05-18,101.33411407470703
2015-05-19,101.22364044189453
2015-05-20,101.28811645507812
2015-05-21,101.81287384033203
2015-05-22,101.71162414550781
2015-05-26,100.54230499267578
2015-05-27,102.16276550292969
2015-05-28,101.9325942993164
2015-05-29,101.3249282836914
2015-06-01,101.66557312011719
2015-06-02,101.34335327148438
2015-06-03,101.64717102050781
2015-06-04,100.87376403808594
2015-06-05,100.6343994140625
2015-06-08,99.61239624023438
2015-06-09,99.44666290283203
2015-06-10,100.8093032836914
2015-06-11,100.9566421508789
2015-06-12,100.12801361083984
2015-06-15,99.63079071044922
2015-06-16,100.17404174804688
2015-06-17,100.45022583007812
2015-06-18,101.9141845703125
2015-06-19,101.41032409667969
2015-06-22,102.15780639648438
2015-06-23,102.2408676147461
2015-06-24,101.71488189697266
2015-06-25,101.5118637084961
2015-06-26,100.83818054199219
2015-06-29,98.4572525024414
2015-06-30,98.80792999267578
2015-07-01,99.59233093261719
2015-07-02,99.62003326416016
2015-07-06,99.38929748535156
2015-07-07,99.63848876953125
2015-07-08,97.90354919433594
2015-07-09,97.84817504882812
2015-07-10,99.34318542480469
2015-07-13,101.08734130859375
2015-07-14,101.75177001953125
2015-07-15,101.86250305175781
2015-07-16,103.30213165283203
2015-07-17,104.82478332519531
2015-07-20,105.18470764160156
2015-07-21,105.12010955810547
2015-07-22,103.92965698242188
2015-07-23,103.54205322265625
2015-07-24,102.52693939208984
2015-07-27,101.67796325683594
2015-07-28,102.55464935302734
2015-07-29,102.94221496582031
2015-07-30,103.43133544921875
2015-07-31,103.31137084960938
2015-08-03,102.98837280273438
2015-08-04,102.7945556640625
2015-08-05,103.58821868896484
2015-08-06,101.92710876464844
2015-08-07,101.79792022705078
2015-08-10,102.960693359375
2015-08-11,101.64102935791016
2015-08-12,101.99171447753906
2015-08-13,101.82561492919922
2015-08-14,101.98245239257812
2015-08-17,102.83150482177734
2015-08-18,102.30548095703125
2015-08-19,101.63180541992188
2015-08-20,98.8171157836914
2015-08-21,94.4982681274414
2015-08-24,90.86231231689453
2015-08-25,90.5208740234375
2015-08-26,95.07969665527344
2015-08-27,97.48826599121094
2015-08-28,97.46981048583984
2015-08-31,96.26091766357422
2015-09-01,93.25244903564453
2015-09-02,95.88252258300781
2015-09-03,95.41189575195312
2015-09-04,94.27680969238281
2015-09-08,96.93455505371094
2015-09-09,95.84563446044922
2015-09-10,96.888427734375
2015-09-11,97.4236831665039
2015-09-14,97.12836456298828
2015-09-15,98.27268981933594
2015-09-16,98.8263931274414
2015-09-17,98.86328887939453
2015-09-18,97.45716857910156
2015-09-21,97.76242065429688
2015-09-22,96.30083465576172
2015-09-23,96.3748550415039
2015-09-24,96.02330780029297
2015-09-25,95.20923614501953
2015-09-28,92.4987564086914
2015-09-29,92.01771545410156
2015-09-30,94.13615417480469
2015-10-01,94.56168365478516
2015-10-02,96.21755981445312
2015-10-05,97.59596252441406
2015-10-06,97.13340759277344
2015-10-07,97.7162094116211
2015-10-08,98.10472869873047
2015-10-09,98.54877471923828
2015-10-12,98.7892837524414
2015-10-13,98.1510009765625
2015-10-14,97.99372863769531
2015-10-15,99.60335540771484
2015-10-16,100.01966857910156
2015-10-19,100.59319305419922
2015-10-20,100.0751724243164
2015-10-21,99.46456909179688
2015-10-22,101.49052429199219
2015-10-23,104.33052062988281
2015-10-26,104.3952865600586
2015-10-27,104.6080322265625
2015-10-28,105.47762298583984
2015-10-29,105.31109619140625
2015-10-30,104.8393325805664
2015-11-02,106.02340698242188
2015-11-03,106.39341735839844
2015-11-04,106.40270233154297
2015-11-05,106.11592102050781
2015-11-06,106.18993377685547
2015-11-09,105.06136322021484
2015-11-10,104.7930679321289
2015-11-11,104.66353607177734
2015-11-12,103.64595031738281
2015-11-13,101.61077880859375
2015-11-16,103.0724105834961
2015-11-17,103.13716888427734
2015-11-18,105.11685943603516
2015-11-19,105.19084167480469
2015-11-20,105.90315246582031
2015-11-23,105.5978775024414
2015-11-24,105.50537109375
2015-11-25,105.5978775024414
2015-11-27,105.74588775634766
2015-11-30,105.47762298583984
2015-12-01,106.5322036743164
2015-12-02,105.87540435791016
2015-12-03,104.08076477050781
2015-12-04,106.51371765136719
2015-12-07,106.03266143798828
2015-12-08,106.04193115234375
2015-12-09,104.43228149414062
2015-12-10,104.9040756225586
2015-12-11,102.4896011352539
2015-12-14,103.26667022705078
2015-12-15,103.895751953125
2015-12-16,105.44064331054688
2015-12-17,103.90497589111328
2015-12-18,101.91182708740234
2015-12-21,103.04389190673828
2015-12-22,103.72126007080078
2015-12-23,104.49140167236328
2015-12-24,104.47288513183594
2015-12-28,104.41717529296875
2015-12-29,106.05957794189453
2015-12-30,105.10383605957031
2015-12-31,103.7955093383789
2016-01-04,101.60562896728516
2016-01-05,101.42931365966797
2016-01-06,100.45503234863281
2016-01-07,97.30944061279297
2016-01-08,96.51143646240234
2016-01-11,96.8083724975586
2016-01-12,97.93115234375
2016-01-13,94.55355834960938
2016-01-14,96.56707763671875
2016-01-15,93.5699691772461
2016-01-19,93.77408599853516
2016-01-20,93.4864730834961
2016-01-21,93.57923889160156
2016-01-22,96.28874206542969
2016-01-25,94.85977172851562
2016-01-26,95.71343231201172
2016-01-27,93.3287353515625
2016-01-28,94.6463394165039
2016-01-29,96.62277221679688
2016-02-01,96.88260650634766
2016-02-02,94.78555297851562
2016-02-03,94.33086395263672
2016-02-04,94.32157135009766
2016-02-05,91.04608154296875
2016-02-08,89.65421295166016
2016-02-09,89.37583923339844
2016-02-10,89.71919250488281
2016-02-11,89.5892562866211
2016-02-12,90.95327758789062
2016-02-16,93.00396728515625
2016-02-17,95.11028289794922
2016-02-18,94.02465057373047
2016-02-19,94.30301666259766
2016-02-22,95.83405303955078
2016-02-23,94.25663757324219
2016-02-24,95.15668487548828
2016-02-25,96.09387969970703
2016-02-26,95.97323608398438
2016-02-29,95.11028289794922
2016-03-01,98.16312408447266
2016-03-02,98.20022583007812
2016-03-03,98.01464080810547
2016-03-04,98.0517349243164
2016-03-07,97.44861602783203
2016-03-08,96.6413345336914
2016-03-09,97.2630386352539
2016-03-10,97.11457824707031
2016-03-11,98.81262969970703
2016-03-14,98.97966003417969
2016-03-15,98.94253540039062
2016-03-16,99.8240737915039
2016-03-17,99.76836395263672
2016-03-18,99.92473602294922
2016-03-21,100.31561279296875
2016-03-22,100.6227035522461
2016-03-23,99.7944107055664
2016-03-24,99.82235717773438
2016-03-28,99.68274688720703
2016-03-29,101.28349304199219
2016-03-30,101.77672576904297
2016-03-31,101.62782287597656
2016-04-01,102.70738983154297
2016-04-04,102.31654357910156
2016-04-05,101.33000946044922
2016-04-06,102.99591064453125
2016-04-07,101.51615905761719
2016-04-08,101.44170379638672
2016-04-11,101.0694351196289
2016-04-12,101.91634368896484
2016-04-13,103.21924591064453
2016-04-14,103.22855377197266
2016-04-15,102.96797180175781
2016-04-18,103.51709747314453
2016-04-19,102.88422393798828
2016-04-20,102.96797180175781
2016-04-21,102.977294921875
2016-04-22,101.42310333251953
2016-04-25,101.42310333251953
2016-04-26,100.9298324584961
2016-04-27,100.12017059326172
2016-04-28,98.91031646728516
2016-04-29,98.38911437988281
2016-05-02,99.31979370117188
2016-05-03,98.3984603881836
2016-05-04,97.76561737060547
2016-05-05,97.7376708984375
2016-05-06,98.25888061523438
2016-05-09,98.53804016113281
2016-05-10,99.88749694824219
2016-05-11,98.98477172851562
2016-05-12,98.54736328125
2016-05-13,98.1844253540039
2016-05-16,99.41284942626953
2016-05-17,98.16576385498047
2016-05-18,98.51943969726562
2016-05-19,98.00755310058594
2016-05-20,99.08712768554688
2016-05-23,98.95684051513672
2016-05-24,100.93914794921875
2016-05-25,101.66504669189453
2016-05-26,101.96289825439453
2016-05-27,102.4933853149414
2016-05-31,102.68875122070312
2016-06-01,102.69808197021484
2016-06-02,102.91216278076172
2016-06-03,102.42821502685547
2016-06-06,102.8004379272461
2016-06-07,102.53987121582031
2016-06-08,102.7166976928711
2016-06-09,102.54920196533203
2016-06-10,101.38584899902344
2016-06-13,100.53898620605469
2016-06-14,100.53898620605469
2016-06-15,100.25045776367188
2016-06-16,100.54826354980469
2016-06-17,99.36972045898438
2016-06-20,99.9948959350586
2016-06-21,100.3121566772461
2016-06-22,100.069580078125
2016-06-23,101.49726104736328
2016-06-24,97.3167953491211
2016-06-27,95.38523864746094
2016-06-28,97.4754638671875
2016-06-29,99.20176696777344
2016-06-30,100.3495101928711
2016-07-01,100.85342407226562
2016-07-05,100.23751831054688
2016-07-06,101.05870056152344
2016-07-07,101.3573226928711
2016-07-08,102.92498016357422
2016-07-11,103.51284790039062
2016-07-12,104.03539276123047
2016-07-13,103.7834243774414
2016-07-14,104.49263000488281
2016-07-15,104.32467651367188
2016-07-18,105.01519775390625
2016-07-19,104.6325912475586
2016-07-20,105.85501861572266
2016-07-21,105.6124038696289
2016-07-22,106.05097961425781
2016-07-25,106.06029510498047
2016-07-26,106.18163299560547
2016-07-27,106.91879272460938
2016-07-28,107.29204559326172
2016-07-29,107.5253677368164
2016-08-01,108.09452819824219
2016-08-02,107.27337646484375
2016-08-03,107.62799835205078
2016-08-04,107.93592071533203
2016-08-05,108.97171020507812
2016-08-08,108.85038757324219
2016-08-09,109.10234832763672
2016-08-10,108.82238006591797
2016-08-11,109.2889404296875
2016-08-12,109.36360931396484
2016-08-15,109.83019256591797
2016-08-16,109.22367858886719
2016-08-17,109.41956329345703
2016-08-18,109.44760131835938
2016-08-19,109.41956329345703
2016-08-22,109.50357818603516
2016-08-23,109.69955444335938
2016-08-24,108.99034118652344
2016-08-25,108.81307220458984
2016-08-26,108.97171020507812
2016-08-29,109.12098693847656
2016-08-30,108.76640319824219
2016-08-31,108.6544189453125
2016-09-01,108.93435668945312
2016-09-02,109.2889404296875
2016-09-06,109.97015380859375
2016-09-07,110.03546905517578
2016-09-08,109.3916015625
2016-09-09,106.63884735107422
2016-09-12,108.55177307128906
2016-09-13,107.58130645751953
2016-09-14,108.09452819824219
2016-09-15,109.7741928100586
2016-09-16,109.72179412841797
2016-09-19,109.24472045898438
2016-09-20,109.45048522949219
2016-09-21,110.52631378173828
2016-09-22,111.40565490722656
2016-09-23,110.69469451904297
2016-09-26,109.76858520507812
2016-09-27,110.8537368774414
2016-09-28,111.04080963134766
2016-09-29,110.23626708984375
2016-09-30,111.05951690673828
2016-10-03,110.90050506591797
2016-10-04,110.73212432861328
2016-10-05,111.125
2016-10-06,111.06890106201172
2016-10-07,110.82564544677734
2016-10-10,111.52727508544922
2016-10-11,109.93694305419922
2016-10-12,109.8434066772461
2016-10-13,109.45048522949219
2016-10-14,109.58147430419922
2016-10-17,109.28214263916016
2016-10-18,110.25502014160156
2016-10-19,110.24568176269531
2016-10-20,110.1147232055664
2016-10-21,110.52631378173828
2016-10-24,111.85469055175781
2016-10-25,111.49919891357422
2016-10-26,110.74144744873047
2016-10-27,110.23626708984375
2016-10-28,109.5440673828125
2016-10-31,109.441162109375
2016-11-01,108.61797332763672
2016-11-02,107.74795532226562
2016-11-03,106.69084167480469
2016-11-04,106.31665802001953
2016-11-07,108.84246826171875
2016-11-08,109.55342102050781
2016-11-09,110.05859375
2016-11-10,108.28118133544922
2016-11-11,108.32794189453125
2016-11-14,107.23343658447266
2016-11-15,108.72085571289062
2016-11-16,109.3663101196289
2016-11-17,110.1614990234375
2016-11-18,109.74989318847656
2016-11-21,110.89112854003906
2016-11-22,111.2279052734375
2016-11-23,110.77887725830078
2016-11-25,111.1343765258789
2016-11-28,110.88179779052734
2016-11-29,111.26532745361328
2016-11-30,109.91825103759766
2016-12-01,108.01925659179688
2016-12-02,108.23438262939453
2016-12-05,109.07632446289062
2016-12-06,109.33828735351562
2016-12-07,110.72276306152344
2016-12-08,110.91921997070312
2016-12-09,111.78921508789062
2016-12-12,111.28404235839844
2016-12-13,112.68727111816406
2016-12-14,112.4533920288086
2016-12-15,112.63114166259766
2016-12-16,112.213623046875
2016-12-19,112.67333221435547
2016-12-20,113.1049575805664
2016-12-21,113.02050018310547
2016-12-22,112.70149993896484
2016-12-23,112.77656555175781
2016-12-27,113.3582763671875
2016-12-28,112.4763412475586
2016-12-29,112.3167953491211
2016-12-30,111.16277313232422
2017-01-03,112.15730285644531
2017-01-04,112.7671890258789
2017-01-05,113.40515899658203
2017-01-06,114.39971160888672
2017-01-09,114.77501678466797
2017-01-10,115.02835083007812
2017-01-11,115.33795166015625
2017-01-12,115.15968322753906
2017-01-13,115.55374908447266
2017-01-17,115.20658874511719
2017-01-18,115.4411849975586
2017-01-19,115.38485717773438
2017-01-20,115.63821411132812
2017-01-23,115.73201751708984
2017-01-24,116.5107650756836
2017-01-25,117.68354034423828
2017-01-26,117.80552673339844
2017-01-27,118.03071594238281
2017-01-30,117.11124420166016
2017-01-31,116.87665557861328
2017-02-01,117.68354034423828
2017-02-02,117.58036804199219
2017-02-03,117.91815185546875
2017-02-06,118.05885314941406
2017-02-07,118.490478515625
2017-02-08,118.6874771118164
2017-02-09,119.11907958984375
2017-02-10,119.51311492919922
2017-02-13,120.18865203857422
2017-02-14,120.59212493896484
2017-02-15,121.30517578125
2017-02-16,121.26763916015625
2017-02-17,121.79302978515625
2017-02-21,122.39352416992188
2017-02-22,122.4404296875
2017-02-23,121.98066711425781
2017-02-24,122.21529388427734
2017-02-27,122.36539459228516
2017-02-28,121.99009704589844
2017-03-01,123.32237243652344
2017-03-02,122.70314025878906
2017-03-03,122.92835235595703
2017-03-06,122.65623474121094
2017-03-07,122.4498519897461
2017-03-08,122.66561126708984
2017-03-09,122.75943756103516
2017-03-10,123.2755126953125
2017-03-13,123.48184967041016
2017-03-14,123.18164825439453
2017-03-15,123.94164276123047
2017-03-16,123.857177734375
2017-03-17,123.8139419555664
2017-03-20,123.92675018310547
2017-03-21,122.0463638305664
2017-03-22,122.87376403808594
2017-03-23,122.56348419189453
2017-03-24,122.81732940673828
2017-03-27,123.01478576660156
2017-03-28,123.76690673828125
2017-03-29,124.34043884277344
2017-03-30,124.5472640991211
2017-03-31,124.46267700195312
2017-04-03,124.38744354248047
2017-04-04,124.58486938476562
2017-04-05,124.07720184326172
2017-04-06,124.14299774169922
2017-04-07,124.07720184326172
2017-04-10,124.12419891357422
2017-04-11,123.58828735351562
2017-04-12,123.09002685546875
2017-04-13,122.60106658935547
2017-04-17,123.6164779663086
2017-04-18,123.428466796875
2017-04-19,123.62588500976562
2017-04-20,124.66010284423828
2017-04-21,124.63187408447266
2017-04-24,126.1362075805664
2017-04-25,127.0481948852539
2017-04-26,126.86956787109375
2017-04-27,127.63113403320312
2017-04-28,127.85674285888672
2017-05-01,128.994384765625
2017-05-02,129.21063232421875
2017-05-03,128.79693603515625
2017-05-04,128.84400939941406
2017-05-05,129.31410217285156
2017-05-08,129.5961151123047
2017-05-09,130.04745483398438
2017-05-10,130.12255859375
2017-05-11,130.0192108154297
2017-05-12,130.31068420410156
2017-05-15,130.72433471679688
2017-05-16,131.26963806152344
2017-05-17,127.9319839477539
2017-05-18,129.05078125
2017-05-19,129.5961151123047
2017-05-22,130.68670654296875
2017-05-23,130.81838989257812
2017-05-24,131.4200439453125
2017-05-25,132.5389862060547
2017-05-26,132.77398681640625
2017-05-30,132.88682556152344
2017-05-31,132.83978271484375
2017-06-01,133.35691833496094
2017-06-02,134.8800048828125
2017-06-05,134.85174560546875
2017-06-06,134.31593322753906
2017-06-07,134.8424072265625
2017-06-08,134.98341369628906
2017-06-09,131.60812377929688
2017-06-12,130.90296936035156
2017-06-13,131.96543884277344
2017-06-14,131.39183044433594
2017-06-15,130.80899047851562
2017-06-16,130.24139404296875
2017-06-19,132.4192352294922
2017-06-20,131.38217163085938
2017-06-21,132.6831817626953
2017-06-22,132.6454620361328
2017-06-23,133.15452575683594
2017-06-26,132.5323486328125
2017-06-27,130.12831115722656
2017-06-28,132.00436401367188
2017-06-29,129.7134552001953
2017-06-30,129.76065063476562
2017-07-03,128.3936309814453
2017-07-05,129.6569366455078
2017-07-06,128.48789978027344
2017-07-07,129.873779296875
2017-07-10,130.72227478027344
2017-07-11,131.08990478515625
2017-07-12,132.6454620361328
2017-07-13,132.93772888183594
2017-07-14,133.98419189453125
2017-07-17,134.0501251220703
2017-07-18,134.94581604003906
2017-07-19,135.7377166748047
2017-07-20,135.91677856445312
2017-07-21,135.8602294921875
2017-07-24,136.48245239257812
2017-07-25,136.13365173339844
2017-07-26,136.5767059326172
2017-07-27,135.7188262939453
2017-07-28,135.60572814941406
2017-07-31,135.03062438964844
2017-08-01,135.3417205810547
2017-08-02,135.70941162109375
2017-08-03,135.1814727783203
2017-08-04,135.42657470703125
2017-08-07,136.28448486328125
2017-08-08,136.04876708984375
2017-08-09,135.86964416503906
2017-08-10,132.95657348632812
2017-08-11,133.9652862548828
2017-08-14,135.6905517578125
2017-08-15,135.78482055664062
2017-08-16,136.02053833007812
2017-08-17,133.23934936523438
2017-08-18,133.14512634277344
2017-08-21,132.97544860839844
2017-08-22,135.0023651123047
2017-08-23,134.52151489257812
2017-08-24,134.1255340576172
2017-08-25,133.84278869628906
2017-08-28,134.25755310058594
2017-08-29,134.78553771972656
2017-08-30,136.3693389892578
2017-08-31,137.83058166503906
2017-09-01,137.64207458496094
2017-09-05,136.4070281982422
2017-09-06,136.82191467285156
2017-09-07,137.1423797607422
2017-09-08,135.95452880859375
2017-09-11,137.5194549560547
2017-09-12,137.84950256347656
2017-09-13,138.03799438476562
2017-09-14,137.22726440429688
2017-09-15,137.69862365722656
2017-09-18,137.5181884765625
2017-09-19,137.75436401367188
2017-09-20,137.32920837402344
2017-09-21,136.48829650878906
2017-09-22,136.3560333251953
2017-09-25,134.91993713378906
2017-09-26,135.26951599121094
2017-09-27,136.48829650878906
2017-09-28,136.4410858154297
2017-09-29,137.4236602783203
2017-10-02,137.5465087890625
2017-10-03,137.8394012451172
2017-10-04,137.97164916992188
2017-10-05,139.32273864746094
2017-10-06,139.51171875
2017-10-09,139.3511199951172
2017-10-10,139.4550018310547
2017-10-11,139.87074279785156
2017-10-12,139.6156768798828
2017-10-13,140.15419006347656
2017-10-16,140.6360321044922
2017-10-17,140.8155517578125
2017-10-18,140.64549255371094
2017-10-19,140.12583923339844
2017-10-20,140.50376892089844
2017-10-23,139.58729553222656
2017-10-24,139.823486328125
2017-10-25,139.29441833496094
2017-10-26,138.85035705566406
2017-10-27,142.8941192626953
2017-10-30,143.21539306640625
2017-10-31,143.75387573242188
2017-11-01,143.70669555664062
2017-11-02,143.4326934814453
2017-11-03,144.8121337890625
2017-11-06,145.3034210205078
2017-11-07,145.3885040283203
2017-11-08,145.97425842285156
2017-11-09,145.20896911621094
2017-11-10,145.1995086669922
2017-11-13,145.37901306152344
2017-11-14,144.8499298095703
2017-11-15,144.16964721679688
2017-11-16,146.01206970214844
2017-11-17,145.45460510253906
2017-11-20,145.34124755859375
2017-11-21,146.91905212402344
2017-11-22,147.09860229492188
2017-11-24,147.63717651367188
2017-11-27,147.57101440429688
2017-11-28,147.94894409179688
2017-11-29,145.3695831298828
2017-11-30,146.58834838867188
2017-12-01,145.96485900878906
2017-12-04,144.28305053710938
2017-12-05,144.3775634765625
2017-12-06,145.0294952392578
2017-12-07,145.52078247070312
2017-12-08,146.16319274902344
2017-12-11,147.29698181152344
2017-12-12,147.09860229492188
2017-12-13,147.38206481933594
2017-12-14,147.27813720703125
2017-12-15,148.95046997070312
2017-12-18,150.1992950439453
2017-12-19,149.30926513671875
2017-12-20,149.14825439453125
2017-12-21,149.1672821044922
2017-12-22,148.996826171875
2017-12-26,148.19207763671875
2017-12-27,148.2110137939453
2017-12-28,148.39085388183594
2017-12-29,147.4724884033203
2018-01-02,150.05723571777344
2018-01-03,151.51531982421875
2018-01-04,151.78036499023438
2018-01-05,153.30477905273438
2018-01-08,153.90122985839844
2018-01-09,153.91070556640625
2018-01-10,153.55087280273438
2018-01-11,154.6018524169922
2018-01-12,155.73802185058594
2018-01-16,155.2930145263672
2018-01-17,156.96881103515625
2018-01-18,156.99728393554688
2018-01-19,157.4895782470703
2018-01-22,159.17489624023438
2018-01-23,160.49090576171875
2018-01-24,159.449462890625
2018-01-25,159.3926544189453
2018-01-26,161.8353729248047
2018-01-29,161.0495147705078
2018-01-30,159.72398376464844
2018-01-31,160.38674926757812
2018-02-01,159.0233612060547
2018-02-02,155.85159301757812
2018-02-05,149.7069091796875
2018-02-06,153.6740264892578
2018-02-07,151.68572998046875
2018-02-08,145.28536987304688
2018-02-09,147.79446411132812
2018-02-12,150.4170684814453
2018-02-13,151.193359375
2018-02-14,154.0242919921875
2018-02-15,156.88360595703125
2018-02-16,156.18296813964844
2018-02-20,156.49542236328125
2018-02-21,156.05047607421875
2018-02-22,156.03147888183594
2018-02-23,159.2222442626953
2018-02-26,161.33352661132812
2018-02-27,159.3357696533203
2018-02-28,158.3132781982422
2018-03-01,155.72853088378906
2018-03-02,157.15821838378906
2018-03-05,158.9003143310547
2018-03-06,159.57252502441406
2018-03-07,159.9417724609375
2018-03-08,160.822265625
2018-03-09,163.94668579101562
2018-03-12,164.81776428222656
2018-03-13,162.57383728027344
2018-03-14,162.54547119140625
2018-03-15,162.4033966064453
2018-03-16,161.92056274414062
2018-03-19,158.4658203125
2018-03-20,158.9873809814453
2018-03-21,158.29505920410156
2018-03-22,154.3879852294922
2018-03-23,150.3196258544922
2018-03-26,155.90536499023438
2018-03-27,150.86026000976562
2018-03-28,149.12477111816406
2018-03-29,151.8559112548828
2018-04-02,147.4746551513672
2018-04-03,149.13424682617188
2018-04-04,151.486083984375
2018-04-05,152.3490753173828
2018-04-06,148.53675842285156
2018-04-09,149.57994079589844
2018-04-10,152.88014221191406
2018-04-11,151.99826049804688
2018-04-12,153.82850646972656
2018-04-13,153.03189086914062
2018-04-16,154.19830322265625
2018-04-17,157.51742553710938
2018-04-18,157.83987426757812
2018-04-19,156.38897705078125
2018-04-20,153.91378784179688
2018-04-23,153.52499389648438
2018-04-24,150.27223205566406
2018-04-25,150.45240783691406
2018-04-26,153.61985778808594
2018-04-27,153.71466064453125
2018-04-30,152.62411499023438
2018-05-01,154.36900329589844
2018-05-02,153.45864868164062
2018-05-03,153.4396209716797
2018-05-04,156.35101318359375
2018-05-07,157.6502685546875
2018-05-08,157.4890594482422
2018-05-09,159.20550537109375
2018-05-10,160.8555908203125
2018-05-11,160.70384216308594
2018-05-14,160.9788818359375
2018-05-15,159.19602966308594
2018-05-16,160.2486572265625
2018-05-17,159.63223266601562
2018-05-18,158.80722045898438
2018-05-21,159.69859313964844
2018-05-22,159.49000549316406
2018-05-23,160.8365936279297
2018-05-24,160.78916931152344
2018-05-25,160.95040893554688
2018-05-29,160.2391815185547
2018-05-30,161.38665771484375
2018-05-31,161.2823028564453
2018-06-01,163.8144073486328
2018-06-04,165.29379272460938
2018-06-05,165.8058624267578
2018-06-06,166.77316284179688
2018-06-07,165.41696166992188
2018-06-08,165.42652893066406
2018-06-11,165.8722381591797
2018-06-12,166.7447052001953
2018-06-13,166.7352294921875
2018-06-14,168.42323303222656
2018-06-15,167.83531188964844
2018-06-18,167.73837280273438
2018-06-19,167.2631378173828
2018-06-20,168.45108032226562
2018-06-21,166.98757934570312
2018-06-22,166.61691284179688
2018-06-25,162.86300659179688
2018-06-26,163.5282745361328
2018-06-27,161.3043670654297
2018-06-28,162.69195556640625
2018-06-29,163.1290740966797
2018-07-02,164.22198486328125
2018-07-03,162.32127380371094
2018-07-05,164.3361053466797
2018-07-06,166.8925323486328
2018-07-09,168.3940887451172
2018-07-10,168.51768493652344
2018-07-11,167.66232299804688
2018-07-12,170.55140686035156
2018-07-13,170.69395446777344
2018-07-16,170.28526306152344
2018-07-17,171.3212127685547
2018-07-18,170.9980926513672
2018-07-19,170.14276123046875
2018-07-20,170.10475158691406
2018-07-23,170.64645385742188
2018-07-24,171.34971618652344
2018-07-25,173.74462890625
2018-07-26,171.1121368408203
2018-07-27,168.80274963378906
2018-07-30,166.41738891601562
2018-07-31,167.69081115722656
2018-08-01,168.32752990722656
2018-08-02,170.61795043945312
2018-08-03,171.140625
2018-08-06,172.1479949951172
2018-08-07,172.77528381347656
2018-08-08,172.9842987060547
2018-08-09,172.87979125976562
2018-08-10,171.5587921142578
2018-08-13,171.36875915527344
2018-08-14,172.44265747070312
2018-08-15,170.3328094482422
2018-08-16,170.89356994628906
2018-08-17,170.9315185546875
2018-08-20,170.7794647216797
2018-08-21,171.40675354003906
2018-08-22,172.0719757080078
2018-08-23,171.8248748779297
2018-08-24,173.42152404785156
2018-08-27,175.18914794921875
2018-08-28,175.44569396972656
2018-08-29,177.4700164794922
2018-08-30,177.15638732910156
2018-08-31,177.38449096679688
2018-09-04,176.6242218017578
2018-09-05,174.3433380126953
2018-09-06,172.7847442626953
2018-09-07,172.11947631835938
2018-09-10,172.69923400878906
2018-09-11,174.02964782714844
2018-09-12,173.51651000976562
2018-09-13,175.36972045898438
2018-09-14,174.85658264160156
2018-09-17,172.3380584716797
2018-09-18,173.76365661621094
2018-09-19,173.63059997558594
2018-09-20,175.55029296875
2018-09-21,174.59042358398438
2018-09-24,175.07595825195312
2018-09-25,175.31398010253906
2018-09-26,175.4377899169922
2018-09-27,176.9229736328125
2018-09-28,176.88494873046875
2018-10-01,177.24668884277344
2018-10-02,176.84686279296875
2018-10-03,177.0372314453125
2018-10-04,173.6383514404297
2018-10-05,171.5151824951172
2018-10-08,170.4679718017578
2018-10-09,171.02020263671875
2018-10-10,163.49879455566406
2018-10-11,161.4709014892578
2018-10-12,165.9647216796875
2018-10-15,163.95584106445312
2018-10-16,168.72572326660156
2018-10-17,168.79237365722656
2018-10-18,164.8793182373047
2018-10-19,164.7269744873047
2018-10-22,165.57435607910156
2018-10-23,164.9650421142578
2018-10-24,157.41510009765625
2018-10-25,162.8609619140625
2018-10-26,158.67189025878906
2018-10-29,155.40625
2018-10-30,157.96728515625
2018-10-31,161.68040466308594
2018-11-01,163.8130340576172
2018-11-02,161.26148986816406
2018-11-05,160.86155700683594
2018-11-06,162.08021545410156
2018-11-07,167.164306640625
2018-11-08,166.09799194335938
2018-11-09,163.29891967773438
2018-11-12,158.3576202392578
2018-11-13,158.4909210205078
2018-11-14,157.2818145751953
2018-11-15,160.03330993652344
2018-11-16,159.47158813476562
2018-11-19,154.29229736328125
2018-11-20,151.53128051757812
2018-11-21,152.6833038330078
2018-11-23,151.5789337158203
2018-11-26,155.0825653076172
2018-11-27,155.60614013671875
2018-11-28,160.61404418945312
2018-11-29,160.09042358398438
2018-11-30,161.25189208984375
2018-12-03,164.07009887695312
2018-12-04,157.7769317626953
2018-12-06,158.89077758789062
2018-12-07,153.64491271972656
2018-12-10,155.2539520263672
2018-12-11,155.76803588867188
2018-12-12,157.1390380859375
2018-12-13,157.1866455078125
2018-12-14,153.35928344726562
2018-12-17,149.88424682617188
2018-12-18,150.82675170898438
2018-12-19,147.1232147216797
2018-12-20,144.9905548095703
2018-12-21,140.49681091308594
2018-12-24,137.01278686523438
2018-12-26,145.56773376464844
2018-12-27,146.1310577392578
2018-12-28,146.05465698242188
2018-12-31,147.28634643554688
2019-01-02,147.8783416748047
2019-01-03,143.04708862304688
2019-01-04,149.16732788085938
2019-01-07,150.94322204589844
2019-01-08,152.30857849121094
2019-01-09,153.5497589111328
2019-01-10,153.989013671875
2019-01-11,153.4257049560547
2019-01-14,152.0699005126953
2019-01-15,155.03929138183594
2019-01-16,155.01065063476562
2019-01-17,156.2327880859375
2019-01-18,157.77955627441406
2019-01-22,154.619140625
2019-01-23,154.8197021484375
2019-01-24,155.8221893310547
2019-01-25,157.68409729003906
2019-01-28,155.73629760742188
2019-01-29,154.26589965820312
2019-01-30,158.19009399414062
2019-01-31,160.5579833984375
2019-02-01,159.88011169433594
2019-02-04,161.86607360839844
2019-02-05,163.2982635498047
2019-02-06,162.81130981445312
2019-02-07,160.62486267089844
2019-02-08,160.93991088867188
2019-02-11,160.78709411621094
2019-02-12,163.1645965576172
2019-02-13,163.27914428710938
2019-02-14,163.4796905517578
2019-02-15,164.1671142578125
2019-02-19,164.49179077148438
2019-02-20,164.4630889892578
2019-02-21,163.861572265625
2019-02-22,165.0741729736328
2019-02-25,165.67564392089844
2019-02-26,165.84750366210938
2019-02-27,165.74249267578125
2019-02-28,165.36062622070312
2019-03-01,166.50633239746094
2019-03-04,166.53500366210938
2019-03-05,166.65911865234375
2019-03-06,165.71385192871094
2019-03-07,163.68016052246094
2019-03-08,163.43191528320312
2019-03-11,166.83099365234375
2019-03-12,167.74758911132812
2019-03-13,169.0078887939453
2019-03-14,168.72149658203125
2019-03-15,170.2873077392578
2019-03-18,170.69285583496094
2019-03-19,171.2667999267578
2019-03-20,171.94590759277344
2019-03-21,174.63380432128906
2019-03-22,170.7981414794922
2019-03-25,170.47291564941406
2019-03-26,171.2667999267578
2019-03-27,170.16683959960938
2019-03-28,170.55897521972656
2019-03-29,171.8502960205078
2019-04-01,174.12680053710938
2019-04-02,174.78683471679688
2019-04-03,175.7911834716797
2019-04-04,175.72427368164062
2019-04-05,176.6329345703125
2019-04-08,177.08253479003906
2019-04-09,176.4607696533203
2019-04-10,177.40771484375
2019-04-11,176.98687744140625
2019-04-12,177.75210571289062
2019-04-15,177.78076171875
2019-04-16,178.39297485351562
2019-04-17,179.01473999023438
2019-04-18,179.24423217773438
2019-04-22,179.75123596191406
2019-04-23,182.037353515625
2019-04-24,181.46343994140625
2019-04-25,182.19996643066406
2019-04-26,182.362548828125
2019-04-29,182.71646118164062
2019-04-30,181.30079650878906
2019-05-01,180.7173309326172
2019-05-02,179.9329833984375
2019-05-03,182.80258178710938
2019-05-06,181.6834259033203
2019-05-07,178.14427185058594
2019-05-08,177.69471740722656
2019-05-09,176.73817443847656
2019-05-10,176.95816040039062
2019-05-13,170.8172607421875
2019-05-14,172.69204711914062
2019-05-15,175.13121032714844
2019-05-16,176.8911895751953
2019-05-17,175.08334350585938
2019-05-20,172.12770080566406
2019-05-21,173.92599487304688
2019-05-22,173.15121459960938
2019-05-23,170.50160217285156
2019-05-24,170.41554260253906
2019-05-28,169.7746124267578
2019-05-29,168.37811279296875
2019-05-30,169.08587646484375
2019-05-31,166.38851928710938
2019-06-03,162.72499084472656
2019-06-04,167.30679321289062
2019-06-05,168.55026245117188
2019-06-06,169.88938903808594
2019-06-07,173.17034912109375
2019-06-10,175.18853759765625
2019-06-11,175.42770385742188
2019-06-12,174.41380310058594
2019-06-13,175.44683837890625
2019-06-14,174.70077514648438
2019-06-17,175.7529296875
2019-06-18,178.30686950683594
2019-06-19,178.9764404296875
2019-06-20,180.64083862304688
2019-06-21,180.37298583984375
2019-06-24,180.37872314453125
2019-06-25,177.28233337402344
2019-06-26,178.10678100585938
2019-06-27,178.78738403320312
2019-06-28,179.01744079589844
2019-07-01,181.43325805664062
2019-07-02,182.15225219726562
2019-07-03,183.52316284179688
2019-07-05,183.1492156982422
2019-07-08,181.86465454101562
2019-07-09,182.77536010742188
2019-07-10,184.59677124023438
2019-07-11,184.46253967285156
2019-07-12,185.52664184570312
2019-07-15,186.1210174560547
2019-07-16,185.1623992919922
2019-07-17,184.2516326904297
2019-07-18,184.46253967285156
2019-07-19,183.11085510253906
2019-07-22,184.56802368164062
2019-07-23,185.7759246826172
2019-07-24,187.0796661376953
2019-07-25,185.30612182617188
2019-07-26,187.2138671875
2019-07-29,186.57159423828125
2019-07-30,185.76634216308594
2019-07-31,183.19715881347656
2019-08-01,182.2864532470703
2019-08-02,179.6022491455078
2019-08-05,173.25596618652344
2019-08-06,175.681396484375
2019-08-07,176.63040161132812
2019-08-08,180.474609375
2019-08-09,178.77783203125
2019-08-12,176.72630310058594
2019-08-13,180.5991973876953
2019-08-14,175.20204162597656
2019-08-15,175.00071716308594
2019-08-16,177.80958557128906
2019-08-19,180.6375732421875
2019-08-20,179.23794555664062
2019-08-21,180.82931518554688
2019-08-22,180.24452209472656
2019-08-23,174.54061889648438
2019-08-26,177.17691040039062
2019-08-27,176.80294799804688
2019-08-28,177.43569946289062
2019-08-29,180.14866638183594
2019-08-30,179.71722412109375
2019-09-03,177.97254943847656
2019-09-04,180.54171752929688
2019-09-05,183.8490447998047
2019-09-06,183.6668701171875
2019-09-09,183.28343200683594
2019-09-10,182.7561798095703
2019-09-11,184.4721221923828
2019-09-12,185.2390594482422
2019-09-13,184.5775909423828
2019-09-16,183.75315856933594
2019-09-17,184.63514709472656
2019-09-18,184.55844116210938
2019-09-19,184.86521911621094
2019-09-20,182.90953063964844
2019-09-23,182.99026489257812
2019-09-24,180.55995178222656
2019-09-25,182.58680725097656
2019-09-26,181.91439819335938
2019-09-27,179.6570587158203
2019-09-30,181.36685180664062
2019-10-01,179.88758850097656
2019-10-02,176.7945556640625
2019-10-03,178.73487854003906
2019-10-04,181.36685180664062
2019-10-07,180.81932067871094
2019-10-08,178.11048889160156
2019-10-09,179.8491668701172
2019-10-10,181.24197387695312
2019-10-11,183.576171875
2019-10-14,183.55699157714844
2019-10-15,185.8911895751953
2019-10-16,185.4301300048828
2019-10-17,185.9200439453125
2019-10-18,184.1333465576172
2019-10-21,185.766357421875
2019-10-22,184.28700256347656
2019-10-23,184.64244079589844
2019-10-24,186.43873596191406
2019-10-25,187.92764282226562
2019-10-28,189.7815399169922
2019-10-29,188.3118438720703
2019-10-30,189.22438049316406
2019-10-31,189.3108367919922
2019-11-01,191.03030395507812
2019-11-04,192.21182250976562
2019-11-05,192.3175048828125
2019-11-06,191.8852081298828
2019-11-07,192.52880859375
2019-11-08,193.2972869873047
2019-11-11,193.0378875732422
2019-11-12,193.59506225585938
2019-11-13,193.64308166503906
2019-11-14,193.48939514160156
2019-11-15,194.91104125976562
2019-11-18,195.06471252441406
2019-11-19,195.3528594970703
2019-11-20,194.1809844970703
2019-11-21,193.74871826171875
2019-11-22,193.8735809326172
2019-11-25,196.16937255859375
2019-11-26,196.54405212402344
2019-11-27,197.9176483154297
2019-11-29,197.0147247314453
2019-12-02,194.99746704101562
2019-12-03,193.47019958496094
2019-12-04,194.449951171875
2019-12-05,194.83416748046875
2019-12-06,196.91867065429688
2019-12-09,196.02532958984375
2019-12-10,195.86199951171875
2019-12-11,196.89944458007812
2019-12-12,198.36912536621094
2019-12-13,199.02227783203125
2019-12-16,201.0203399658203
2019-12-17,201.13560485839844
2019-12-18,201.289306640625
2019-12-19,202.54762268066406
2019-12-20,203.36410522460938
2019-12-23,203.90127563476562
2019-12-24,204.00718688964844
2019-12-26,205.80734252929688
2019-12-27,205.63406372070312
2019-12-30,204.28636169433594
2019-12-31,204.67140197753906
2020-01-02,208.08892822265625
2020-01-03,206.18280029296875
2020-01-06,207.51123046875
2020-01-07,207.48240661621094
2020-01-08,209.0419158935547
2020-01-09,210.81324768066406
2020-01-10,210.27410888671875
2020-01-13,212.7000274658203
2020-01-14,211.8625030517578
2020-01-15,211.94912719726562
2020-01-16,213.98036193847656
2020-01-17,215.03932189941406
2020-01-21,214.94297790527344
2020-01-22,215.5109405517578
2020-01-23,216.20408630371094
2020-01-24,214.3846435546875
2020-01-27,209.95643615722656
2020-01-28,213.18133544921875
2020-01-29,213.52789306640625
2020-01-30,214.28839111328125
2020-01-31,210.89022827148438
2020-02-03,214.07662963867188
2020-02-04,218.97657775878906
2020-02-05,219.69854736328125
2020-02-06,221.59498596191406
2020-02-07,220.64198303222656
2020-02-10,223.30853271484375
2020-02-11,223.34707641601562
2020-02-12,225.52264404296875
2020-02-13,225.23382568359375
2020-02-14,225.87884521484375
2020-02-18,225.96551513671875
2020-02-19,228.1314697265625
2020-02-20,226.01361083984375
2020-02-21,221.67202758789062
2020-02-24,213.12362670898438
2020-02-25,207.328369140625
2020-02-26,208.3969268798828
2020-02-27,197.96168518066406
2020-02-28,198.11569213867188
2020-03-02,208.33917236328125
2020-03-03,201.6582794189453
2020-03-04,210.0719451904297
2020-03-05,203.68951416015625
2020-03-06,200.25277709960938
2020-03-09,186.34237670898438
2020-03-10,196.4888153076172
2020-03-11,187.9307098388672
2020-03-12,170.6990966796875
2020-03-13,185.15826416015625
2020-03-16,162.97857666015625
2020-03-17,175.33912658691406
2020-03-18,170.00601196289062
2020-03-19,171.02639770507812
2020-03-20,164.32626342773438
2020-03-23,164.44491577148438
2020-03-24,177.1791534423828
2020-03-25,175.86715698242188
2020-03-26,185.1283721923828
2020-03-27,178.76126098632812
2020-03-30,185.26348876953125
2020-03-31,183.68128967285156
2020-04-01,175.8767852783203
2020-04-02,179.4462127685547
2020-04-03,176.8993682861328
2020-04-06,189.5467529296875
2020-04-07,189.46958923339844
2020-04-08,193.492431640625
2020-04-09,193.772216796875
2020-04-13,195.86566162109375
2020-04-14,204.3840789794922
2020-04-15,202.0397491455078
2020-04-16,205.72499084472656
2020-04-17,207.6930389404297
2020-04-20,205.2329864501953
2020-04-21,197.6599884033203
2020-04-22,203.52545166015625
2020-04-23,203.09133911132812
2020-04-24,206.29417419433594
2020-04-27,207.9534912109375
2020-04-28,204.03677368164062
2020-04-29,211.2720947265625
2020-04-30,211.18528747558594
2020-05-01,205.2329864501953
2020-05-04,207.62550354003906
2020-05-05,209.9793701171875
2020-05-06,211.2720947265625
2020-05-07,213.99256896972656
2020-05-08,216.92530822753906
2020-05-11,218.8643798828125
2020-05-12,214.28204345703125
2020-05-13,211.60008239746094
2020-05-14,214.00221252441406
2020-05-15,215.39141845703125
2020-05-18,219.40463256835938
2020-05-19,218.85472106933594
2020-05-20,223.2248992919922
2020-05-21,220.7938232421875
2020-05-22,221.5559539794922
2020-05-26,220.95782470703125
2020-05-27,222.16372680664062
2020-05-28,221.87429809570312
2020-05-29,225.1253662109375
2020-06-01,225.80068969726562
2020-06-02,227.31529235839844
2020-06-03,228.3378448486328
2020-06-04,226.7364501953125
2020-06-05,231.2320098876953
2020-06-08,233.0263671875
2020-06-09,234.71461486816406
2020-06-10,237.53158569335938
2020-06-11,225.76210021972656
2020-06-12,227.5564727783203
2020-06-15,230.32516479492188
2020-06-16,234.28048706054688
2020-06-17,235.02333068847656
2020-06-18,235.6600341796875
2020-06-19,235.62147521972656
2020-06-22,238.4471893310547
2020-06-23,240.47657775878906
2020-06-24,235.51902770996094
2020-06-25,237.7610321044922
2020-06-26,232.14630126953125
2020-06-29,234.67825317382812
2020-06-30,239.27825927734375
2020-07-01,242.0711212158203
2020-07-02,243.71401977539062
2020-07-06,249.70562744140625
2020-07-07,247.98541259765625
2020-07-08,251.25184631347656
2020-07-09,253.3682403564453
2020-07-10,255.0980987548828
2020-07-13,249.8505859375
2020-07-14,251.6190643310547
2020-07-15,252.13125610351562
2020-07-16,250.4110870361328
2020-07-17,250.70101928710938
2020-07-20,257.8136291503906
2020-07-21,255.1270751953125
2020-07-22,256.02581787109375
2020-07-23,249.3384246826172
2020-07-24,246.9707489013672
2020-07-27,251.37745666503906
2020-07-28,248.17874145507812
2020-07-29,251.0391845703125
2020-07-30,252.35345458984375
2020-07-31,256.8569030761719
2020-08-03,260.3262634277344
2020-08-04,261.2926940917969
2020-08-05,261.9400634765625
2020-08-06,265.4095458984375
2020-08-07,262.3459777832031
2020-08-10,261.2250061035156
2020-08-11,256.27703857421875
2020-08-12,262.72283935546875
2020-08-13,263.3221435546875
2020-08-14,263.0127868652344
2020-08-17,266.066650390625
2020-08-18,268.6275634765625
2020-08-19,266.8204040527344
2020-08-20,270.5217590332031
2020-08-21,272.3964538574219
2020-08-24,274.0973205566406
2020-08-25,276.2523193359375
2020-08-26,282.1473388671875
2020-08-27,281.26800537109375
2020-08-28,282.69818115234375
2020-08-31,284.96923828125
2020-09-01,289.8398132324219
2020-09-02,292.5843200683594
2020-09-03,277.7502746582031
2020-09-04,274.04901123046875
2020-09-08,260.8771057128906
2020-09-09,268.5406188964844
2020-09-10,263.1866760253906
2020-09-11,261.3603210449219
2020-09-14,265.91192626953125
2020-09-15,269.6808776855469
2020-09-16,265.38043212890625
2020-09-17,261.234619140625
2020-09-18,257.900634765625
2020-09-21,258.5191650390625
2020-09-22,263.3221435546875
2020-09-23,255.28173828125
2020-09-24,256.4703674316406
2020-09-25,262.4330139160156
2020-09-28,267.88336181640625
2020-09-29,266.6754150390625
2020-09-30,268.5019226074219
2020-10-01,272.7636413574219
2020-10-02,265.0905456542969
2020-10-05,270.743896484375
2020-10-06,265.91192626953125
2020-10-07,270.511962890625
2020-10-08,271.9519348144531
2020-10-09,276.107421875
2020-10-12,284.6309509277344
2020-10-13,284.6213073730469
2020-10-14,282.24395751953125
2020-10-15,280.34991455078125
2020-10-16,278.8133239746094
2020-10-19,274.2615966796875
2020-10-20,274.8511047363281
2020-10-21,274.6385192871094
2020-10-22,274.62884521484375
2020-10-23,275.1700134277344
2020-10-26,271.04351806640625
2020-10-27,273.1599426269531
2020-10-28,262.5103759765625
2020-10-29,267.10064697265625
2020-10-30,260.3262634277344
2020-11-02,260.9060363769531
2020-11-03,265.4190979003906
2020-11-04,277.2671203613281
2020-11-05,284.4956970214844
2020-11-06,284.7082214355469
2020-11-09,278.89068603515625
2020-11-10,273.8943786621094
2020-11-11,280.02130126953125
2020-11-12,278.70697021484375
2020-11-13,281.15191650390625
2020-11-16,283.34576416015625
2020-11-17,282.4468688964844
2020-11-18,280.35943603515625
2020-11-19,282.5533142089844
2020-11-20,280.6203918457031
2020-11-23,280.630126953125
2020-11-24,284.572998046875
2020-11-25,286.3222351074219
2020-11-27,288.96038818359375
2020-11-30,289.5499267578125
2020-12-01,293.2607421875
2020-12-02,293.6376953125
2020-12-03,294.05328369140625
2020-12-04,295.2515869140625
2020-12-07,296.9234619140625
2020-12-08,297.92840576171875
2020-12-09,291.1831359863281
2020-12-10,292.3524475097656
2020-12-11,291.7049560546875
2020-12-14,293.8212585449219
2020-12-15,296.962158203125
2020-12-16,298.5953063964844
2020-12-17,300.5474853515625
2020-12-18,299.6390686035156
2020-12-21,299.07843017578125
2020-12-22,299.89166259765625
2020-12-23,298.3814697265625
2020-12-24,299.6981201171875
2020-12-28,302.7186584472656
2020-12-29,302.9897766113281
2020-12-30,302.9994201660156
2020-12-31,303.74493408203125
2021-01-04,299.4560241699219
2021-01-05,301.9247741699219
2021-01-06,297.7424011230469
2021-01-07,304.94549560546875
2021-01-08,308.8663635253906
2021-01-11,304.4032287597656
2021-01-12,303.919189453125
2021-01-13,305.9715881347656
2021-01-14,304.33544921875
2021-01-15,301.9247741699219
2021-01-19,306.3298034667969
2021-01-20,313.4554138183594
2021-01-21,315.962890625
2021-01-22,315.0528259277344
2021-01-25,317.6571044921875
2021-01-26,318.1218566894531
2021-01-27,309.253662109375
2021-01-28,311.0833740234375
2021-01-29,304.5387878417969
2021-02-01,312.1484069824219
2021-02-02,317.2407531738281
2021-02-03,315.9822082519531
2021-02-04,319.71923828125
2021-02-05,320.803466796875
2021-02-08,322.9528503417969
2021-02-09,322.8851013183594
2021-02-10,322.1493225097656
2021-02-11,323.92095947265625
2021-02-12,325.7313537597656
2021-02-16,324.85040283203125
2021-02-17,323.2915954589844
2021-02-18,321.8782958984375
2021-02-19,320.474365234375
2021-02-22,312.167724609375
2021-02-23,311.2383728027344
2021-02-24,313.80389404296875
2021-02-25,302.8638610839844
2021-02-26,304.1322021484375
2021-03-01,313.28106689453125
2021-03-02,308.2564697265625
2021-03-03,299.310791015625
2021-03-04,294.41204833984375
2021-03-05,298.8460388183594
2021-03-08,290.38458251953125
2021-03-09,301.837646484375
2021-03-10,300.97601318359375
2021-03-11,307.90789794921875
2021-03-12,305.4100646972656
2021-03-15,308.67266845703125
2021-03-16,310.3669128417969
2021-03-17,311.6449279785156
2021-03-18,302.09906005859375
2021-03-19,303.16400146484375
2021-03-22,308.84930419921875
2021-03-23,307.5019226074219
2021-03-24,302.3157653808594
2021-03-25,301.7923583984375
2021-03-26,306.3193664550781
2021-03-29,306.2320251464844
2021-03-30,304.6907653808594
2021-03-31,309.35345458984375
2021-04-01,314.62677001953125
2021-04-05,320.90826416015625
2021-04-06,320.6853332519531
2021-04-07,321.4607849121094
2021-04-08,324.8147277832031
2021-04-09,326.7825012207031
2021-04-12,326.3560485839844
2021-04-13,330.1656188964844
2021-04-14,326.2009582519531
2021-04-15,331.1446838378906
2021-04-16,331.5324401855469
2021-04-19,328.49835205078125
2021-04-20,326.10406494140625
2021-04-21,328.8958435058594
2021-04-22,324.93109130859375
2021-04-23,329.0218200683594
2021-04-26,331.1641845703125
2021-04-27,329.7294616699219
2021-04-28,328.6145935058594
2021-04-29,329.79736328125
2021-04-30,327.6355895996094
2021-05-03,325.89080810546875
2021-05-04,320.02606201171875
2021-05-05,318.9501037597656
2021-05-06,321.35418701171875
2021-05-07,323.96185302734375
2021-05-10,315.7803649902344
2021-05-11,315.3441162109375
2021-05-12,307.18206787109375
2021-05-13,309.5570068359375
2021-05-14,316.3910217285156
2021-05-17,314.4716796875
2021-05-18,312.3487548828125
2021-05-19,312.7074279785156
2021-05-20,318.7562255859375
2021-05-21,316.9920654296875
2021-05-24,322.3235168457031
2021-05-25,322.7694396972656
2021-05-26,323.8938903808594
2021-05-27,322.68218994140625
2021-05-28,323.6999206542969
2021-06-01,322.62396240234375
2021-06-02,323.25408935546875
2021-06-03,319.890380859375
2021-06-04,325.31890869140625
2021-06-07,326.2881774902344
2021-06-08,326.44329833984375
2021-06-09,326.52081298828125
2021-06-10,329.9233093261719
2021-06-11,330.7860412597656
2021-06-14,333.9559020996094
2021-06-15,331.7748107910156
2021-06-16,330.5631408691406
2021-06-17,334.76043701171875
2021-06-18,332.1334533691406
2021-06-21,334.19769287109375
2021-06-22,337.3130187988281
2021-06-23,337.4779052734375
2021-06-24,339.5645446777344
2021-06-25,339.14715576171875
2021-06-28,343.271728515625
2021-06-29,344.51397705078125
2021-06-30,343.9704895019531
2021-07-01,344.1064453125
2021-07-02,348.0562744140625
2021-07-06,349.5605773925781
2021-07-07,350.29815673828125
2021-07-08,348.1824035644531
2021-07-09,350.3562927246094
2021-07-12,351.7247314453125
2021-07-13,351.7247314453125
2021-07-14,352.3555908203125
2021-07-15,349.8807373046875
2021-07-16,347.0469665527344
2021-07-19,344.2034606933594
2021-07-20,348.2018737792969
2021-07-21,350.8901062011719
2021-07-22,353.2095947265625
2021-07-23,357.33428955078125
2021-07-26,357.6155700683594
2021-07-27,353.6754150390625
2021-07-28,355.0341491699219
2021-07-29,355.66497802734375
2021-07-30,353.8113708496094
2021-08-02,353.84039306640625
2021-08-03,355.98516845703125
2021-08-04,356.49951171875
2021-08-05,358.7608337402344
2021-08-06,357.1885681152344
2021-08-09,357.8485107421875
2021-08-10,356.0142517089844
2021-08-11,355.4029235839844
2021-08-12,356.6839904785156
2021-08-13,357.9358825683594
2021-08-16,358.0911865234375
2021-08-17,354.93695068359375
2021-08-18,351.52099609375
2021-08-19,353.2192687988281
2021-08-20,356.8780822753906
2021-08-23,362.21575927734375
2021-08-24,363.32208251953125
2021-08-25,363.7393493652344
2021-08-26,361.4295959472656
2021-08-27,364.9427795410156
2021-08-30,369.0382995605469
2021-08-31,368.7373962402344
2021-09-01,369.34881591796875
2021-09-02,369.17413330078125
2021-09-03,370.30963134765625
2021-09-07,370.8336181640625
2021-09-08,369.5428466796875
2021-09-09,368.2716369628906
2021-09-10,365.47650146484375
2021-09-13,365.2242431640625
2021-09-14,364.1859130859375
2021-09-15,366.89349365234375
2021-09-16,367.1458435058594
2021-09-17,362.7980651855469
2021-09-20,355.3014221191406
2021-09-21,355.73858642578125
2021-09-22,359.0614013671875
2021-09-23,362.37445068359375
2021-09-24,362.71441650390625
2021-09-27,359.8192138671875
2021-09-28,349.63714599609375
2021-09-29,349.06396484375
2021-09-30,347.78143310546875
2021-10-01,349.9383544921875
2021-10-04,342.5933532714844
2021-10-05,347.2179870605469
2021-10-06,349.44293212890625
2021-10-07,352.6489562988281
2021-10-08,350.8904724121094
2021-10-11,348.1993408203125
2021-10-12,346.9848327636719
2021-10-13,349.7635192871094
2021-10-14,356.2049255371094
2021-10-15,358.44927978515625
2021-10-18,362.0538024902344
2021-10-19,364.79364013671875
2021-10-20,364.3175048828125
2021-10-21,366.54248046875
2021-10-22,363.46258544921875
2021-10-25,367.18365478515625
2021-10-26,368.33978271484375
2021-10-27,369.1948547363281
2021-10-28,373.2948303222656
2021-10-29,375.1310119628906
2021-11-01,376.41351318359375
2021-11-02,377.9874267578125
2021-11-03,381.99993896484375
2021-11-04,386.8966369628906
2021-11-05,387.265869140625
2021-11-08,386.7412414550781
2021-11-09,384.07916259765625
2021-11-10,378.4344482421875
2021-11-11,379.48370361328125
2021-11-12,383.476806640625
2021-11-15,383.38934326171875
2021-11-16,386.1195373535156
2021-11-17,386.3234558105469
2021-11-18,390.32635498046875
2021-11-19,392.5027160644531
2021-11-22,387.94598388671875
2021-11-23,386.1777648925781
2021-11-24,387.42138671875
2021-11-26,380.0763244628906
2021-11-29,388.3249206542969
2021-11-30,382.621826171875
2021-12-01,376.1123046875
2021-12-02,378.82305908203125
2021-12-03,372.23577880859375
2021-12-06,375.21844482421875
2021-12-07,386.5177917480469
2021-12-08,388.2471923828125
2021-12-09,382.53448486328125
2021-12-10,386.6927185058594
2021-12-13,381.106201171875
2021-12-14,377.1616516113281
2021-12-15,385.75994873046875
2021-12-16,375.8403015136719
2021-12-17,373.96514892578125
2021-12-20,370.33758544921875
2021-12-21,378.6258850097656
2021-12-22,383.2370300292969
2021-12-23,386.1262512207031
2021-12-27,392.5078430175781
2021-12-28,390.6886901855469
2021-12-29,390.63037109375
2021-12-30,389.4630126953125
2021-12-31,387.03094482421875
2022-01-03,390.7568359375
2022-01-04,385.68841552734375
2022-01-05,373.8397216796875
2022-01-06,373.5770263671875
2022-01-07,369.5301818847656
2022-01-10,369.7734069824219
2022-01-11,375.3280944824219
2022-01-12,376.8164367675781
2022-01-13,367.38995361328125
2022-01-14,369.6761169433594
2022-01-18,360.4732971191406
2022-01-19,356.5140686035156
2022-01-20,351.8834228515625
2022-01-21,342.1261901855469
2022-01-24,343.6923828125
2022-01-25,335.72509765625
2022-01-26,335.1998596191406
2022-01-27,331.8242492675781
2022-01-28,342.2331848144531
2022-01-31,353.1772766113281
2022-02-01,355.580078125
2022-02-02,358.4693603515625
2022-02-03,343.93560791015625
2022-02-04,348.2743835449219
2022-02-07,345.47271728515625
2022-02-08,349.3542175292969
2022-02-09,356.75726318359375
2022-02-10,348.6828918457031
2022-02-11,337.6220703125
2022-02-14,338.04046630859375
2022-02-15,346.4454650878906
2022-02-16,346.35797119140625
2022-02-17,336.055908203125
2022-02-18,332.2229919433594
2022-02-22,328.8863525390625
2022-02-23,320.4617919921875
2022-02-24,331.2307434082031
2022-02-25,336.3671875
2022-02-28,337.36920166015625
2022-03-01,332.20355224609375
2022-03-02,337.7777404785156
2022-03-03,332.9526672363281
2022-03-04,328.1275634765625
2022-03-07,316.02581787109375
2022-03-08,314.5568542480469
2022-03-09,325.88031005859375
2022-03-10,322.26141357421875
2022-03-11,315.57830810546875
2022-03-14,309.51776123046875
2022-03-15,319.226318359375
2022-03-16,331.0653991699219
2022-03-17,335.0733642578125
2022-03-18,341.9316711425781
2022-03-21,340.98101806640625
2022-03-22,347.68218994140625
2022-03-23,342.6854553222656
2022-03-24,350.3022766113281
2022-03-25,350.0101013183594
2022-03-28,355.4256591796875
2022-03-29,361.5423278808594
2022-03-30,357.5489501953125
2022-03-31,353.1172180175781
2022-04-01,352.4450988769531
2022-04-04,359.70147705078125
2022-04-05,351.714599609375
2022-04-06,344.078369140625
2022-04-07,344.8965759277344
2022-04-08,340.0752258300781
2022-04-11,332.0299377441406
2022-04-12,330.6273193359375
2022-04-13,337.34808349609375
2022-04-14,329.6337890625
2022-04-18,329.8870849609375
2022-04-19,337.26031494140625
2022-04-20,332.3415222167969
2022-04-21,325.4650573730469
2022-04-22,316.9424133300781
2022-04-25,321.0138854980469
2022-04-26,308.8970947265625
2022-04-27,308.5269470214844
2022-04-28,319.484619140625
2022-04-29,305.1083068847656
2022-05-02,310.2023010253906
2022-05-03,310.53350830078125
2022-05-04,321.03338623046875
2022-05-05,304.86480712890625
2022-05-06,301.2122497558594
2022-05-09,289.4267578125
2022-05-10,292.9429016113281
2022-05-11,284.25469970703125
2022-05-12,283.5826416015625
2022-05-13,294.0921936035156
2022-05-16,290.6832275390625
2022-05-17,298.21234130859375
2022-05-18,283.57293701171875
2022-05-19,282.0534973144531
2022-05-20,281.1768493652344
2022-05-23,285.85211181640625
2022-05-24,279.7742919921875
2022-05-25,283.68975830078125
2022-05-26,291.550048828125
2022-05-27,301.0661315917969
2022-05-31,300.2674865722656
2022-06-01,298.0466613769531
2022-06-02,306.2089538574219
2022-06-03,298.2415771484375
2022-06-06,299.2349853515625
2022-06-07,301.816162109375
2022-06-08,299.64404296875
2022-06-09,291.61822509765625
2022-06-10,281.3327331542969
2022-06-13,268.25177001953125
2022-06-14,268.7388610839844
2022-06-15,275.4497375488281
2022-06-16,264.3362731933594
2022-06-17,267.5505065917969
2022-06-21,274.3006591796875
2022-06-22,273.9006042480469
2022-06-23,277.9797668457031
2022-06-24,287.50439453125
2022-06-27,285.3964538574219
2022-06-28,276.70135498046875
2022-06-29,276.9550476074219
2022-06-30,273.5199279785156
2022-07-01,275.32537841796875
2022-07-05,280.038818359375
2022-07-06,281.83441162109375
2022-07-07,287.86541748046875
2022-07-08,288.22650146484375
2022-07-11,282.0687561035156
2022-07-12,279.3361511230469
2022-07-13,278.7604064941406
2022-07-14,279.755859375
2022-07-15,284.8304748535156
2022-07-18,282.4200744628906
2022-07-19,291.1052551269531
2022-07-20,295.7212829589844
2022-07-21,299.9664001464844
2022-07-22,294.70635986328125
2022-07-25,293.02783203125
2022-07-26,287.2701721191406
2022-07-27,299.4101257324219
2022-07-28,302.3377380371094
2022-07-29,307.8514404296875
2022-08-01,307.666015625
2022-08-02,306.74871826171875
2022-08-03,315.102294921875
2022-08-04,316.57586669921875
2022-08-05,313.98974609375
2022-08-08,312.974853515625
2022-08-09,309.43243408203125
2022-08-10,318.06890869140625
2022-08-11,316.2635803222656
2022-08-12,322.42138671875
2022-08-15,325.0269470214844
2022-08-16,324.26580810546875
2022-08-17,320.567138671875
2022-08-18,321.33819580078125
2022-08-19,315.0730285644531
2022-08-22,306.7779846191406
2022-08-23,306.52435302734375
2022-08-24,307.412353515625
2022-08-25,312.8479309082031
2022-08-26,300.0248718261719
2022-08-29,297.06805419921875
2022-08-30,293.7597351074219
2022-08-31,292.0519714355469
2022-09-01,292.17877197265625
2022-09-02,288.0508117675781
2022-09-06,285.9819030761719
2022-09-07,291.7591552734375
2022-09-08,293.27178955078125
2022-09-09,299.683349609375
2022-09-12,303.24530029296875
2022-09-13,286.6163330078125
2022-09-14,288.89013671875
2022-09-15,284.0790100097656
2022-09-16,282.3419189453125
2022-09-19,284.5406188964844
2022-09-20,282.27252197265625
2022-09-21,277.21820068359375
2022-09-22,273.8062438964844
2022-09-23,269.3482360839844
2022-09-26,268.233642578125
2022-09-27,268.3412170410156
2022-09-28,273.6791687011719
2022-09-29,265.78955078125
2022-09-30,261.28271484375
2022-10-03,267.4125061035156
2022-10-04,275.8201599121094
2022-10-05,275.6734313964844
2022-10-06,273.5032043457031
2022-10-07,263.0815734863281
2022-10-10,260.4517517089844
2022-10-11,256.8735656738281
2022-10-12,256.78558349609375
2022-10-13,262.8078308105469
2022-10-14,254.90850830078125
2022-10-17,263.32598876953125
2022-10-18,265.4083251953125
2022-10-19,264.4404296875
2022-10-20,263.09124755859375
2022-10-21,269.2602233886719
2022-10-24,272.2224426269531
2022-10-25,277.8536071777344
2022-10-26,271.71405029296875
2022-10-27,266.7672119140625
2022-10-28,274.93048095703125
2022-10-31,271.7336120605469
2022-11-01,268.95709228515625
2022-11-02,259.7380676269531
2022-11-03,254.6640625
2022-11-04,258.7603759765625
2022-11-07,261.6053771972656
2022-11-08,263.5117492675781
2022-11-09,257.43084716796875
2022-11-10,276.42620849609375
2022-11-11,281.5197448730469
2022-11-14,279.05609130859375
2022-11-15,282.91778564453125
2022-11-16,279.05609130859375
2022-11-17,278.4401550292969
2022-11-18,278.4500427246094
2022-11-21,275.5854797363281
2022-11-22,279.5546569824219
2022-11-23,282.36053466796875
2022-11-25,280.50299072265625
2022-11-28,276.3871154785156
2022-11-29,274.2950134277344
2022-11-30,286.7989501953125
2022-12-01,287.1510009765625
2022-12-02,286.0071105957031
2022-12-05,281.2069396972656
2022-12-06,275.3802185058594
2022-12-07,274.25592041015625
2022-12-08,277.50164794921875
2022-12-09,275.732177734375
2022-12-12,279.1929931640625
2022-12-13,282.1943359375
2022-12-14,280.1021728515625
2022-12-15,270.697265625
2022-12-16,268.1163330078125
2022-12-19,264.3483581542969
2022-12-20,264.142578125
2022-12-21,267.9742431640625
2022-12-22,261.4182434082031
2022-12-23,262.0062561035156
2022-12-27,258.30194091796875
2022-12-28,254.8916015625
2022-12-29,261.10467529296875
2022-12-30,260.9478454589844
2023-01-03,259.1839294433594
2023-01-04,260.41864013671875
2023-01-05,256.3419494628906
2023-01-06,263.4173889160156
2023-01-09,265.12255859375
2023-01-10,267.3666687011719
2023-01-11,271.9921875
2023-01-12,273.4621276855469
2023-01-13,275.3437194824219
2023-01-17,275.9022521972656
2023-01-18,272.3155517578125
2023-01-19,269.6402282714844
2023-01-20,277.0194396972656
2023-01-23,283.17364501953125
2023-01-24,282.59552001953125
2023-01-25,281.9682922363281
2023-01-26,287.4659729003906
2023-01-27,290.3275451660156
2023-01-30,284.4574890136719
2023-01-31,288.7203674316406
2023-02-01,294.8941955566406
2023-02-02,305.47796630859375
2023-02-03,300.0489501953125
2023-02-06,297.5107116699219
2023-02-07,303.6747741699219
2023-02-08,298.2751159667969
2023-02-09,295.638916015625
2023-02-10,293.69866943359375
2023-02-13,298.4024963378906
2023-02-14,300.607421875
2023-02-15,302.9103698730469
2023-02-16,297.22650146484375
2023-02-17,295.1294250488281
2023-02-21,288.1422119140625
2023-02-22,288.3577880859375
2023-02-23,290.8763732910156
2023-02-24,286.005859375
2023-02-27,288.0539855957031
2023-02-28,287.6816101074219
2023-03-01,285.3688659667969
2023-03-02,287.7305908203125
2023-03-03,293.6790466308594
2023-03-06,294.01220703125
2023-03-07,290.4059753417969
2023-03-08,291.8562927246094
2023-03-09,286.7995910644531
2023-03-10,282.7718811035156
2023-03-13,284.8690490722656
2023-03-14,291.4152526855469
2023-03-15,292.9440612792969
2023-03-16,300.6662902832031
2023-03-17,299.245361328125
2023-03-20,300.3072509765625
2023-03-21,304.5964050292969
2023-03-22,300.45452880859375
2023-03-23,304.0173034667969
2023-03-24,305.13616943359375
2023-03-27,303.045654296875
2023-03-28,301.4360046386719
2023-03-29,306.932373046875
2023-03-30,309.83758544921875
2023-03-31,314.9903564453125
2023-04-03,314.224853515625
2023-04-04,313.1648864746094
2023-04-05,310.0731506347656
2023-04-06,312.1636657714844
2023-04-10,311.98699951171875
2023-04-11,309.98480224609375
2023-04-12,307.24639892578125
2023-04-13,313.2630310058594
2023-04-14,312.674072265625
2023-04-17,312.9390869140625
2023-04-18,312.95867919921875
2023-04-19,312.81146240234375
2023-04-20,310.4264831542969
2023-04-21,310.7503662109375
2023-04-24,310.10260009765625
2023-04-25,304.2528991699219
2023-04-26,306.09808349609375
2023-04-27,314.4211730957031
2023-04-28,316.59027099609375
2023-05-01,316.2270812988281
2023-05-02,313.46905517578125
2023-05-03,311.41778564453125
2023-05-04,310.3185119628906
2023-05-05,316.9141845703125
2023-05-08,317.6992492675781
2023-05-09,315.687255859375
2023-05-10,319.1225280761719
2023-05-11,320.16290283203125
2023-05-12,319.0144958496094
2023-05-15,320.74200439453125
2023-05-16,321.1050720214844
2023-05-17,324.9917907714844
2023-05-18,331.0279846191406
2023-05-19,330.2820739746094
2023-05-22,331.3912048339844
2023-05-23,327.1903381347656
2023-05-24,325.5120544433594
2023-05-25,333.4326477050781
2023-05-26,341.9519958496094
2023-05-30,343.5027770996094
2023-05-31,341.54962158203125
2023-06-01,345.4952087402344
2023-06-02,348.0863342285156
2023-06-05,348.3316955566406
2023-06-06,348.2728576660156
2023-06-07,342.3642272949219
2023-06-08,346.61407470703125
2023-06-09,347.9391174316406
2023-06-12,353.8182678222656
2023-06-13,356.5369873046875
2023-06-14,359.12811279296875
2023-06-15,363.4073791503906
2023-06-16,361.12054443359375
2023-06-20,360.60357666015625
2023-06-21,355.6893615722656
2023-06-22,359.8860778808594
2023-06-23,356.3183898925781
2023-06-26,351.5417785644531
2023-06-27,357.5862731933594
2023-06-28,358.2840881347656
2023-06-29,357.5666809082031
2023-06-30,363.0803527832031
2023-07-03,363.9354248046875
2023-07-05,363.9255065917969
2023-07-06,361.1539001464844
2023-07-07,359.9549255371094
2023-07-10,360.0728454589844
2023-07-11,361.8518371582031
2023-07-12,366.42193603515625
2023-07-13,372.6433410644531
2023-07-14,372.56475830078125
2023-07-17,376.0439758300781
2023-07-18,379.12030029296875
2023-07-19,379.03179931640625
2023-07-20,370.29437255859375
2023-07-21,369.1837463378906
2023-07-24,369.7734375
2023-07-25,372.2796936035156
2023-07-26,371.0412902832031
2023-07-27,370.1567687988281
2023-07-28,376.8990173339844
2023-07-31,377.0956115722656
2023-08-01,376.2208557128906
2023-08-02,367.9650573730469
2023-08-03,367.3753356933594
2023-08-04,365.6553649902344
2023-08-07,368.7513427734375
2023-08-08,365.6160583496094
2023-08-09,361.5962219238281
2023-08-10,362.26458740234375
2023-08-11,359.9549255371094
2023-08-14,363.99444580078125
2023-08-15,360.1318054199219
2023-08-16,356.3183898925781
2023-08-17,352.4263916015625
2023-08-18,351.9841003417969
2023-08-21,357.6550598144531
2023-08-22,357.14404296875
2023-08-23,362.775634765625
2023-08-24,355.0210266113281
2023-08-25,357.7730407714844
2023-08-28,360.4659423828125
2023-08-29,368.3385009765625
2023-08-30,370.3926086425781
2023-08-31,371.5032653808594
2023-09-01,371.11016845703125
2023-09-05,371.5818786621094
2023-09-06,368.3090515136719
2023-09-07,365.6750183105469
2023-09-08,366.1860656738281
2023-09-11,370.50079345703125
2023-09-12,366.3925476074219
2023-09-13,367.7881774902344
2023-09-14,370.795654296875
2023-09-15,364.4464416503906
2023-09-18,364.826416015625
2023-09-19,364.0487976074219
2023-09-20,358.8027648925781
2023-09-21,352.22784423828125
2023-09-22,352.277099609375
2023-09-25,353.9502868652344
2023-09-26,348.6352844238281
2023-09-27,349.45220947265625
2023-09-28,352.3755187988281
2023-09-29,352.63140869140625
2023-10-02,355.5743408203125
2023-10-03,349.3341064453125
2023-10-04,354.0881042480469
2023-10-05,353.0448303222656
2023-10-06,358.960205078125
2023-10-09,360.7909240722656
2023-10-10,362.7889404296875
2023-10-11,365.3775329589844
2023-10-12,364.10791015625
2023-10-13,359.5310974121094
2023-10-16,363.59600830078125
2023-10-17,362.4050598144531
2023-10-18,357.6511535644531
2023-10-19,354.3046569824219
2023-10-20,349.0191650390625
2023-10-23,350.07232666015625
2023-10-24,353.47784423828125
2023-10-25,344.8262023925781
2023-10-26,338.2513122558594
2023-10-27,339.8753356933594
2023-10-30,343.7041320800781
2023-10-31,345.3478698730469
2023-11-01,351.3420104980469
2023-11-02,357.72003173828125
2023-11-03,361.9228210449219
2023-11-06,363.39923095703125
2023-11-07,366.83428955078125
2023-11-08,367.07049560546875
2023-11-09,364.24566650390625
2023-11-10,372.43475341796875
2023-11-13,371.2733154296875
2023-11-14,379.2654724121094
2023-11-15,379.55096435546875
2023-11-16,379.87579345703125
2023-11-17,379.9643859863281
2023-11-20,384.5903625488281
2023-11-21,382.35614013671875
2023-11-22,383.92108154296875
2023-11-24,383.3797607421875
2023-11-27,383.0451354980469
2023-11-28,384.04901123046875
2023-11-29,383.6750183105469
2023-11-30,382.7103576660156
2023-12-01,383.8029479980469
2023-12-04,380.23992919921875
2023-12-05,381.1947021484375
2023-12-06,378.98992919921875
2023-12-07,384.2851867675781
2023-12-08,385.9978942871094
2023-12-11,389.2951354980469
2023-12-12,392.3955993652344
2023-12-13,397.3857421875
2023-12-14,397.04132080078125
2023-12-15,398.9605712890625
2023-12-18,401.4734802246094
2023-12-19,403.52484130859375
2023-12-20,397.5285949707031
2023-12-21,402.15399169921875
2023-12-22,402.755615234375
2023-12-26,405.2211608886719
2023-12-27,406.04608154296875
2023-12-28,405.8487243652344
2023-12-29,404.09228515625
2024-01-02,397.25421142578125
2024-01-03,393.0506591796875
2024-01-04,391.02783203125
2024-01-05,391.4915771484375
2024-01-08,399.5828857421875
2024-01-09,400.372314453125
2024-01-10,403.0858459472656
2024-01-11,403.9245910644531
2024-01-12,404.13177490234375
2024-01-16,404.09228515625
2024-01-17,401.8129577636719
2024-01-18,407.5163269042969
2024-01-19,415.5977478027344
2024-01-22,416.14056396484375
2024-01-23,417.86737060546875
2024-01-24,420.1861877441406
2024-01-25,420.6993103027344
2024-01-26,418.19293212890625
2024-01-29,422.47540283203125
2024-01-30,419.6631774902344
2024-01-31,411.4435729980469
2024-02-01,416.28851318359375
2024-02-02,423.3240661621094
2024-02-05,422.771484375
2024-02-06,421.9228820800781
2024-02-07,426.2645263671875
2024-02-08,427.0539245605469
2024-02-09,431.2574462890625
2024-02-12,429.57012939453125
2024-02-13,422.8700866699219
2024-02-14,427.4782409667969
2024-02-15,428.7511291503906
2024-02-16,424.8634338378906
2024-02-20,421.6564025878906
2024-02-21,419.9690856933594
2024-02-22,432.2639465332031
2024-02-23,430.9910583496094
2024-02-26,430.7641296386719
2024-02-27,431.8001708984375
2024-02-28,429.5010681152344
2024-02-29,433.1816101074219
2024-03-01,439.70391845703125
2024-03-04,438.1350402832031
2024-03-05,430.2707214355469
2024-03-06,432.9744873046875
2024-03-07,439.546142578125
2024-03-08,433.2013244628906
2024-03-11,431.5929870605469
2024-03-12,437.77984619140625
2024-03-13,434.4150390625
2024-03-14,433.3197937011719
2024-03-15,428.16900634765625
2024-03-18,432.2525634765625
2024-03-19,433.32952880859375
2024-03-20,438.4673767089844
2024-03-21,440.5423583984375
2024-03-22,441.0462646484375
2024-03-25,439.4455871582031
2024-03-26,438.0228271484375
2024-03-27,439.5146484375
2024-03-28,438.7045593261719
2024-04-01,439.6333312988281
2024-04-02,435.8392028808594
2024-04-03,436.8173522949219
2024-04-04,430.1381530761719
2024-04-05,435.2068786621094
2024-04-08,435.3353271484375
2024-04-09,436.9458312988281
2024-04-10,433.1319580078125
2024-04-11,440.0483093261719
2024-04-12,433.03314208984375
2024-04-15,425.9092712402344
2024-04-16,425.9488220214844
2024-04-17,420.7516174316406
2024-04-18,418.3507080078125
2024-04-19,409.69537353515625
2024-04-22,413.8155822753906
2024-04-23,419.9908752441406
2024-04-24,421.4136657714844
2024-04-25,419.3782653808594
2024-04-26,425.85003662109375
2024-04-29,427.5790710449219
2024-04-30,419.5165710449219
2024-05-01,416.4832763671875
2024-05-02,421.7989807128906
2024-05-03,430.2764892578125
2024-05-06,434.9894714355469
2024-05-07,435.05865478515625
2024-05-08,434.8017578125
2024-05-09,435.7502746582031
2024-05-10,436.7778625488281
2024-05-13,437.7856750488281
2024-05-14,440.6015930175781
2024-05-15,447.48834228515625
2024-05-16,446.57928466796875
2024-05-17,446.3619384765625
2024-05-20,449.4743347167969
2024-05-21,450.3536376953125
2024-05-22,450.2647399902344
2024-05-23,448.2392578125
2024-05-24,452.4779968261719
2024-05-28,454.1872863769531
2024-05-29,450.98602294921875
2024-05-30,446.15447998046875
2024-05-31,445.324462890625
2024-06-03,447.7155456542969
2024-06-04,448.9407653808594
2024-06-05,457.9913024902344
2024-06-06,457.8332214355469
2024-06-07,457.4281005859375
2024-06-10,459.2757568359375
2024-06-11,462.42767333984375
2024-06-12,468.484375
2024-06-13,471.0236511230469
2024-06-14,473.4642028808594
2024-06-17,479.2640075683594
2024-06-18,479.4122619628906
2024-06-20,475.7169494628906
2024-06-21,474.44232177734375
2024-06-24,469.041015625
2024-06-25,474.4048156738281
2024-06-26,475.3844299316406
2024-06-27,476.6116027832031
2024-06-28,474.1375427246094
2024-07-01,476.91845703125
2024-07-02,481.9259338378906
2024-07-03,485.9437561035156
2024-07-05,491.0106506347656
2024-07-08,492.1783447265625
2024-07-09,492.6038513183594
2024-07-10,497.74005126953125
2024-07-11,486.8244934082031
2024-07-12,489.68450927734375
2024-07-15,491.0006408691406
2024-07-16,491.188720703125
2024-07-17,476.7699279785156
2024-07-18,474.51361083984375
2024-07-19,470.3077087402344
2024-07-22,477.3142395019531
2024-07-23,475.6318664550781
2024-07-24,458.57086181640625
2024-07-25,453.5138244628906
2024-07-26,458.16510009765625
2024-07-29,459.08538818359375
2024-07-30,452.781494140625
2024-07-31,466.18096923828125
2024-08-01,454.889404296875
2024-08-02,444.0926208496094
2024-08-05,430.85150146484375
2024-08-06,434.9683532714844
2024-08-07,430.2577209472656
2024-08-08,443.41973876953125
2024-08-09,445.7354431152344
2024-08-12,446.69537353515625
2024-08-13,457.7791442871094
2024-08-14,457.92755126953125
2024-08-15,469.49627685546875
2024-08-16,470.0999450683594
2024-08-19,476.27508544921875
2024-08-20,475.27557373046875
2024-08-21,477.4923400878906
2024-08-22,469.9217529296875
2024-08-23,475.018310546875
2024-08-26,470.4067077636719
2024-08-27,471.81195068359375
2024-08-28,466.45806884765625
2024-08-29,465.7752380371094
2024-08-30,471.3270263671875
2024-09-03,457.0171203613281
2024-09-04,455.8295593261719
2024-09-05,456.255126953125
2024-09-06,444.0332946777344
2024-09-09,449.7433776855469
2024-09-10,453.89984130859375
2024-09-11,463.7563781738281
2024-09-12,468.3087158203125
2024-09-13,470.4067077636719
2024-09-16,468.3284912109375
2024-09-17,468.575927734375
2024-09-18,466.54718017578125
2024-09-19,478.34344482421875
2024-09-20,477.4329833984375
2024-09-23,478.69854736328125
2024-09-24,481.007568359375
2024-09-25,481.4535217285156
2024-09-26,485.0707702636719
2024-09-27,482.3751525878906
2024-09-30,483.6833190917969
2024-10-01,476.94439697265625
2024-10-02,477.61834716796875
2024-10-03,477.2615661621094
2024-10-04,482.9400329589844
2024-10-07,477.7669677734375
2024-10-08,484.90228271484375
2024-10-09,488.7176208496094
2024-10-10,488.1627197265625
2024-10-11,488.92572021484375
2024-10-14,493.028564453125
2024-10-15,486.4383544921875
2024-10-16,486.497802734375
2024-10-17,486.8347473144531
2024-10-18,490.0257873535156
2024-10-21,490.9672546386719
2024-10-22,491.50238037109375
2024-10-23,483.9706726074219
2024-10-24,487.89508056640625
2024-10-25,490.8681640625
2024-10-28,490.94744873046875
2024-10-29,495.6646728515625
2024-10-30,491.9186096191406
2024-10-31,479.5012512207031
2024-11-01,483.049072265625
2024-11-04,481.6418151855469
2024-11-05,487.78607177734375
2024-11-06,501.03594970703125
2024-11-07,508.9243469238281
2024-11-08,509.51904296875
2024-11-11,509.2217102050781
2024-11-12,508.300048828125
2024-11-13,507.64599609375
2024-11-14,504.11798095703125
2024-11-15,492.1069030761719
2024-11-18,495.5259094238281
2024-11-19,498.9349670410156
2024-11-20,498.6476135253906
2024-11-21,500.44134521484375
2024-11-22,501.24407958984375
2024-11-25,502.0368347167969
2024-11-26,504.7323913574219
2024-11-27,500.7584533691406
2024-11-29,505.1585388183594
2024-12-02,510.65863037109375
2024-12-03,512.2244873046875
2024-12-04,518.5570068359375
2024-12-05,517.1200561523438
2024-12-06,521.748046875
2024-12-09,517.6848754882812
2024-12-10,515.9209594726562
2024-12-11,525.1571655273438
2024-12-12,521.7679443359375
2024-12-13,525.7616577148438
2024-12-16,533.3330078125
2024-12-17,530.9842529296875
2024-12-18,511.82794189453125
2024-12-19,509.5487365722656
2024-12-20,513.998291015625
2024-12-23,519.006103515625
2024-12-24,526.0437622070312
2024-12-26,525.6864013671875
2024-12-27,518.6984252929688
2024-12-30,511.79974365234375
2024-12-31,507.4521484375
2025-01-02,506.45953369140625
2025-01-03,514.747802734375
2025-01-06,520.6636962890625
2025-01-07,511.3728942871094
2025-01-08,511.46221923828125
2025-01-10,503.4419860839844
2025-01-13,501.8240051269531
2025-01-14,501.3475036621094
2025-01-15,512.8816528320312
2025-01-16,509.2884521484375
2025-01-17,517.8843994140625
2025-01-21,520.9218139648438
2025-01-22,527.582275390625
2025-01-23,528.7039184570312
2025-01-24,525.7161254882812
2025-01-27,510.41009521484375
2025-01-28,517.9539794921875
2025-01-29,516.981201171875
2025-01-30,519.1846923828125
2025-01-31,518.4303588867188
2025-02-03,514.28125
2025-02-04,520.5942993164062
2025-02-05,522.9566650390625
2025-02-06,525.6864013671875
2025-02-07,519.0557250976562
2025-02-10,525.3389282226562
2025-02-11,524.0881958007812
2025-02-12,524.3959350585938
2025-02-13,531.9398193359375
2025-02-14,534.1732177734375
2025-02-18,535.3841552734375
2025-02-19,535.5330810546875
2025-02-20,533.2599487304688
2025-02-21,522.1923828125
2025-02-24,516.0281982421875
2025-02-25,509.5267028808594
2025-02-26,510.75750732421875
2025-02-27,496.5730895996094
2025-02-28,504.4147033691406
2025-03-03,493.3768615722656
2025-03-04,491.8879699707031
2025-03-05,498.30023193359375
2025-03-06,484.59228515625
2025-03-07,488.1557922363281
2025-03-10,469.2366027832031
2025-03-11,468.1149597167969
2025-03-12,473.3956298828125
2025-03-13,464.8790283203125
2025-03-14,476.11541748046875
2025-03-17,479.202392578125
2025-03-18,471.03326416015625
2025-03-19,477.3363342285156
2025-03-20,475.7183837890625
2025-03-21,477.28668212890625
2025-03-24,487.7604064941406
2025-03-25,490.54388427734375
2025-03-26,481.5175476074219
2025-03-27,478.7738342285156
2025-03-28,466.1687927246094
2025-03-31,466.1488952636719
2025-04-01,469.9065856933594
2025-04-02,473.3362121582031
2025-04-03,447.99676513671875
2025-04-04,420.1722412109375
2025-04-07,421.1861877441406
2025-04-08,413.60125732421875
2025-04-09,463.24615478515625
2025-04-10,443.54327392578125
2025-04-11,451.7146911621094
2025-04-14,454.7764892578125
2025-04-15,455.2834777832031
2025-04-16,441.5550842285156
2025-04-17,441.4755554199219
2025-04-21,430.5505065917969
2025-04-22,441.85333251953125
2025-04-23,451.8737487792969
2025-04-24,464.5881652832031
2025-04-25,469.7673645019531
2025-04-28,469.6182556152344
2025-04-29,472.7198181152344
2025-04-30,472.66015625
2025-05-01,478.8334655761719
2025-05-02,485.94122314453125
2025-05-05,483.058349609375
2025-05-06,478.56512451171875
2025-05-07,480.4438781738281
2025-05-08,485.4044189453125
2025-05-09,485.0863037109375
2025-05-12,504.8488464355469
2025-05-13,512.5430908203125
2025-05-14,515.61474609375
2025-05-15,516.181396484375
2025-05-16,518.42822265625
2025-05-19,518.9251708984375
2025-05-20,517.1954345703125
2025-05-21,510.0081481933594
2025-05-22,510.9624328613281
2025-05-23,506.2305908203125
2025-05-27,518.1398315429688
2025-05-28,515.8433837890625
2025-05-29,516.8574829101562
2025-05-30,516.0422973632812
2025-06-02,520.1181030273438
2025-06-03,524.183837890625
2025-06-04,525.6451416015625
2025-06-05,521.688720703125
2025-06-06,526.788330078125
2025-06-09,527.5637817382812
2025-06-10,531.0531005859375
2025-06-11,529.2637329101562
2025-06-12,530.5062255859375
2025-06-13,523.8460083007812
2025-06-16,531.1325073242188
2025-06-17,525.9534301757812
2025-06-18,525.8638305664062
2025-06-20,523.7166748046875
2025-06-23,529.1017456054688
2025-06-24,537.1927490234375
2025-06-25,538.566162109375
2025-06-26,543.6019287109375
2025-06-27,545.4629516601562
2025-06-30,548.995849609375
2025-07-01,544.3681640625
2025-07-02,548.159912109375
2025-07-03,553.553955078125
2025-07-07,549.384033203125
2025-07-08,549.692626953125
2025-07-09,553.5838623046875
2025-07-10,552.7876586914062
2025-07-11,551.5436401367188
2025-07-14,553.5440063476562
2025-07-15,554.051513671875
2025-07-16,554.6187744140625
2025-07-17,559.107177734375
2025-07-18,558.56982421875
2025-07-21,561.4658203125
2025-07-22,558.5599365234375
2025-07-23,561.1076049804688
2025-07-24,562.3018188476562
2025-07-25,563.6553955078125
2025-07-28,565.4168090820312
2025-07-29,564.5410766601562
2025-07-30,565.2974243164062
2025-07-31,562.3018188476562
2025-08-01,551.2251586914062
2025-08-04,561.396240234375
2025-08-05,557.5845336914062
2025-08-06,564.600830078125
2025-08-07,566.5115356445312
2025-08-08,571.7960815429688
2025-08-11,570.1041870117188
2025-08-12,577.2697143554688
2025-08-13,577.558349609375
2025-08-14,577.110595703125
2025-08-15,574.57275390625
2025-08-18,574.3438110351562
2025-08-19,566.5513916015625
2025-08-20,563.1876220703125
2025-08-21,560.5801391601562
2025-08-22,569.2284545898438
2025-08-25,567.5863647460938
2025-08-26,569.8654174804688
2025-08-27,570.7412109375
2025-08-28,574.31396484375
2025-08-29,567.666015625
2025-09-02,562.908935546875
2025-09-03,567.3375854492188
2025-09-04,572.4728393554688
2025-09-05,573.298828125
2025-09-08,576.0953979492188
2025-09-09,577.7276000976562
2025-09-10,577.9166259765625
2025-09-11,581.2803955078125
2025-09-12,583.8480224609375
2025-09-15,588.843994140625
2025-09-16,588.3463745117188
2025-09-17,587.1720581054688
2025-09-18,592.466552734375
2025-09-19,596.4771118164062
2025-09-22,600.0083618164062
2025-09-23,596.02294921875
2025-09-24,593.9305419921875
2025-09-25,591.3699340820312
2025-09-26,593.801025390625
2025-09-29,596.5509643554688
2025-09-30,598.1849975585938
2025-10-01,601.0545043945312
2025-10-02,603.5255126953125
2025-10-03,600.9848022460938
2025-10-06,605.498291015625
2025-10-07,602.3099975585938
2025-10-08,609.2147216796875
2025-10-09,608.4774169921875
2025-10-10,587.3545532226562
2025-10-13,599.8190307617188
2025-10-14,595.8236694335938
2025-10-15,600.0282592773438
2025-10-16,597.806396484375
2025-10-17,601.7320556640625
2025-10-20,609.3142700195312
2025-10-21,609.1549682617188
2025-10-22,603.286376953125
2025-10-23,608.35791015625
2025-10-24,614.8541259765625
2025-10-27,625.80419921875
2025-10-28,630.6165161132812
2025-10-29,633.4562377929688
2025-10-30,623.7716064453125
2025-10-31,626.7805786132812
2025-11-03,629.779541015625
2025-11-04,616.996337890625
2025-11-05,621.01171875
2025-11-06,609.4439086914062
2025-11-07,607.5208740234375
2025-11-10,620.9617919921875
2025-11-11,619.307861328125
2025-11-12,618.8196411132812
2025-11-13,606.1858520507812
2025-11-14,606.6441040039062
2025-11-17,601.4630126953125
2025-11-18,594.1398315429688
2025-11-19,597.6868286132812
2025-11-20,583.5385131835938
2025-11-21,587.9224853515625
2025-11-24,602.9575805664062
2025-11-25,606.6740112304688
2025-11-26,612.034423828125
2025-11-28,616.996337890625
2025-12-01,614.923828125
2025-12-02,619.736328125
2025-12-03,621.2507934570312
2025-12-04,620.6729125976562
2025-12-05,623.20361328125
2025-12-08,622.008056640625
2025-12-09,622.7752075195312
2025-12-10,625.3258666992188
2025-12-11,623.3032836914062
2025-12-12,611.3867797851562
2025-12-15,608.3179931640625
2025-12-16,609.5236206054688
2025-12-17,598.2247924804688
2025-12-18,606.8931884765625
2025-12-19,614.8042602539062
2025-12-22,617.7513427734375
2025-12-23,620.6444702148438
2025-12-24,622.460205078125
2025-12-26,622.4203491210938
2025-12-29,619.4074096679688
2025-12-30,617.9707641601562
2025-12-31,612.8628540039062
2026-01-02,611.6756591796875
2026-01-05,616.5341796875
2026-01-06,621.951416015625
2026-01-07,622.550048828125
2026-01-08,619.0083618164062
2026-01-09,625.173828125
2026-01-12,625.6925659179688
2026-01-13,624.7647705078125
2026-01-14,618.0905151367188
2026-01-15,620.3153076171875
2026-01-16,619.7965087890625
2026-01-20,606.6276245117188
2026-01-21,614.8282470703125
2026-01-22,619.2976684570312
2026-01-23,621.2530517578125
2026-01-26,623.9866333007812
2026-01-27,629.6432495117188
2026-01-28,631.728271484375
2026-01-29,627.9472045898438
2026-01-30,620.405029296875
2026-02-02,624.6650390625
2026-02-03,615.0676879882812
2026-02-04,604.322998046875
2026-02-05,595.6235961914062
2026-02-06,608.2138671875
2026-02-09,612.8728637695312
2026-02-10,610.029541015625
2026-02-11,611.6657104492188
2026-02-12,599.22509765625
2026-02-13,600.5020141601562
2026-02-17,599.8834838867188
2026-02-18,604.3629760742188
2026-02-19,602.04833984375
2026-02-20,607.3757934570312
2026-02-23,599.9932250976562
2026-02-24,606.4380493164062
2026-02-25,615.227294921875
2026-02-26,607.8048095703125
2026-02-27,605.8594360351562
2026-03-02,606.6575317382812
2026-03-03,600.162841796875
2026-03-04,609.3112182617188
2026-03-05,607.4755859375
2026-03-06,598.337158203125
2026-03-09,606.3283081054688
2026-03-10,606.3383178710938
2026-03-11,606.2584228515625
2026-03-12,595.85302734375
2026-03-13,592.3213500976562
2026-03-16,598.9656982421875
2026-03-17,601.8887939453125
2026-03-18,593.4986572265625
2026-03-19,591.623046875
2026-03-20,580.6888427734375
2026-03-23,587.3545532226562
2026-03-24,583.3389282226562
2026-03-25,587.1747436523438
2026-03-26,573.1600952148438
2026-03-27,561.9624633789062
2026-03-30,557.6671752929688
2026-03-31,576.54638671875
2026-04-01,583.6685791015625
2026-04-02,584.3378295898438
2026-04-06,587.85400390625
2026-04-07,587.9439086914062
2026-04-08,605.4246826171875
2026-04-09,609.5202026367188
2026-04-10,610.3992309570312
2026-04-13,616.7122802734375
2026-04-14,627.909912109375
2026-04-15,636.7003173828125
2026-04-16,639.7669067382812
2026-04-17,648.1376953125
2026-04-20,646.0799560546875
2026-04-21,643.6226806640625
2026-04-22,654.390869140625
2026-04-23,650.7048950195312
2026-04-24,663.1512451171875
2026-04-27,663.5008544921875
2026-04-28,656.8281860351562
2026-04-29,660.84375
2026-04-30,667.0069580078125
2026-05-01,673.4099731445312
2026-05-04,672.141357421875
2026-05-05,680.8617553710938
2026-05-06,695.0062255859375
2026-05-07,694.1771240234375
2026-05-08,710.44921875
2026-05-11,712.5069580078125
2026-05-12,706.463623046875
2026-05-13,713.9254760742188
2026-05-14,718.9998168945312
2026-05-15,708.1517944335938
2026-05-18,705.1051025390625
2026-05-19,700.7599487304688
2026-05-20,712.3671875
2026-05-21,713.7256469726562
2026-05-22,716.7523193359375
2026-05-26,729.4783935546875
2026-05-27,728.6492919921875
2026-05-28,734.79248046875
2026-05-29,737.49951171875
2026-06-01,741.9246826171875
2026-06-02,745.3408813476562
2026-06-03,743.39306640625
2026-06-04,739.7969970703125
2026-06-05,704.2860107421875
2026-06-08,715.283935546875
2026-06-09,707.052978515625
2026-06-10,692.9285278320312
2026-06-11,716.332763671875
2026-06-12,720.5481567382812
2026-06-15,743.1832885742188
2026-06-16,729.0587768554688
2026-06-17,721.7168579101562
2026-06-18,739.8070068359375
2026-06-22,737.9500122070312
2026-06-23,713.6500244140625
2026-06-24,710.6199951171875
2026-06-25,716.3800048828125
2026-06-26,706.52001953125
2026-06-29,724.0800170898438
2026-06-30,736.4000244140625
2026-07-01,728.6143188476562
