Date,Close
1993-01-29,24.113264083862305
1993-02-01,24.284759521484375
1993-02-02,24.33620262145996
1993-02-03,24.59347152709961
1993-02-04,24.696372985839844
1993-02-05,24.679216384887695
1993-02-08,24.679216384887695
1993-02-09,24.507722854614258
1993-02-10,24.54201316833496
1993-02-11,24.662076950073242
1993-02-12,24.473421096801758
1993-02-16,23.856008529663086
1993-02-17,23.838855743408203
1993-02-18,23.821704864501953
1993-02-19,23.907453536987305
1993-02-22,23.993206024169922
1993-02-23,23.976057052612305
1993-02-24,24.284759521484375
1993-02-25,24.33620262145996
1993-02-26,24.370519638061523
1993-03-01,24.301918029785156
1993-03-02,24.662076950073242
1993-03-03,24.76497459411621
1993-03-04,24.62776756286621
1993-03-05,24.559162139892578
1993-03-08,25.10797691345215
1993-03-09,25.022233963012695
1993-03-10,25.073667526245117
1993-03-11,25.00507354736328
1993-03-12,24.747825622558594
1993-03-15,24.867883682250977
1993-03-16,24.867883682250977
1993-03-17,24.71352195739746
1993-03-18,24.867883682250977
1993-03-19,24.830244064331055
1993-03-22,24.6923828125
1993-03-23,24.74408531188965
1993-03-24,24.74408531188965
1993-03-25,24.89915657043457
1993-03-26,24.761323928833008
1993-03-29,24.864709854125977
1993-03-30,24.933624267578125
1993-03-31,24.91638946533203
1993-04-01,24.830244064331055
1993-04-02,24.31329345703125
1993-04-05,24.433916091918945
1993-04-06,24.364999771118164
1993-04-07,24.451143264770508
1993-04-08,24.416698455810547
1993-04-12,24.761323928833008
1993-04-13,24.813003540039062
1993-04-14,24.77855110168457
1993-04-15,24.77855110168457
1993-04-16,24.77855110168457
1993-04-19,24.675153732299805
1993-04-20,24.554529190063477
1993-04-21,24.537322998046875
1993-04-22,24.227136611938477
1993-04-23,24.123754501342773
1993-04-26,23.934207916259766
1993-04-27,24.192678451538086
1993-04-28,24.1409969329834
1993-04-29,24.244367599487305
1993-04-30,24.278820037841797
1993-05-03,24.433916091918945
1993-05-04,24.520069122314453
1993-05-05,24.589000701904297
1993-05-06,24.502843856811523
1993-05-07,24.451143264770508
1993-05-10,24.502843856811523
1993-05-11,24.60624122619629
1993-05-12,24.571767807006836
1993-05-13,24.278820037841797
1993-05-14,24.261608123779297
1993-05-17,24.34775733947754
1993-05-18,24.330533981323242
1993-05-19,24.830244064331055
1993-05-20,24.89915657043457
1993-05-21,24.675153732299805
1993-05-24,24.77855110168457
1993-05-25,24.830244064331055
1993-05-26,25.140405654907227
1993-05-27,25.054256439208984
1993-05-28,24.933624267578125
1993-06-01,25.17486000061035
1993-06-02,25.140405654907227
1993-06-03,25.054256439208984
1993-06-04,24.968095779418945
1993-06-07,24.881927490234375
1993-06-08,24.65792465209961
1993-06-09,24.74408531188965
1993-06-10,24.761323928833008
1993-06-11,24.864709854125977
1993-06-14,24.830244064331055
1993-06-15,24.77855110168457
1993-06-16,24.830244064331055
1993-06-17,24.91638946533203
1993-06-18,24.711210250854492
1993-06-21,24.763269424438477
1993-06-22,24.780614852905273
1993-06-23,24.555042266845703
1993-06-24,24.884735107421875
1993-06-25,24.867387771606445
1993-06-28,25.14504051208496
1993-06-29,25.02356719970703
1993-06-30,25.02356719970703
1993-07-01,24.95416259765625
1993-07-02,24.815319061279297
1993-07-06,24.555042266845703
1993-07-07,24.624441146850586
1993-07-08,24.902095794677734
1993-07-09,24.97150230407715
1993-07-12,24.95416259765625
1993-07-13,24.93680763244629
1993-07-14,25.02356719970703
1993-07-15,24.91944694519043
1993-07-16,24.85004234313965
1993-07-19,24.832685470581055
1993-07-20,24.902095794677734
1993-07-21,24.884735107421875
1993-07-22,24.711210250854492
1993-07-23,24.832685470581055
1993-07-26,24.97150230407715
1993-07-27,24.95416259765625
1993-07-28,24.902095794677734
1993-07-29,25.040925979614258
1993-07-30,24.902095794677734
1993-08-02,24.97150230407715
1993-08-03,24.988862991333008
1993-08-04,24.988862991333008
1993-08-05,24.93680763244629
1993-08-06,24.97150230407715
1993-08-09,25.11034393310547
1993-08-10,25.092985153198242
1993-08-11,25.092985153198242
1993-08-12,25.02356719970703
1993-08-13,25.05827522277832
1993-08-16,25.197105407714844
1993-08-17,25.28388023376465
1993-08-18,25.42268943786621
1993-08-19,25.42268943786621
1993-08-20,25.4400634765625
1993-08-23,25.388004302978516
1993-08-24,25.665634155273438
1993-08-25,25.683008193969727
1993-08-26,25.700359344482422
1993-08-27,25.683008193969727
1993-08-30,25.787120819091797
1993-08-31,25.856538772583008
1993-09-01,25.821836471557617
1993-09-02,25.735050201416016
1993-09-03,25.752418518066406
1993-09-07,25.578876495361328
1993-09-08,25.49211311340332
1993-09-09,25.544172286987305
1993-09-10,25.769758224487305
1993-09-13,25.787120819091797
1993-09-14,25.683008193969727
1993-09-15,25.752418518066406
1993-09-16,25.64830780029297
1993-09-17,25.59857177734375
1993-09-20,25.389028549194336
1993-09-21,25.301712036132812
1993-09-22,25.511241912841797
1993-09-23,25.65094566345215
1993-09-24,25.58109474182129
1993-09-27,25.860485076904297
1993-09-28,25.808116912841797
1993-09-29,25.72079849243164
1993-09-30,25.66840171813965
1993-10-01,25.790632247924805
1993-10-04,25.82555389404297
1993-10-05,25.790632247924805
1993-10-06,25.773162841796875
1993-10-07,25.703332901000977
1993-10-08,25.738248825073242
1993-10-11,25.790632247924805
1993-10-12,25.82555389404297
1993-10-13,25.82555389404297
1993-10-14,26.157325744628906
1993-10-15,26.297029495239258
1993-10-18,26.2271728515625
1993-10-19,26.03509521484375
1993-10-20,26.070022583007812
1993-10-21,26.03509521484375
1993-10-22,25.91287612915039
1993-10-25,25.982723236083984
1993-10-26,25.965248107910156
1993-10-27,25.982723236083984
1993-10-28,26.174787521362305
1993-10-29,26.174787521362305
1993-11-01,26.244653701782227
1993-11-02,26.2271728515625
1993-11-03,25.89539909362793
1993-11-04,25.616012573242188
1993-11-05,25.738248825073242
1993-11-08,25.773162841796875
1993-11-09,25.790632247924805
1993-11-10,25.982723236083984
1993-11-11,25.91287612915039
1993-11-12,26.03509521484375
1993-11-15,26.017648696899414
1993-11-16,26.139863967895508
1993-11-17,26.000181198120117
1993-11-18,25.930326461791992
1993-11-19,25.8779296875
1993-11-22,25.72079849243164
1993-11-23,25.860485076904297
1993-11-24,25.965248107910156
1993-11-26,25.982723236083984
1993-11-29,25.8779296875
1993-11-30,25.89539909362793
1993-12-01,25.930326461791992
1993-12-02,26.000181198120117
1993-12-03,26.10494613647461
1993-12-06,26.19224739074707
1993-12-07,26.174787521362305
1993-12-08,26.174787521362305
1993-12-09,26.087488174438477
1993-12-10,26.03509521484375
1993-12-13,26.19224739074707
1993-12-14,26.000181198120117
1993-12-15,25.965248107910156
1993-12-16,26.052549362182617
1993-12-17,26.195751190185547
1993-12-20,26.23089027404785
1993-12-21,26.14299201965332
1993-12-22,26.318803787231445
1993-12-23,26.301218032836914
1993-12-27,26.441865921020508
1993-12-28,26.494611740112305
1993-12-29,26.459455490112305
1993-12-30,26.353965759277344
1993-12-31,26.21331787109375
1994-01-03,26.14299201965332
1994-01-04,26.248483657836914
1994-01-05,26.301218032836914
1994-01-06,26.301218032836914
1994-01-07,26.459455490112305
1994-01-10,26.775903701782227
1994-01-11,26.723167419433594
1994-01-12,26.63527488708496
1994-01-13,26.564958572387695
1994-01-14,26.670421600341797
1994-01-17,26.670421600341797
1994-01-18,26.705575942993164
1994-01-19,26.63527488708496
1994-01-20,26.705575942993164
1994-01-21,26.65284538269043
1994-01-24,26.547372817993164
1994-01-25,26.547372817993164
1994-01-26,26.617685317993164
1994-01-27,26.863813400268555
1994-01-28,26.934141159057617
1994-01-31,27.12755012512207
1994-02-01,26.986896514892578
1994-02-02,27.162691116333008
1994-02-03,27.039621353149414
1994-02-04,26.4243106842041
1994-02-07,26.547372817993164
1994-02-08,26.564958572387695
1994-02-09,26.670421600341797
1994-02-10,26.441865921020508
1994-02-11,26.529773712158203
1994-02-14,26.564958572387695
1994-02-15,26.705575942993164
1994-02-16,26.688013076782227
1994-02-17,26.529773712158203
1994-02-18,26.371545791625977
1994-02-22,26.63527488708496
1994-02-23,26.564958572387695
1994-02-24,26.21331787109375
1994-02-25,26.33638572692871
1994-02-28,26.33638572692871
1994-03-01,26.23089027404785
1994-03-02,26.266069412231445
1994-03-03,26.195751190185547
1994-03-04,26.266069412231445
1994-03-07,26.406709671020508
1994-03-08,26.301218032836914
1994-03-09,26.4243106842041
1994-03-10,26.21331787109375
1994-03-11,26.353965759277344
1994-03-14,26.389129638671875
1994-03-15,26.371545791625977
1994-03-16,26.58252716064453
1994-03-17,26.58252716064453
1994-03-18,26.576740264892578
1994-03-21,26.50599479675293
1994-03-22,26.576740264892578
1994-03-23,26.559040069580078
1994-03-24,26.240764617919922
1994-03-25,25.993192672729492
1994-03-28,26.02857208251953
1994-03-29,25.515779495239258
1994-03-30,25.16213035583496
1994-03-31,25.232858657836914
1994-04-04,24.843835830688477
1994-04-05,25.35662841796875
1994-04-06,25.35662841796875
1994-04-07,25.480411529541016
1994-04-08,25.28590202331543
1994-04-11,25.39199447631836
1994-04-12,25.35662841796875
1994-04-13,25.224023818969727
1994-04-14,25.232858657836914
1994-04-15,25.232858657836914
1994-04-18,25.06487274169922
1994-04-19,25.10024642944336
1994-04-20,25.073701858520508
1994-04-21,25.409685134887695
1994-04-22,25.383155822753906
1994-04-25,25.64838981628418
1994-04-26,25.621864318847656
1994-04-28,25.436206817626953
1994-04-29,25.515779495239258
1994-05-02,25.674915313720703
1994-05-03,25.64838981628418
1994-05-04,25.60418701171875
1994-05-05,25.568822860717773
1994-05-06,25.321287155151367
1994-05-09,25.10024642944336
1994-05-10,25.294748306274414
1994-05-11,25.06487274169922
1994-05-12,25.188657760620117
1994-05-13,25.188657760620117
1994-05-16,25.19748306274414
1994-05-17,25.568822860717773
1994-05-18,25.754499435424805
1994-05-19,25.878278732299805
1994-05-20,25.781007766723633
1994-05-23,25.736812591552734
1994-05-24,25.842897415161133
1994-05-25,25.913633346557617
1994-05-26,25.93131446838379
1994-05-27,25.957834243774414
1994-05-31,25.922481536865234
1994-06-01,26.037416458129883
1994-06-02,26.01088523864746
1994-06-03,26.161184310913086
1994-06-06,26.152341842651367
1994-06-07,26.116973876953125
1994-06-08,25.904781341552734
1994-06-09,26.04625701904297
1994-06-10,26.09044647216797
1994-06-13,26.125825881958008
1994-06-14,26.329172134399414
1994-06-15,26.22306251525879
1994-06-16,26.2761173248291
1994-06-17,26.12944793701172
1994-06-20,25.90696907043457
1994-06-21,25.68447494506836
1994-06-22,25.78236198425293
1994-06-23,25.63106918334961
1994-06-24,25.097076416015625
1994-06-27,25.533172607421875
1994-06-28,25.4085750579834
1994-06-29,25.488693237304688
1994-06-30,25.328487396240234
1994-07-01,25.381887435913086
1994-07-05,25.515382766723633
1994-07-06,25.479785919189453
1994-07-07,25.58657455444336
1994-07-08,25.577680587768555
1994-07-11,25.488693237304688
1994-07-12,25.524269104003906
1994-07-13,25.568771362304688
1994-07-14,25.84466552734375
1994-07-15,25.85357093811035
1994-07-18,25.898046493530273
1994-07-19,25.84466552734375
1994-07-20,25.72897720336914
1994-07-21,25.78236198425293
1994-07-22,25.826866149902344
1994-07-25,25.862443923950195
1994-07-26,25.835765838623047
1994-07-27,25.835765838623047
1994-07-28,25.88913917541504
1994-07-29,26.147260665893555
1994-08-01,26.271833419799805
1994-08-02,26.30746078491211
1994-08-03,26.31634521484375
1994-08-04,26.165042877197266
1994-08-05,26.076047897338867
1994-08-08,26.13836097717285
1994-08-09,26.18285369873047
1994-08-10,26.28074836730957
1994-08-11,26.18285369873047
1994-08-12,26.387544631958008
1994-08-15,26.378629684448242
1994-08-16,26.565542221069336
1994-08-17,26.547739028930664
1994-08-18,26.458744049072266
1994-08-19,26.44093894958496
1994-08-22,26.41425323486328
1994-08-23,26.565542221069336
1994-08-24,26.85032844543457
1994-08-25,26.779130935668945
1994-08-26,27.16182518005371
1994-08-29,27.14402198791504
1994-08-30,27.215206146240234
1994-08-31,27.14402198791504
1994-09-01,27.05501937866211
1994-09-02,26.93932342529297
1994-09-06,26.94822883605957
1994-09-07,26.921539306640625
1994-09-08,27.05501937866211
1994-09-09,26.770219802856445
1994-09-12,26.69013023376465
1994-09-13,26.770219802856445
1994-09-14,26.796926498413086
1994-09-15,27.135116577148438
1994-09-16,26.94200325012207
1994-09-19,26.96886444091797
1994-09-20,26.458499908447266
1994-09-21,26.458499908447266
1994-09-22,26.39582633972168
1994-09-23,26.30628776550293
1994-09-26,26.44058609008789
1994-09-27,26.422687530517578
1994-09-28,26.628637313842773
1994-09-29,26.494319915771484
1994-09-30,26.458499908447266
1994-10-03,26.39582633972168
1994-10-04,26.001850128173828
1994-10-05,26.010799407958984
1994-10-06,25.930219650268555
1994-10-07,26.046630859375
1994-10-10,26.324193954467773
1994-10-11,26.718168258666992
1994-10-12,26.753976821899414
1994-10-13,26.843503952026367
1994-10-14,26.959924697875977
1994-10-17,26.90618133544922
1994-10-18,26.843503952026367
1994-10-19,26.96886444091797
1994-10-20,26.7897891998291
1994-10-21,26.68234634399414
1994-10-24,26.458499908447266
1994-10-25,26.4853515625
1994-10-26,26.5838680267334
1994-10-27,26.745018005371094
1994-10-28,27.30912208557129
1994-10-31,27.21062469482422
1994-11-01,26.90618133544922
1994-11-02,26.753976821899414
1994-11-03,26.89725112915039
1994-11-04,26.548030853271484
1994-11-07,26.628637313842773
1994-11-08,26.834558486938477
1994-11-09,26.87932586669922
1994-11-10,26.691293716430664
1994-11-11,26.59280776977539
1994-11-14,26.843503952026367
1994-11-15,26.753976821899414
1994-11-16,26.843503952026367
1994-11-17,26.664447784423828
1994-11-18,26.628637313842773
1994-11-21,26.360017776489258
1994-11-22,25.786958694458008
1994-11-23,25.930219650268555
1994-11-25,26.05556869506836
1994-11-28,26.171960830688477
1994-11-29,26.163036346435547
1994-11-30,26.127201080322266
1994-12-01,25.867544174194336
1994-12-02,26.109294891357422
1994-12-05,26.136165618896484
1994-12-06,26.15406608581543
1994-12-07,25.96603775024414
1994-12-08,25.71532440185547
1994-12-09,25.813814163208008
1994-12-12,25.98393440246582
1994-12-13,26.082433700561523
1994-12-14,26.216753005981445
1994-12-15,26.29731559753418
1994-12-16,26.425783157348633
1994-12-19,26.461877822875977
1994-12-20,26.380632400512695
1994-12-21,26.660425186157227
1994-12-22,26.57919692993164
1994-12-23,26.60628318786621
1994-12-27,26.75067138671875
1994-12-28,26.615310668945312
1994-12-29,26.633358001708984
1994-12-30,26.317468643188477
1995-01-03,26.443824768066406
1995-01-04,26.570192337036133
1995-01-05,26.570192337036133
1995-01-06,26.597248077392578
1995-01-09,26.624332427978516
1995-01-10,26.651403427124023
1995-01-11,26.669462203979492
1995-01-12,26.67848014831543
1995-01-13,26.994367599487305
1995-01-16,27.156818389892578
1995-01-17,27.165842056274414
1995-01-18,27.138765335083008
1995-01-19,26.985334396362305
1995-01-20,26.886049270629883
1995-01-23,26.9672908782959
1995-01-24,27.003387451171875
1995-01-25,27.075592041015625
1995-01-26,27.102664947509766
1995-01-27,27.210966110229492
1995-01-30,27.093639373779297
1995-01-31,27.20194435119629
1995-02-01,27.19291877746582
1995-02-02,27.35536003112793
1995-02-03,27.743452072143555
1995-02-06,27.86078453063965
1995-02-07,27.896879196166992
1995-02-08,27.896879196166992
1995-02-09,27.896879196166992
1995-02-10,27.932985305786133
1995-02-13,27.942001342773438
1995-02-14,27.978120803833008
1995-02-15,28.13152503967285
1995-02-16,28.09544563293457
1995-02-17,27.987136840820312
1995-02-21,27.978120803833008
1995-02-22,28.185691833496094
1995-02-23,28.23082733154297
1995-02-24,28.303016662597656
1995-02-27,28.077377319335938
1995-02-28,28.312049865722656
1995-03-01,28.13152503967285
1995-03-02,28.167640686035156
1995-03-03,28.176652908325195
1995-03-06,28.194711685180664
1995-03-07,27.978120803833008
1995-03-08,28.05030632019043
1995-03-09,28.041290283203125
1995-03-10,28.456449508666992
1995-03-13,28.429365158081055
1995-03-14,28.636943817138672
1995-03-15,28.582794189453125
1995-03-16,28.754270553588867
1995-03-17,28.78287696838379
1995-03-20,28.78287696838379
1995-03-21,28.71027374267578
1995-03-22,28.737504959106445
1995-03-23,28.755651473999023
1995-03-24,29.16398811340332
1995-03-27,29.281953811645508
1995-03-28,29.281953811645508
1995-03-29,29.272876739501953
1995-03-30,29.21843910217285
1995-03-31,29.100460052490234
1995-04-03,29.17305564880371
1995-04-04,29.363616943359375
1995-04-05,29.363616943359375
1995-04-06,29.472497940063477
1995-04-07,29.445283889770508
1995-04-10,29.499731063842773
1995-04-11,29.39990234375
1995-04-12,29.499731063842773
1995-04-13,29.663049697875977
1995-04-17,29.490638732910156
1995-04-18,29.390832901000977
1995-04-19,29.363616943359375
1995-04-20,29.408985137939453
1995-04-21,29.554161071777344
1995-04-24,29.89899253845215
1995-04-25,29.817333221435547
1995-04-26,29.844545364379883
1995-04-27,29.91712760925293
1995-04-28,29.962486267089844
1995-05-01,29.88083839416504
1995-05-02,29.94436264038086
1995-05-03,30.36176300048828
1995-05-04,30.34362030029297
1995-05-05,30.30731773376465
1995-05-08,30.525081634521484
1995-05-09,30.497867584228516
1995-05-10,30.5341796875
1995-05-11,30.615840911865234
1995-05-12,30.63397789001465
1995-05-15,30.779165267944336
1995-05-16,30.79730796813965
1995-05-17,30.679349899291992
1995-05-18,30.234708786010742
1995-05-19,30.252883911132812
1995-05-22,30.588598251342773
1995-05-23,30.869915008544922
1995-05-24,30.851760864257812
1995-05-25,30.878997802734375
1995-05-26,30.525081634521484
1995-05-30,30.51601791381836
1995-05-31,31.151208877563477
1995-06-01,31.06955337524414
1995-06-02,31.096771240234375
1995-06-05,31.287294387817383
1995-06-06,31.232877731323242
1995-06-07,31.06955337524414
1995-06-08,30.99696159362793
1995-06-09,30.81546974182129
1995-06-12,30.987884521484375
1995-06-13,31.323619842529297
1995-06-14,31.29640769958496
1995-06-15,31.432491302490234
1995-06-16,31.525819778442383
1995-06-19,31.881797790527344
1995-06-20,31.79964256286621
1995-06-21,31.78139305114746
1995-06-22,32.20124816894531
1995-06-23,32.137351989746094
1995-06-26,31.75401496887207
1995-06-27,31.690095901489258
1995-06-28,31.854412078857422
1995-06-29,31.79964256286621
1995-06-30,31.78139305114746
1995-07-03,31.900049209594727
1995-07-05,32.0186767578125
1995-07-06,32.42941665649414
1995-07-07,32.575469970703125
1995-07-10,32.59371566772461
1995-07-11,32.438533782958984
1995-07-12,32.840145111083984
1995-07-13,32.767147064208984
1995-07-14,32.739768981933594
1995-07-17,32.922306060791016
1995-07-18,32.63935470581055
1995-07-19,32.283382415771484
1995-07-20,32.40202331542969
1995-07-21,32.36552429199219
1995-07-24,32.60283660888672
1995-07-25,32.84928512573242
1995-07-26,32.821895599365234
1995-07-27,33.09572219848633
1995-07-28,32.88578796386719
1995-07-31,32.80366134643555
1995-08-01,32.74888610839844
1995-08-02,32.67584991455078
1995-08-03,32.66674041748047
1995-08-04,32.703250885009766
1995-08-07,32.77626419067383
1995-08-08,32.77626419067383
1995-08-09,32.767147064208984
1995-08-10,32.694122314453125
1995-08-11,32.51157760620117
1995-08-14,32.80366134643555
1995-08-15,32.739768981933594
1995-08-16,32.831031799316406
1995-08-17,32.77626419067383
1995-08-18,32.812767028808594
1995-08-21,32.72150421142578
1995-08-22,32.78541564941406
1995-08-23,32.66674041748047
1995-08-24,32.703250885009766
1995-08-25,32.88578796386719
1995-08-28,32.767147064208984
1995-08-29,32.84928512573242
1995-08-30,32.922306060791016
1995-08-31,32.94968032836914
1995-09-01,33.09572219848633
1995-09-05,33.40604019165039
1995-09-06,33.46994400024414
1995-09-07,33.48818588256836
1995-09-08,33.615966796875
1995-09-11,33.7072639465332
1995-09-12,33.86241149902344
1995-09-13,34.01757049560547
1995-09-14,34.327884674072266
1995-09-15,34.31843185424805
1995-09-18,34.18998336791992
1995-09-19,34.35515213012695
1995-09-20,34.52033996582031
1995-09-21,34.2358512878418
1995-09-22,34.24504089355469
1995-09-25,34.18998336791992
1995-09-26,34.1807975769043
1995-09-27,34.15327072143555
1995-09-28,34.41020202636719
1995-09-29,34.3459587097168
1995-10-02,34.17161560058594
1995-10-03,34.208316802978516
1995-10-04,34.17161560058594
1995-10-05,34.272586822509766
1995-10-06,34.30010986328125
1995-10-09,34.01565170288086
1995-10-10,33.99727249145508
1995-10-11,34.10738754272461
1995-10-12,34.31843185424805
1995-10-13,34.42854690551758
1995-10-16,34.26339340209961
1995-10-17,34.4927864074707
1995-10-18,34.593719482421875
1995-10-19,34.75888442993164
1995-10-20,34.547855377197266
1995-10-23,34.47442626953125
1995-10-24,34.51112747192383
1995-10-25,34.2266960144043
1995-10-26,33.91468811035156
1995-10-27,34.17161560058594
1995-10-30,34.391845703125
1995-10-31,34.24504089355469
1995-11-01,34.52033996582031
1995-11-02,34.74053955078125
1995-11-03,34.78641891479492
1995-11-06,34.66712951660156
1995-11-07,34.53867721557617
1995-11-08,34.85063552856445
1995-11-09,34.979122161865234
1995-11-10,34.960758209228516
1995-11-13,34.92405700683594
1995-11-14,34.69465637207031
1995-11-15,35.04335403442383
1995-11-16,35.23603820800781
1995-11-17,35.346160888671875
1995-11-20,35.162635803222656
1995-11-21,35.447105407714844
1995-11-22,35.33698654174805
1995-11-24,35.428741455078125
1995-11-27,35.437931060791016
1995-11-28,35.81414794921875
1995-11-29,35.85084533691406
1995-11-30,35.768253326416016
1995-12-01,35.81414794921875
1995-12-04,36.254581451416016
1995-12-05,36.493160247802734
1995-12-06,36.57575225830078
1995-12-07,36.383056640625
1995-12-08,36.50233459472656
1995-12-11,36.65834045410156
1995-12-12,36.54822540283203
1995-12-13,36.77764129638672
1995-12-14,36.51152801513672
1995-12-15,36.52488708496094
1995-12-18,35.82319641113281
1995-12-19,36.20174026489258
1995-12-20,35.850894927978516
1995-12-21,36.03557205200195
1995-12-22,36.164798736572266
1995-12-26,36.34021759033203
1995-12-27,36.32176208496094
1995-12-28,36.284828186035156
1995-12-29,36.33100128173828
1996-01-02,36.71876525878906
1996-01-03,36.820335388183594
1996-01-04,36.46949768066406
1996-01-05,36.39561080932617
1996-01-08,36.53411102294922
1996-01-09,35.906280517578125
1996-01-10,35.4354133605957
1996-01-11,35.64775848388672
1996-01-12,35.592369079589844
1996-01-15,35.518489837646484
1996-01-16,35.95244216918945
1996-01-17,35.8416633605957
1996-01-18,35.9616813659668
1996-01-19,36.20174026489258
1996-01-22,36.21098327636719
1996-01-23,36.2940559387207
1996-01-24,36.589515686035156
1996-01-25,36.46026611328125
1996-01-26,36.77418899536133
1996-01-29,36.92190170288086
1996-01-30,37.23581314086914
1996-01-31,37.62358474731445
1996-02-01,37.76207733154297
1996-02-02,37.605125427246094
1996-02-05,37.90980911254883
1996-02-06,38.26987838745117
1996-02-07,38.491455078125
1996-02-08,38.90693664550781
1996-02-09,38.897708892822266
1996-02-12,39.19316864013672
1996-02-13,39.11006164550781
1996-02-14,38.76845932006836
1996-02-15,38.528411865234375
1996-02-16,38.37144088745117
1996-02-20,37.992881774902344
1996-02-21,38.46376037597656
1996-02-22,39.07315444946289
1996-02-23,38.96236038208008
1996-02-26,38.40837478637695
1996-02-27,38.28835678100586
1996-02-28,38.1129035949707
1996-02-29,37.74360275268555
1996-03-01,38.343746185302734
1996-03-04,38.56532287597656
1996-03-05,38.92540740966797
1996-03-06,38.58378601074219
1996-03-07,38.77769088745117
1996-03-08,37.52202606201172
1996-03-11,37.95597457885742
1996-03-12,37.660526275634766
1996-03-13,37.919044494628906
1996-03-14,38.085235595703125
1996-03-15,38.05964660644531
1996-03-18,38.792266845703125
1996-03-19,38.708797454833984
1996-03-20,38.662418365478516
1996-03-21,38.56968307495117
1996-03-22,38.671695709228516
1996-03-25,38.59751892089844
1996-03-26,38.78297424316406
1996-03-27,38.430572509765625
1996-03-28,38.578948974609375
1996-03-29,38.39347457885742
1996-04-01,38.838645935058594
1996-04-02,38.91282653808594
1996-04-03,38.91282653808594
1996-04-04,38.8850212097168
1996-04-08,38.217288970947266
1996-04-09,38.06890869140625
1996-04-10,37.39191436767578
1996-04-11,37.34553909301758
1996-04-12,37.81851577758789
1996-04-15,38.13381576538086
1996-04-16,38.24510192871094
1996-04-17,38.15236282348633
1996-04-18,38.208003997802734
1996-04-19,38.300750732421875
1996-04-22,38.59751892089844
1996-04-23,38.71806716918945
1996-04-24,38.578948974609375
1996-04-25,38.755149841308594
1996-04-26,38.838645935058594
1996-04-29,38.838645935058594
1996-04-30,38.810813903808594
1996-05-01,38.89426803588867
1996-05-02,38.22654342651367
1996-05-03,38.17092514038086
1996-05-06,38.13381576538086
1996-05-07,37.9761848449707
1996-05-08,38.44914627075195
1996-05-09,38.42131805419922
1996-05-10,38.801544189453125
1996-05-13,39.38578796386719
1996-05-14,39.626914978027344
1996-05-15,39.58051300048828
1996-05-16,39.66399383544922
1996-05-17,39.8773078918457
1996-05-20,40.1462287902832
1996-05-21,40.09059524536133
1996-05-22,40.470794677734375
1996-05-23,40.303890228271484
1996-05-24,40.461551666259766
1996-05-28,40.053489685058594
1996-05-29,39.784542083740234
1996-05-30,39.988548278808594
1996-05-31,39.69179153442383
1996-06-03,39.803096771240234
1996-06-04,40.081329345703125
1996-06-05,40.43373107910156
1996-06-06,40.13695526123047
1996-06-07,40.13695526123047
1996-06-10,40.007102966308594
1996-06-11,39.97002410888672
1996-06-12,39.89582824707031
1996-06-13,39.89582824707031
1996-06-14,39.72890853881836
1996-06-17,39.70108413696289
1996-06-18,39.37652587890625
1996-06-19,39.55270004272461
1996-06-20,39.52487564086914
1996-06-21,39.8648681640625
1996-06-24,39.939422607421875
1996-06-25,39.8928108215332
1996-06-26,39.62244415283203
1996-06-27,39.90211486816406
1996-06-28,40.04198455810547
1996-07-01,40.38692855834961
1996-07-02,40.237762451171875
1996-07-03,40.15385437011719
1996-07-05,39.12834548950195
1996-07-08,38.969844818115234
1996-07-09,39.12834548950195
1996-07-10,39.28681182861328
1996-07-11,38.49435806274414
1996-07-12,38.52235412597656
1996-07-15,37.38492965698242
1996-07-16,37.47814178466797
1996-07-17,37.92567443847656
1996-07-18,38.4477424621582
1996-07-19,38.16806411743164
1996-07-22,37.88837814331055
1996-07-23,37.40357971191406
1996-07-24,37.47814178466797
1996-07-25,37.81381607055664
1996-07-26,38.0189094543457
1996-07-29,37.59937286376953
1996-07-30,37.962955474853516
1996-07-31,38.24266052246094
1996-08-01,38.87660598754883
1996-08-02,39.71568298339844
1996-08-05,39.48262023925781
1996-08-06,39.603790283203125
1996-08-07,39.70634078979492
1996-08-08,39.64109420776367
1996-08-09,39.51057434082031
1996-08-12,39.79956817626953
1996-08-13,39.48262023925781
1996-08-14,39.62244415283203
1996-08-15,39.547882080078125
1996-08-16,39.88347625732422
1996-08-19,39.90211486816406
1996-08-20,39.8741569519043
1996-08-21,39.73429489135742
1996-08-22,40.10723114013672
1996-08-23,39.8928108215332
1996-08-26,39.697025299072266
1996-08-27,39.8461799621582
1996-08-28,39.78095626831055
1996-08-29,39.38936233520508
1996-08-30,38.97916030883789
1996-09-03,39.23089599609375
1996-09-04,39.2681770324707
1996-09-05,38.792694091796875
1996-09-06,39.34276580810547
1996-09-09,39.808902740478516
1996-09-10,39.79024124145508
1996-09-11,40.01399612426758
1996-09-12,40.293697357177734
1996-09-13,40.909000396728516
1996-09-16,41.05818176269531
1996-09-17,40.964942932128906
1996-09-18,40.862388610839844
1996-09-19,41.02085876464844
1996-09-20,41.1663932800293
1996-09-23,41.15701675415039
1996-09-24,41.14765167236328
1996-09-25,41.17577362060547
1996-09-26,41.15701675415039
1996-09-27,41.19453048706055
1996-09-30,41.15701675415039
1996-10-01,41.381935119628906
1996-10-02,41.66305160522461
1996-10-03,41.625572204589844
1996-10-04,42.187828063964844
1996-10-07,42.234683990478516
1996-10-08,42.06599426269531
1996-10-09,41.738006591796875
1996-10-10,41.6536865234375
1996-10-11,42.16910171508789
1996-10-14,42.22529983520508
1996-10-15,42.16910171508789
1996-10-16,42.37525939941406
1996-10-17,42.487709045410156
1996-10-18,42.71258544921875
1996-10-21,42.65635299682617
1996-10-22,42.356510162353516
1996-10-23,42.497047424316406
1996-10-24,42.131591796875
1996-10-25,42.16910171508789
1996-10-28,41.887939453125
1996-10-29,42.22529983520508
1996-10-30,42.08475112915039
1996-10-31,42.487709045410156
1996-11-01,42.33775329589844
1996-11-04,42.618873596191406
1996-11-05,42.86253356933594
1996-11-06,43.68718338012695
1996-11-07,43.790252685546875
1996-11-08,44.03387451171875
1996-11-11,43.987060546875
1996-11-12,43.85585021972656
1996-11-13,44.052616119384766
1996-11-14,44.3431282043457
1996-11-15,44.39937210083008
1996-11-18,44.408729553222656
1996-11-19,44.72734069824219
1996-11-20,44.80231475830078
1996-11-21,44.7367057800293
1996-11-22,45.083438873291016
1996-11-25,45.65505599975586
1996-11-26,45.5051383972168
1996-11-27,45.4207763671875
1996-11-29,45.58944320678711
1996-12-02,45.608192443847656
1996-12-03,44.83039855957031
1996-12-04,44.952232360839844
1996-12-05,44.83039855957031
1996-12-06,44.568023681640625
1996-12-09,45.22400665283203
1996-12-10,45.00847244262695
1996-12-11,44.59614562988281
1996-12-12,43.85585021972656
1996-12-13,43.96828842163086
1996-12-16,43.406044006347656
1996-12-17,43.752784729003906
1996-12-18,44.09946823120117
1996-12-19,45.00847244262695
1996-12-20,45.107215881347656
1996-12-23,44.99422836303711
1996-12-24,45.32380294799805
1996-12-26,45.672237396240234
1996-12-27,45.728736877441406
1996-12-30,45.33325958251953
1996-12-31,44.50455093383789
1997-01-02,44.61753845214844
1997-01-03,45.25789260864258
1997-01-06,44.86240768432617
1997-01-07,45.40855407714844
1997-01-08,45.01307678222656
1997-01-09,45.38973617553711
1997-01-10,45.87940216064453
1997-01-13,45.81352233886719
1997-01-14,46.3879280090332
1997-01-15,46.27494812011719
1997-01-16,46.46327209472656
1997-01-17,46.74578857421875
1997-01-20,46.80227279663086
1997-01-21,47.17894744873047
1997-01-22,47.51799774169922
1997-01-23,46.85878372192383
1997-01-24,46.25611877441406
1997-01-27,46.124263763427734
1997-01-28,46.25611877441406
1997-01-29,46.70811080932617
1997-01-30,47.31077194213867
1997-01-31,47.25428771972656
1997-02-03,47.39553451538086
1997-02-04,47.687496185302734
1997-02-05,46.792850494384766
1997-02-06,47.10362243652344
1997-02-07,47.74398422241211
1997-02-10,47.29195785522461
1997-02-11,47.838138580322266
1997-02-12,48.516170501708984
1997-02-13,49.043514251708984
1997-02-14,48.930538177490234
1997-02-18,49.34486389160156
1997-02-19,49.01530075073242
1997-02-20,48.42198944091797
1997-02-21,48.440818786621094
1997-02-24,49.01530075073242
1997-02-25,49.05293655395508
1997-02-26,48.57265853881836
1997-02-27,47.847564697265625
1997-02-28,47.70631790161133
1997-03-03,48.02649688720703
1997-03-04,47.76283645629883
1997-03-05,48.57265853881836
1997-03-06,48.290164947509766
1997-03-07,48.723331451416016
1997-03-10,49.23183822631836
1997-03-11,48.968196868896484
1997-03-12,48.53500747680664
1997-03-13,47.781639099121094
1997-03-14,48.02649688720703
1997-03-17,48.15831756591797
1997-03-18,47.640380859375
1997-03-19,47.480316162109375
1997-03-20,47.23544692993164
1997-03-21,47.45414733886719
1997-03-24,48.11587142944336
1997-03-25,47.643245697021484
1997-03-26,47.851200103759766
1997-03-27,46.58448791503906
1997-03-31,45.601375579833984
1997-04-01,45.8944206237793
1997-04-02,45.0720100402832
1997-04-03,45.317787170410156
1997-04-04,45.884952545166016
1997-04-07,46.0645751953125
1997-04-08,46.39543533325195
1997-04-09,46.01730728149414
1997-04-10,45.84714889526367
1997-04-11,44.39139175415039
1997-04-14,44.98693084716797
1997-04-15,45.75263595581055
1997-04-16,46.281986236572266
1997-04-17,46.09293746948242
1997-04-18,46.31981658935547
1997-04-21,46.01730728149414
1997-04-22,47.02879333496094
1997-04-23,47.07605743408203
1997-04-24,46.839717864990234
1997-04-25,46.300899505615234
1997-04-28,46.754638671875
1997-04-29,48.22931671142578
1997-04-30,48.45620346069336
1997-05-01,48.39946746826172
1997-05-02,49.26914978027344
1997-05-05,50.44131851196289
1997-05-06,50.403499603271484
1997-05-07,49.30698013305664
1997-05-08,49.64728546142578
1997-05-09,49.987571716308594
1997-05-12,50.819454193115234
1997-05-13,50.611480712890625
1997-05-14,50.70601272583008
1997-05-15,51.04632568359375
1997-05-16,50.3467903137207
1997-05-19,50.498046875
1997-05-20,51.10302734375
1997-05-21,50.98956298828125
1997-05-22,50.819454193115234
1997-05-23,51.29209518432617
1997-05-27,51.500030517578125
1997-05-28,51.490596771240234
1997-05-29,51.188087463378906
1997-05-30,51.51900863647461
1997-06-02,51.29209518432617
1997-06-03,51.12194061279297
1997-06-04,51.06520080566406
1997-06-05,51.2542839050293
1997-06-06,52.25626754760742
1997-06-09,52.520992279052734
1997-06-10,52.68169021606445
1997-06-11,52.804561614990234
1997-06-12,53.82549285888672
1997-06-13,54.27924346923828
1997-06-16,54.29814910888672
1997-06-17,54.222537994384766
1997-06-18,54.03348922729492
1997-06-19,54.5911750793457
1997-06-20,54.405208587646484
1997-06-23,53.08612823486328
1997-06-24,54.43368148803711
1997-06-25,54.05406951904297
1997-06-26,53.78835678100586
1997-06-27,53.997127532958984
1997-06-30,53.63650131225586
1997-07-01,54.26284408569336
1997-07-02,55.154911041259766
1997-07-03,55.91408920288086
1997-07-07,55.34468078613281
1997-07-08,55.92354965209961
1997-07-09,55.30671691894531
1997-07-10,55.553466796875
1997-07-11,55.7432861328125
1997-07-14,55.91408920288086
1997-07-15,56.19878005981445
1997-07-16,56.93894577026367
1997-07-17,56.654293060302734
1997-07-18,55.4490966796875
1997-07-21,55.45859146118164
1997-07-22,56.92951965332031
1997-07-23,56.88204574584961
1997-07-24,57.14774703979492
1997-07-25,57.10981369018555
1997-07-28,57.07183074951172
1997-07-29,57.26163101196289
1997-07-30,57.94491958618164
1997-07-31,57.8879508972168
1997-08-01,57.66018295288086
1997-08-04,57.81205368041992
1997-08-05,57.850040435791016
1997-08-06,58.324493408203125
1997-08-07,57.8879508972168
1997-08-08,56.71123504638672
1997-08-11,57.1287727355957
1997-08-12,56.21774673461914
1997-08-13,56.04695129394531
1997-08-14,56.255706787109375
1997-08-15,54.5285758972168
1997-08-18,55.7432861328125
1997-08-19,56.388587951660156
1997-08-20,57.24264144897461
1997-08-21,56.236759185791016
1997-08-22,56.21774673461914
1997-08-25,56.009002685546875
1997-08-26,55.18336868286133
1997-08-27,55.5154914855957
1997-08-28,54.670921325683594
1997-08-29,54.88920211791992
1997-09-02,56.67327117919922
1997-09-03,56.369606018066406
1997-09-04,56.73019790649414
1997-09-05,56.568912506103516
1997-09-08,56.81562042236328
1997-09-09,56.84405517578125
1997-09-10,55.66733169555664
1997-09-11,55.38263702392578
1997-09-12,56.27471160888672
1997-09-15,56.1797981262207
1997-09-16,57.584293365478516
1997-09-17,57.584293365478516
1997-09-18,57.83104705810547
1997-09-19,57.92885208129883
1997-09-22,58.25270080566406
1997-09-23,57.98600387573242
1997-09-24,57.50979232788086
1997-09-25,57.10976028442383
1997-09-26,57.58597183227539
1997-09-29,58.1384162902832
1997-09-30,57.52882766723633
1997-10-01,58.29081726074219
1997-10-02,58.614662170410156
1997-10-03,58.90986251831055
1997-10-06,59.30043029785156
1997-10-07,59.85282897949219
1997-10-08,59.433773040771484
1997-10-09,59.22422790527344
1997-10-10,59.05274963378906
1997-10-13,59.10988998413086
1997-10-14,59.128963470458984
1997-10-15,58.99559783935547
1997-10-16,58.062171936035156
1997-10-17,57.471649169921875
1997-10-20,58.29081726074219
1997-10-21,59.4242057800293
1997-10-22,59.033721923828125
1997-10-23,57.87171173095703
1997-10-24,57.30021667480469
1997-10-27,53.14746856689453
1997-10-28,56.214420318603516
1997-10-29,56.06203079223633
1997-10-30,54.823822021484375
1997-10-31,56.11920166015625
1997-11-03,57.30021667480469
1997-11-04,57.30021667480469
1997-11-05,57.49073028564453
1997-11-06,57.27166748046875
1997-11-07,56.65256881713867
1997-11-10,56.30968475341797
1997-11-11,56.328731536865234
1997-11-12,55.16671371459961
1997-11-13,55.96678161621094
1997-11-14,56.72874069213867
1997-11-17,57.77644348144531
1997-11-18,57.414546966552734
1997-11-19,57.700294494628906
1997-11-20,58.57658004760742
1997-11-21,58.97658157348633
1997-11-24,57.90984344482422
1997-11-25,58.062171936035156
1997-11-26,58.23365783691406
1997-11-28,58.29081726074219
1997-12-01,59.79569625854492
1997-12-02,59.433773040771484
1997-12-03,59.60520935058594
1997-12-04,59.54806137084961
1997-12-05,60.3100471496582
1997-12-08,60.13860321044922
1997-12-09,59.77664566040039
1997-12-10,59.2623176574707
1997-12-11,58.25270080566406
1997-12-12,58.36699676513672
1997-12-15,58.957542419433594
1997-12-16,59.319488525390625
1997-12-17,59.01466751098633
1997-12-18,58.44317626953125
1997-12-19,58.006370544433594
1997-12-22,58.37930679321289
1997-12-23,57.336997985839844
1997-12-24,57.16487121582031
1997-12-26,57.39439392089844
1997-12-29,58.52275085449219
1997-12-30,59.44076919555664
1997-12-31,59.40252685546875
1998-01-02,59.70854187011719
1998-01-05,59.842376708984375
1998-01-06,58.8861198425293
1998-01-07,59.03915786743164
1998-01-08,58.52275085449219
1998-01-09,56.49550247192383
1998-01-12,57.528228759765625
1998-01-13,58.33150100708008
1998-01-14,58.599239349365234
1998-01-15,58.11155319213867
1998-01-16,58.943519592285156
1998-01-20,59.899757385253906
1998-01-21,59.32600784301758
1998-01-22,58.80007553100586
1998-01-23,58.714012145996094
1998-01-26,58.67574691772461
1998-01-27,59.26862716674805
1998-01-28,59.80414962768555
1998-01-29,60.12923812866211
1998-01-30,60.16749954223633
1998-02-02,61.162010192871094
1998-02-03,61.62103271484375
1998-02-04,61.54451370239258
1998-02-05,61.50624084472656
1998-02-06,62.19477462768555
1998-02-09,61.984375
1998-02-10,62.577232360839844
1998-02-11,62.519874572753906
1998-02-12,62.787654876708984
1998-02-13,62.42426300048828
1998-02-17,62.73026657104492
1998-02-18,63.30402374267578
1998-02-19,62.969337463378906
1998-02-20,63.437896728515625
1998-02-23,63.686527252197266
1998-02-24,63.189292907714844
1998-02-25,63.97342300415039
1998-02-26,64.3368148803711
1998-02-27,64.3368148803711
1998-03-02,64.20289611816406
1998-03-03,64.5662841796875
1998-03-04,64.14552307128906
1998-03-05,63.55266189575195
1998-03-06,64.83403778076172
1998-03-09,64.60450744628906
1998-03-10,65.21648406982422
1998-03-11,65.5225601196289
1998-03-12,65.79024505615234
1998-03-13,65.54167175292969
1998-03-16,66.2492904663086
1998-03-17,66.44052124023438
1998-03-18,66.68915557861328
1998-03-19,66.86127471923828
1998-03-20,67.43700408935547
1998-03-23,67.28356170654297
1998-03-24,67.85894775390625
1998-03-25,67.60961151123047
1998-03-26,67.57127380371094
1998-03-27,67.28356170654297
1998-03-30,67.24518585205078
1998-03-31,67.47539520263672
1998-04-01,68.02198791503906
1998-04-02,68.76042175292969
1998-04-03,69.10570526123047
1998-04-06,68.54944610595703
1998-04-07,68.08911895751953
1998-04-08,67.70551300048828
1998-04-09,68.2425537109375
1998-04-13,68.05075073242188
1998-04-14,68.62619018554688
1998-04-15,68.81798553466797
1998-04-16,68.01239776611328
1998-04-17,68.9138412475586
1998-04-20,68.89464569091797
1998-04-21,69.22073364257812
1998-04-22,69.41255950927734
1998-04-23,68.74127197265625
1998-04-24,68.01239776611328
1998-04-27,66.7273178100586
1998-04-28,66.63145446777344
1998-04-29,67.09175109863281
1998-04-30,68.33847045898438
1998-05-01,69.10570526123047
1998-05-04,68.93304443359375
1998-05-05,68.45353698730469
1998-05-06,67.64794158935547
1998-05-07,67.11093139648438
1998-05-08,68.20417785644531
1998-05-11,67.97406005859375
1998-05-12,68.70289611816406
1998-05-13,68.87552642822266
1998-05-14,68.53024291992188
1998-05-15,68.14668273925781
1998-05-18,67.87814331054688
1998-05-19,68.33847045898438
1998-05-20,68.99059295654297
1998-05-21,68.54944610595703
1998-05-22,68.28091430664062
1998-05-26,67.18763732910156
1998-05-27,67.28356170654297
1998-05-28,67.5904541015625
1998-05-29,66.91915130615234
1998-06-01,67.22602081298828
1998-06-02,67.28356170654297
1998-06-03,66.20946502685547
1998-06-04,67.43700408935547
1998-06-05,68.74127197265625
1998-06-08,68.66451263427734
1998-06-09,68.87552642822266
1998-06-10,68.43435668945312
1998-06-11,67.14926147460938
1998-06-12,67.7822265625
1998-06-15,65.99850463867188
1998-06-16,67.01504516601562
1998-06-17,68.41516876220703
1998-06-18,68.10826873779297
1998-06-19,67.76705932617188
1998-06-22,68.0940933227539
1998-06-23,68.90228271484375
1998-06-24,69.82585144042969
1998-06-25,69.71036529541016
1998-06-26,69.99901580810547
1998-06-29,70.24913787841797
1998-06-30,69.76813507080078
1998-07-01,70.57625579833984
1998-07-02,70.7109375
1998-07-06,71.4228286743164
1998-07-07,71.28813934326172
1998-07-08,71.80767822265625
1998-07-09,71.3266372680664
1998-07-10,71.7114486694336
1998-07-13,71.730712890625
1998-07-14,72.538818359375
1998-07-15,72.40411376953125
1998-07-16,72.9044418334961
1998-07-17,73.0006103515625
1998-07-20,73.0006103515625
1998-07-21,71.730712890625
1998-07-22,71.730712890625
1998-07-23,70.30683898925781
1998-07-24,70.24913787841797
1998-07-27,70.74944305419922
1998-07-28,69.55644226074219
1998-07-29,69.28705596923828
1998-07-30,70.32606506347656
1998-07-31,68.82528686523438
1998-08-03,68.53667449951172
1998-08-04,65.88140869140625
1998-08-05,66.7857437133789
1998-08-06,67.07437896728516
1998-08-07,67.18980407714844
1998-08-10,66.80499267578125
1998-08-11,65.80445098876953
1998-08-12,66.9204330444336
1998-08-13,66.1123046875
1998-08-14,65.3426284790039
1998-08-17,66.72803497314453
1998-08-18,67.95941162109375
1998-08-19,67.78629302978516
1998-08-20,67.3821792602539
1998-08-21,66.84346008300781
1998-08-24,67.26679229736328
1998-08-25,67.42070770263672
1998-08-26,67.035888671875
1998-08-27,63.880374908447266
1998-08-28,63.64945983886719
1998-08-31,59.10854721069336
1998-09-01,61.60987854003906
1998-09-02,61.16733169555664
1998-09-03,60.686317443847656
1998-09-04,60.1860466003418
1998-09-08,63.418556213378906
1998-09-09,61.879241943359375
1998-09-10,60.647865295410156
1998-09-11,62.61043167114258
1998-09-14,63.687931060791016
1998-09-15,64.07276153564453
1998-09-16,64.64996337890625
1998-09-17,62.8028450012207
1998-09-18,63.082584381103516
1998-09-21,63.043975830078125
1998-09-22,63.56536102294922
1998-09-23,66.1141128540039
1998-09-24,64.49214172363281
1998-09-25,64.4149169921875
1998-09-28,64.99414825439453
1998-09-29,64.8397216796875
1998-09-30,62.87019348144531
1998-10-01,61.05513381958008
1998-10-02,62.232994079589844
1998-10-05,60.97789001464844
1998-10-06,60.919986724853516
1998-10-07,60.01246643066406
1998-10-08,59.6842041015625
1998-10-09,60.88134002685547
1998-10-12,61.76956558227539
1998-10-13,61.55717468261719
1998-10-14,62.136470794677734
1998-10-15,65.4769515991211
1998-10-16,65.49622344970703
1998-10-19,65.72789764404297
1998-10-20,66.1141128540039
1998-10-21,65.88241577148438
1998-10-22,66.86715698242188
1998-10-23,66.01754760742188
1998-10-26,66.50027465820312
1998-10-27,66.1141128540039
1998-10-28,65.99824523925781
1998-10-29,67.60089874267578
1998-10-30,67.96778106689453
1998-11-02,69.12633514404297
1998-11-03,68.62428283691406
1998-11-04,69.3580322265625
1998-11-05,70.30420684814453
1998-11-06,70.51655578613281
1998-11-09,70.0145492553711
1998-11-10,69.82144165039062
1998-11-11,69.3580322265625
1998-11-12,69.28079986572266
1998-11-13,69.95659637451172
1998-11-16,70.47794342041016
1998-11-17,70.47794342041016
1998-11-18,70.90274810791016
1998-11-19,71.5206527709961
1998-11-20,72.06132507324219
1998-11-23,73.7605209350586
1998-11-24,73.29706573486328
1998-11-25,73.29706573486328
1998-11-27,73.83773040771484
1998-11-30,71.75236511230469
1998-12-01,72.67916870117188
1998-12-02,72.46676635742188
1998-12-03,71.2696533203125
1998-12-04,73.14263916015625
1998-12-07,73.49014282226562
1998-12-08,73.16194152832031
1998-12-09,73.29706573486328
1998-12-10,72.22537231445312
1998-12-11,72.37025451660156
1998-12-14,70.28485870361328
1998-12-15,72.09992218017578
1998-12-16,72.00337982177734
1998-12-17,73.1522445678711
1998-12-18,73.4631118774414
1998-12-21,74.48983764648438
1998-12-22,74.81919860839844
1998-12-23,76.38842010498047
1998-12-24,76.05909729003906
1998-12-28,75.86534881591797
1998-12-29,77.06649017333984
1998-12-30,76.44654083251953
1998-12-31,76.44654083251953
1999-01-04,76.27217864990234
1999-01-05,77.14398193359375
1999-01-06,79.0037841796875
1999-01-07,78.61634826660156
1999-01-08,79.19752502441406
1999-01-11,78.44198608398438
1999-01-12,77.0277328491211
1999-01-13,76.48529815673828
1999-01-14,75.14852142333984
1999-01-15,77.105224609375
1999-01-19,77.60893249511719
1999-01-20,78.22889709472656
1999-01-21,76.15596008300781
1999-01-22,75.9815902709961
1999-01-25,76.75652313232422
1999-01-26,78.1513442993164
1999-01-27,77.24085235595703
1999-01-28,78.53887176513672
1999-01-29,79.13941955566406
1999-02-01,78.67447662353516
1999-02-02,78.19012451171875
1999-02-03,78.98445129394531
1999-02-04,77.80267333984375
1999-02-05,76.9115219116211
1999-02-08,77.06649017333984
1999-02-09,75.34227752685547
1999-02-10,75.82658386230469
1999-02-11,77.5702133178711
1999-02-12,76.64030456542969
1999-02-16,76.17533111572266
1999-02-17,76.09782409667969
1999-02-18,76.6983871459961
1999-02-19,77.0277328491211
1999-02-22,79.0813217163086
1999-02-23,79.04254150390625
1999-02-24,77.64769744873047
1999-02-25,76.9115219116211
1999-02-26,76.60154724121094
1999-03-01,76.81462097167969
1999-03-02,76.13655090332031
1999-03-03,76.54340362548828
1999-03-04,77.5120620727539
1999-03-05,79.07157135009766
1999-03-08,79.58499145507812
1999-03-09,79.39126586914062
1999-03-10,80.08869934082031
1999-03-11,80.97988891601562
1999-03-12,80.20494842529297
1999-03-15,81.34796142578125
1999-03-16,81.0379867553711
1999-03-17,80.6892318725586
1999-03-18,81.98726654052734
1999-03-19,80.59365844726562
1999-03-22,80.74906158447266
1999-03-23,78.41860961914062
1999-03-24,78.86528778076172
1999-03-25,80.4771499633789
1999-03-26,79.8945541381836
1999-03-29,81.50643157958984
1999-03-30,81.07921600341797
1999-03-31,79.77802276611328
1999-04-01,80.38005065917969
1999-04-05,82.28324890136719
1999-04-06,82.08901977539062
1999-04-07,82.7492904663086
1999-04-08,83.79801940917969
1999-04-09,83.81742858886719
1999-04-12,84.71078491210938
1999-04-13,84.1670150756836
1999-04-14,82.7492904663086
1999-04-15,82.43854522705078
1999-04-16,81.73942565917969
1999-04-19,80.4771499633789
1999-04-20,81.4870376586914
1999-04-21,83.81742858886719
1999-04-22,84.6136474609375
1999-04-23,84.4000244140625
1999-04-26,84.88553619384766
1999-04-27,85.2933578491211
1999-04-28,84.12814331054688
1999-04-29,83.48726654052734
1999-04-30,82.80758666992188
1999-05-03,84.32231140136719
1999-05-04,83.1182861328125
1999-05-05,83.77857208251953
1999-05-06,83.26396942138672
1999-05-07,83.8951187133789
1999-05-10,83.47755432128906
1999-05-11,84.32231140136719
1999-05-12,84.98263549804688
1999-05-13,85.35161590576172
1999-05-14,83.13774871826172
1999-05-17,83.3901596069336
1999-05-18,83.23482513427734
1999-05-19,83.83682250976562
1999-05-20,83.33192443847656
1999-05-21,82.8658218383789
1999-05-24,81.4870376586914
1999-05-25,80.16641998291016
1999-05-26,81.05980682373047
1999-05-27,79.8945541381836
1999-05-28,80.91410827636719
1999-06-01,80.63249969482422
1999-06-02,80.71019744873047
1999-06-03,81.15685272216797
1999-06-04,82.78816223144531
1999-06-07,83.00176239013672
1999-06-08,82.18612670898438
1999-06-09,82.10843658447266
1999-06-10,81.35107421875
1999-06-11,80.67135620117188
1999-06-14,80.74906158447266
1999-06-15,81.29280090332031
1999-06-16,82.84638214111328
1999-06-17,83.62322998046875
1999-06-18,83.71984100341797
1999-06-21,83.91463470458984
1999-06-22,83.33024597167969
1999-06-23,82.92118835449219
1999-06-24,82.2978744506836
1999-06-25,82.09335327148438
1999-06-28,83.09650421142578
1999-06-29,83.87566375732422
1999-06-30,85.39501953125
1999-07-01,86.03781127929688
1999-07-02,86.89485931396484
1999-07-06,86.87543487548828
1999-07-07,86.99230194091797
1999-07-08,87.06047058105469
1999-07-09,87.57662963867188
1999-07-12,87.18707275390625
1999-07-13,86.87543487548828
1999-07-14,87.36238861083984
1999-07-15,87.91752624511719
1999-07-16,88.39471435546875
1999-07-19,87.81037139892578
1999-07-20,86.0085678100586
1999-07-21,85.9112548828125
1999-07-22,84.78141784667969
1999-07-23,84.6158218383789
1999-07-26,83.99250030517578
1999-07-27,84.69377136230469
1999-07-28,84.96651458740234
1999-07-29,83.77828979492188
1999-07-30,82.74586486816406
1999-08-02,82.94066619873047
1999-08-03,82.5511474609375
1999-08-04,81.42134857177734
1999-08-05,82.16154479980469
1999-08-06,81.2655029296875
1999-08-09,81.0902328491211
1999-08-10,80.19417572021484
1999-08-11,81.16809844970703
1999-08-12,81.11945343017578
1999-08-13,82.99915313720703
1999-08-16,83.36917877197266
1999-08-17,83.91463470458984
1999-08-18,83.31075286865234
1999-08-19,82.62902069091797
1999-08-20,83.46662902832031
1999-08-23,85.06388092041016
1999-08-24,85.3755111694336
1999-08-25,86.25208282470703
1999-08-26,85.2197036743164
1999-08-27,84.18730926513672
1999-08-30,82.62902069091797
1999-08-31,82.31736755371094
1999-09-01,83.33024597167969
1999-09-02,82.3465576171875
1999-09-03,84.75223541259766
1999-09-07,84.44055938720703
1999-09-08,84.031494140625
1999-09-09,83.99250030517578
1999-09-10,84.69377136230469
1999-09-13,84.11912536621094
1999-09-14,83.56401062011719
1999-09-15,82.23944854736328
1999-09-16,82.56083679199219
1999-09-17,83.60399627685547
1999-09-20,83.48683166503906
1999-09-21,81.7287826538086
1999-09-22,81.6408920288086
1999-09-23,79.93170166015625
1999-09-24,79.85357666015625
1999-09-27,80.38093566894531
1999-09-28,80.22470092773438
1999-09-29,79.267578125
1999-09-30,80.47863006591797
1999-10-01,80.30282592773438
1999-10-04,81.7287826538086
1999-10-05,81.650634765625
1999-10-06,82.9007797241211
1999-10-07,82.4319839477539
1999-10-08,83.6821517944336
1999-10-11,83.5453872680664
1999-10-12,82.2562255859375
1999-10-13,80.1270523071289
1999-10-14,80.10746765136719
1999-10-15,78.05646514892578
1999-10-18,78.62294006347656
1999-10-19,79.38475799560547
1999-10-20,80.1661148071289
1999-10-21,80.63489532470703
1999-10-22,81.31856536865234
1999-10-25,80.90836334228516
1999-10-26,79.89261627197266
1999-10-27,81.3381118774414
1999-10-28,84.11186981201172
1999-10-29,85.635498046875
1999-11-01,84.73699188232422
1999-11-02,84.13145446777344
1999-11-03,84.69793701171875
1999-11-04,85.34255981445312
1999-11-05,86.18243408203125
1999-11-08,86.26056671142578
1999-11-09,85.44995880126953
1999-11-10,86.08478546142578
1999-11-11,86.5730972290039
1999-11-12,87.35448455810547
1999-11-15,87.55958557128906
1999-11-16,88.29209899902344
1999-11-17,88.52652740478516
1999-11-18,89.1515884399414
1999-11-19,89.07347869873047
1999-11-22,89.0539321899414
1999-11-23,88.27255249023438
1999-11-24,88.74137878417969
1999-11-26,88.40928649902344
1999-11-29,88.09676361083984
1999-11-30,87.06147003173828
1999-12-01,87.76467895507812
1999-12-02,88.29209899902344
1999-12-03,89.91342163085938
1999-12-06,89.24925231933594
1999-12-07,88.52652740478516
1999-12-08,87.96000671386719
1999-12-09,88.3897476196289
1999-12-10,88.6827392578125
1999-12-13,88.83903503417969
1999-12-14,87.97954559326172
1999-12-15,88.4483642578125
1999-12-16,88.83903503417969
1999-12-17,89.40956115722656
1999-12-20,88.76341247558594
1999-12-21,90.11450958251953
1999-12-22,90.34943389892578
1999-12-23,91.78871154785156
1999-12-27,91.66146087646484
1999-12-28,91.60272216796875
1999-12-29,91.99434661865234
1999-12-30,91.88665008544922
1999-12-31,92.03351593017578
2000-01-03,91.13275146484375
2000-01-04,87.56890869140625
2000-01-05,87.72555541992188
2000-01-06,86.315673828125
2000-01-07,91.32856750488281
2000-01-10,91.64188385009766
2000-01-11,90.54528045654297
2000-01-12,89.64456176757812
2000-01-13,90.85860443115234
2000-01-14,92.09225463867188
2000-01-18,91.36772155761719
2000-01-19,92.11183166503906
2000-01-20,90.70195007324219
2000-01-21,90.50615692138672
2000-01-24,87.94097137451172
2000-01-25,88.93962097167969
2000-01-26,88.23467254638672
2000-01-27,87.88219451904297
2000-01-28,85.14078521728516
2000-01-31,87.45143127441406
2000-02-01,88.31298065185547
2000-02-02,88.39134216308594
2000-02-03,89.72288513183594
2000-02-04,89.35082244873047
2000-02-07,89.21376037597656
2000-02-08,90.42781829833984
2000-02-09,88.5284423828125
2000-02-10,88.70459747314453
2000-02-11,86.9030990600586
2000-02-14,87.4122543334961
2000-02-15,88.401123046875
2000-02-16,87.09893035888672
2000-02-17,86.6485595703125
2000-02-18,84.78831481933594
2000-02-22,84.57294464111328
2000-02-23,85.57157135009766
2000-02-24,83.84835052490234
2000-02-25,83.54490661621094
2000-02-28,85.29745483398438
2000-02-29,86.11983489990234
2000-03-01,86.74649047851562
2000-03-02,86.80523681640625
2000-03-03,88.43048095703125
2000-03-06,87.56890869140625
2000-03-07,85.87511444091797
2000-03-08,85.76736450195312
2000-03-09,88.27386474609375
2000-03-10,87.80389404296875
2000-03-13,86.84440612792969
2000-03-14,85.61075592041016
2000-03-15,87.60803985595703
2000-03-16,91.70063781738281
2000-03-17,92.30668640136719
2000-03-20,91.83554077148438
2000-03-21,93.7201156616211
2000-03-22,94.28946685791016
2000-03-23,95.89922332763672
2000-03-24,96.46851348876953
2000-03-27,95.44769287109375
2000-03-28,94.89801788330078
2000-03-29,94.99615478515625
2000-03-30,93.40605163574219
2000-03-31,94.46613311767578
2000-04-03,95.01580047607422
2000-04-04,94.3091049194336
2000-04-05,93.7201156616211
2000-04-06,94.5348892211914
2000-04-07,95.13359069824219
2000-04-10,94.76060485839844
2000-04-11,94.4857406616211
2000-04-12,91.89442443847656
2000-04-13,90.618408203125
2000-04-14,85.43576049804688
2000-04-17,88.41968536376953
2000-04-18,90.75579833984375
2000-04-19,89.91167449951172
2000-04-20,90.34356689453125
2000-04-24,89.3619613647461
2000-04-25,93.0723648071289
2000-04-26,92.02201843261719
2000-04-27,91.71773529052734
2000-04-28,91.14839172363281
2000-05-01,92.38517761230469
2000-05-02,90.53984832763672
2000-05-03,88.41968536376953
2000-05-04,89.08709716796875
2000-05-05,90.16682434082031
2000-05-08,89.48958587646484
2000-05-09,88.7730484008789
2000-05-10,86.77062225341797
2000-05-11,88.75341796875
2000-05-12,89.71529388427734
2000-05-15,91.26622772216797
2000-05-16,92.14965057373047
2000-05-17,91.18768310546875
2000-05-18,90.06871795654297
2000-05-19,88.65522766113281
2000-05-22,87.98778533935547
2000-05-23,86.6921157836914
2000-05-24,88.10558319091797
2000-05-25,86.59391021728516
2000-05-26,86.6921157836914
2000-05-30,89.51899719238281
2000-05-31,89.71529388427734
2000-06-01,91.2858657836914
2000-06-02,92.87599182128906
2000-06-05,92.42444610595703
2000-06-06,92.01222229003906
2000-06-07,92.65022277832031
2000-06-08,92.28701782226562
2000-06-09,92.09072875976562
2000-06-12,91.010986328125
2000-06-13,92.71891784667969
2000-06-14,92.87599182128906
2000-06-15,93.0723648071289
2000-06-16,92.30754852294922
2000-06-19,93.48821258544922
2000-06-20,93.15364837646484
2000-06-21,93.11436462402344
2000-06-22,91.69754028320312
2000-06-23,90.91045379638672
2000-06-26,92.08126068115234
2000-06-27,91.40238952636719
2000-06-28,91.65818786621094
2000-06-29,90.79237365722656
2000-06-30,91.48112487792969
2000-07-03,92.740478515625
2000-07-05,91.0678482055664
2000-07-06,91.77626037597656
2000-07-07,93.25206756591797
2000-07-10,93.09465789794922
2000-07-11,93.29144287109375
2000-07-12,93.90143585205078
2000-07-13,94.31470489501953
2000-07-14,95.239501953125
2000-07-17,95.0821304321289
2000-07-18,94.30481719970703
2000-07-19,93.54724884033203
2000-07-20,94.8459243774414
2000-07-21,92.99629211425781
2000-07-24,92.46493530273438
2000-07-25,92.7601089477539
2000-07-26,91.8549575805664
2000-07-27,91.54008483886719
2000-07-28,89.47396850585938
2000-07-31,90.04463195800781
2000-08-01,90.5955810546875
2000-08-02,91.0481948852539
2000-08-03,91.67786407470703
2000-08-04,92.16979217529297
2000-08-07,93.27175903320312
2000-08-08,93.62594604492188
2000-08-09,92.83885955810547
2000-08-10,92.38628387451172
2000-08-11,92.81922149658203
2000-08-14,93.99983215332031
2000-08-15,93.92112731933594
2000-08-16,93.58661651611328
2000-08-17,94.57046508789062
2000-08-18,94.25564575195312
2000-08-21,94.76724243164062
2000-08-22,94.60980224609375
2000-08-23,94.98367309570312
2000-08-24,95.27888488769531
2000-08-25,95.239501953125
2000-08-28,95.56417846679688
2000-08-29,95.58384704589844
2000-08-30,94.66889190673828
2000-08-31,95.92823028564453
2000-09-01,96.02659606933594
2000-09-05,95.25920867919922
2000-09-06,94.1769027709961
2000-09-07,94.98367309570312
2000-09-08,94.33428955078125
2000-09-11,94.19662475585938
2000-09-12,93.5079116821289
2000-09-13,93.75384521484375
2000-09-14,94.22612762451172
2000-09-15,92.16463470458984
2000-09-18,91.31637573242188
2000-09-19,92.14491271972656
2000-09-20,91.46429443359375
2000-09-21,90.07354736328125
2000-09-22,91.71092224121094
2000-09-25,91.05995178222656
2000-09-26,89.89603424072266
2000-09-27,90.3694839477539
2000-09-28,91.53336334228516
2000-09-29,90.66542053222656
2000-10-02,90.8034896850586
2000-10-03,89.95518493652344
2000-10-04,90.70480346679688
2000-10-05,91.02044677734375
2000-10-06,89.04776000976562
2000-10-09,88.37704467773438
2000-10-10,86.91722869873047
2000-10-11,86.1873550415039
2000-10-12,84.03710174560547
2000-10-13,86.83832550048828
2000-10-16,87.2328872680664
2000-10-17,85.06288146972656
2000-10-18,84.747314453125
2000-10-19,87.94305419921875
2000-10-20,88.31787109375
2000-10-23,88.7124252319336
2000-10-24,88.12059783935547
2000-10-25,86.04930114746094
2000-10-26,86.28595733642578
2000-10-27,87.92334747314453
2000-10-30,88.7124252319336
2000-10-31,90.24124908447266
2000-11-01,89.93549346923828
2000-11-02,90.08341217041016
2000-11-03,90.13275909423828
2000-11-06,90.7640151977539
2000-11-07,90.7442855834961
2000-11-08,88.73214721679688
2000-11-09,88.39681243896484
2000-11-10,86.2465591430664
2000-11-13,85.5758285522461
2000-11-14,87.82471466064453
2000-11-15,88.10092163085938
2000-11-16,86.71996307373047
2000-11-17,86.25642395019531
2000-11-20,85.02342987060547
2000-11-21,85.45745849609375
2000-11-22,83.41570281982422
2000-11-24,85.12207794189453
2000-11-27,85.87173461914062
2000-11-28,84.39218139648438
2000-11-29,84.23438262939453
2000-11-30,83.50450897216797
2000-12-01,83.46502685546875
2000-12-04,84.1751937866211
2000-12-05,86.93697357177734
2000-12-06,85.5462417602539
2000-12-07,84.37245178222656
2000-12-08,84.56976318359375
2000-12-11,87.509033203125
2000-12-12,87.13427734375
2000-12-13,85.94078063964844
2000-12-14,84.8459243774414
2000-12-15,82.92951965332031
2000-12-18,84.03763580322266
2000-12-19,82.32601165771484
2000-12-20,79.94159698486328
2000-12-21,80.49567413330078
2000-12-22,82.9097671508789
2000-12-26,83.8001708984375
2000-12-27,84.4135971069336
2000-12-28,84.67086791992188
2000-12-29,83.06803131103516
2001-01-02,81.56417846679688
2001-01-03,85.4821548461914
2001-01-04,84.56200408935547
2001-01-05,81.80162048339844
2001-01-08,82.434814453125
2001-01-09,82.21717834472656
2001-01-10,83.66165924072266
2001-01-11,83.74080657958984
2001-01-12,83.58251953125
2001-01-16,84.11678314208984
2001-01-17,84.50260925292969
2001-01-18,85.3436508178711
2001-01-19,84.85879516601562
2001-01-22,85.4227523803711
2001-01-23,86.09552001953125
2001-01-24,86.35277557373047
2001-01-25,86.13512420654297
2001-01-26,86.03617858886719
2001-01-29,86.49520874023438
2001-01-30,87.2551040649414
2001-01-31,86.76115417480469
2001-02-01,87.33740234375
2001-02-02,85.35546875
2001-02-05,85.98237609863281
2001-02-06,85.72908782958984
2001-02-07,85.28585052490234
2001-02-08,84.29167175292969
2001-02-09,83.48119354248047
2001-02-12,84.43733215332031
2001-02-13,83.74717712402344
2001-02-14,83.62055206298828
2001-02-15,84.43099975585938
2001-02-16,82.56939697265625
2001-02-20,81.29667663574219
2001-02-21,79.542724609375
2001-02-22,79.66302490234375
2001-02-23,79.12476348876953
2001-02-26,80.80912780761719
2001-02-27,80.06192779541016
2001-02-28,78.48526000976562
2001-03-01,78.89681243896484
2001-03-02,78.26997375488281
2001-03-05,78.9854965209961
2001-03-06,79.83396911621094
2001-03-07,80.40385437011719
2001-03-08,80.49251556396484
2001-03-09,78.11168670654297
2001-03-12,74.76836395263672
2001-03-13,75.99675750732422
2001-03-14,74.49609375
2001-03-15,74.51509094238281
2001-03-16,73.02052307128906
2001-03-19,74.50621795654297
2001-03-20,72.50625610351562
2001-03-21,71.2745361328125
2001-03-22,70.55074310302734
2001-03-23,72.68401336669922
2001-03-26,73.61100769042969
2001-03-27,75.11567687988281
2001-03-28,73.03958129882812
2001-03-29,73.31893920898438
2001-03-30,74.087158203125
2001-04-02,72.50625610351562
2001-04-03,70.08727264404297
2001-04-04,70.37930297851562
2001-04-05,73.0459213256836
2001-04-06,71.93482208251953
2001-04-09,72.73477935791016
2001-04-10,74.06175994873047
2001-04-11,74.11251831054688
2001-04-12,75.45855712890625
2001-04-16,74.66492462158203
2001-04-17,75.7188720703125
2001-04-18,78.7282943725586
2001-04-19,79.7759017944336
2001-04-20,79.04579162597656
2001-04-23,77.61090087890625
2001-04-24,77.19183349609375
2001-04-25,78.20133972167969
2001-04-26,78.5505599975586
2001-04-27,79.85845947265625
2001-04-30,80.41716766357422
2001-05-01,80.66476440429688
2001-05-02,80.51876068115234
2001-05-03,79.49659729003906
2001-05-04,80.84893035888672
2001-05-07,80.15052032470703
2001-05-08,80.11243438720703
2001-05-09,79.7759017944336
2001-05-10,80.01083374023438
2001-05-11,79.45845794677734
2001-05-14,79.61721801757812
2001-05-15,79.98542785644531
2001-05-16,81.8711166381836
2001-05-17,81.99810028076172
2001-05-18,82.37267303466797
2001-05-21,83.58537292480469
2001-05-22,83.4774169921875
2001-05-23,82.06158447265625
2001-05-24,82.30284881591797
2001-05-25,81.33143615722656
2001-05-29,80.6838150024414
2001-05-30,79.55369567871094
2001-05-31,79.96636962890625
2001-06-01,80.46160125732422
2001-06-04,80.84893035888672
2001-06-05,81.77587127685547
2001-06-06,81.09652709960938
2001-06-07,81.3885726928711
2001-06-08,80.63304138183594
2001-06-11,80.06163024902344
2001-06-12,79.92198181152344
2001-06-13,79.23623657226562
2001-06-14,77.45853424072266
2001-06-15,77.58329772949219
2001-06-18,77.20765686035156
2001-06-19,77.54512786865234
2001-06-20,77.95259857177734
2001-06-21,78.83761596679688
2001-06-22,78.22003173828125
2001-06-25,77.50050354003906
2001-06-26,77.39228820800781
2001-06-27,77.3476791381836
2001-06-28,77.77432250976562
2001-06-29,78.06083679199219
2001-07-02,79.0350112915039
2001-07-03,79.01591491699219
2001-07-05,77.47510528564453
2001-07-06,75.8005142211914
2001-07-09,76.2143783569336
2001-07-10,75.29750061035156
2001-07-11,75.37390899658203
2001-07-12,77.16310119628906
2001-07-13,77.83160400390625
2001-07-16,76.8574447631836
2001-07-17,77.57695770263672
2001-07-18,77.0484619140625
2001-07-19,77.72335815429688
2001-07-20,77.25856018066406
2001-07-23,75.73684692382812
2001-07-24,75.00457000732422
2001-07-25,75.83234405517578
2001-07-26,76.62823486328125
2001-07-27,76.9211196899414
2001-07-30,76.94656372070312
2001-07-31,77.26493072509766
2001-08-01,77.7488784790039
2001-08-02,78.06718444824219
2001-08-03,77.64060974121094
2001-08-06,76.596435546875
2001-08-07,76.89564514160156
2001-08-08,75.46941375732422
2001-08-09,75.69224548339844
2001-08-10,75.95330810546875
2001-08-13,75.97242736816406
2001-08-14,75.94060516357422
2001-08-15,75.28473663330078
2001-08-16,75.54582977294922
2001-08-17,74.3360824584961
2001-08-20,75.02376556396484
2001-08-21,73.74392700195312
2001-08-22,74.50798034667969
2001-08-23,74.24055480957031
2001-08-24,75.78140258789062
2001-08-27,75.32935333251953
2001-08-28,74.22785949707031
2001-08-29,73.56564331054688
2001-08-30,72.15216064453125
2001-08-31,72.6806640625
2001-09-04,72.21583557128906
2001-09-05,72.39408111572266
2001-09-06,70.52855682373047
2001-09-07,69.22331237792969
2001-09-10,70.07014465332031
2001-09-17,66.4090347290039
2001-09-18,66.24984741210938
2001-09-19,64.91275024414062
2001-09-20,62.849822998046875
2001-09-21,62.17169189453125
2001-09-24,64.35746002197266
2001-09-25,65.02849578857422
2001-09-26,64.79840087890625
2001-09-27,65.3608169555664
2001-09-28,66.7476577758789
2001-10-01,66.63903045654297
2001-10-02,67.47624206542969
2001-10-03,68.6074447631836
2001-10-04,68.66498565673828
2001-10-05,68.53075408935547
2001-10-08,68.0833740234375
2001-10-09,67.71910095214844
2001-10-10,69.22740936279297
2001-10-11,70.30110168457031
2001-10-12,69.98152923583984
2001-10-15,69.85369110107422
2001-10-16,70.29468536376953
2001-10-17,68.7992172241211
2001-10-18,68.65218353271484
2001-10-19,68.6074447631836
2001-10-22,69.96236419677734
2001-10-23,69.60446166992188
2001-10-24,69.41912841796875
2001-10-25,70.6653823852539
2001-10-26,70.50558471679688
2001-10-29,68.6713638305664
2001-10-30,67.84691619873047
2001-10-31,67.61685180664062
2001-11-01,69.34881591796875
2001-11-02,69.82176208496094
2001-11-05,70.73570251464844
2001-11-06,71.83491516113281
2001-11-07,71.73904418945312
2001-11-08,71.96270751953125
2001-11-09,72.03941345214844
2001-11-12,71.59848022460938
2001-11-13,73.20899963378906
2001-11-14,73.27930450439453
2001-11-15,73.41345977783203
2001-11-16,73.08753204345703
2001-11-19,73.98867797851562
2001-11-20,73.36878967285156
2001-11-21,72.88304901123047
2001-11-23,73.93118286132812
2001-11-26,74.09095764160156
2001-11-27,73.77140045166016
2001-11-28,72.43567657470703
2001-11-29,73.41345977783203
2001-11-30,72.88943481445312
2001-12-03,72.45486450195312
2001-12-04,73.68192291259766
2001-12-05,75.03043365478516
2001-12-06,74.99205780029297
2001-12-07,74.49357604980469
2001-12-10,73.10029602050781
2001-12-11,72.95336151123047
2001-12-12,73.03643035888672
2001-12-13,71.61764526367188
2001-12-14,72.30146026611328
2001-12-17,73.0492172241211
2001-12-18,73.48381042480469
2001-12-19,74.00149536132812
2001-12-20,73.27288818359375
2001-12-21,73.71733856201172
2001-12-24,73.57624053955078
2001-12-26,73.98027038574219
2001-12-27,74.42916107177734
2001-12-28,74.39067840576172
2001-12-31,73.30046081542969
2002-01-02,74.0892562866211
2002-01-03,74.92937469482422
2002-01-04,75.4295883178711
2002-01-07,74.89728546142578
2002-01-08,74.72415161132812
2002-01-09,74.11489868164062
2002-01-10,74.4419937133789
2002-01-11,73.71089935302734
2002-01-14,73.24913024902344
2002-01-15,73.84557342529297
2002-01-16,72.35135650634766
2002-01-17,72.89645385742188
2002-01-18,72.56298065185547
2002-01-22,72.0627670288086
2002-01-23,72.61426544189453
2002-01-24,72.83873748779297
2002-01-25,72.81946563720703
2002-01-28,73.01826477050781
2002-01-29,70.72245788574219
2002-01-30,71.74212646484375
2002-01-31,72.58219146728516
2002-02-01,72.2423324584961
2002-02-04,70.44668579101562
2002-02-05,70.01061248779297
2002-02-06,69.70916748046875
2002-02-07,69.27311706542969
2002-02-08,70.60061645507812
2002-02-11,71.46636962890625
2002-02-12,71.241943359375
2002-02-13,71.99867248535156
2002-02-14,71.86399841308594
2002-02-15,71.11366271972656
2002-02-19,69.74766540527344
2002-02-20,70.92125701904297
2002-02-21,69.45268249511719
2002-02-22,70.3119888305664
2002-02-25,71.47273254394531
2002-02-26,71.32527160644531
2002-02-27,71.60099029541016
2002-02-28,71.28034973144531
2002-03-01,72.94136047363281
2002-03-04,74.23038482666016
2002-03-05,73.99308013916016
2002-03-06,74.87162780761719
2002-03-07,74.71131896972656
2002-03-08,75.02556610107422
2002-03-11,75.18587493896484
2002-03-12,75.14099884033203
2002-03-13,74.41634368896484
2002-03-14,74.313720703125
2002-03-15,75.02182006835938
2002-03-18,75.03463745117188
2002-03-19,75.53633117675781
2002-03-20,74.114990234375
2002-03-21,74.14715576171875
2002-03-22,73.98636627197266
2002-03-25,73.06668090820312
2002-03-26,73.49115753173828
2002-03-27,73.68408203125
2002-03-28,73.65193939208984
2002-04-01,73.68408203125
2002-04-02,73.2789306640625
2002-04-03,72.76443481445312
2002-04-04,72.4621353149414
2002-04-05,72.47501373291016
2002-04-08,72.62934875488281
2002-04-09,72.12125396728516
2002-04-10,72.93807983398438
2002-04-11,71.12443542480469
2002-04-12,71.65823364257812
2002-04-15,71.11155700683594
2002-04-16,72.80294799804688
2002-04-17,72.64862060546875
2002-04-18,72.3335189819336
2002-04-19,72.59717559814453
2002-04-22,71.38809967041016
2002-04-23,71.07941436767578
2002-04-24,70.3655014038086
2002-04-25,70.40409851074219
2002-04-26,69.06637573242188
2002-04-29,68.72549438476562
2002-04-30,69.36861419677734
2002-05-01,70.21762084960938
2002-05-02,69.94746398925781
2002-05-03,69.18854522705078
2002-05-06,67.83158111572266
2002-05-07,67.5936050415039
2002-05-08,70.1082534790039
2002-05-09,69.29792785644531
2002-05-10,67.99234771728516
2002-05-13,69.37506866455078
2002-05-14,70.8864517211914
2002-05-15,70.60991668701172
2002-05-16,70.97647857666016
2002-05-17,71.32376098632812
2002-05-20,70.55203247070312
2002-05-21,69.90886688232422
2002-05-22,70.06324005126953
2002-05-23,70.80924224853516
2002-05-24,69.9024429321289
2002-05-28,69.52298736572266
2002-05-29,69.00849914550781
2002-05-30,68.81551361083984
2002-05-31,68.95703887939453
2002-06-03,67.12409973144531
2002-06-04,67.29132080078125
2002-06-05,67.92159271240234
2002-06-06,66.5388412475586
2002-06-07,66.46166229248047
2002-06-10,66.71891021728516
2002-06-11,65.57415771484375
2002-06-12,65.97290802001953
2002-06-13,65.3104476928711
2002-06-14,65.21399688720703
2002-06-17,66.96331787109375
2002-06-18,67.50997161865234
2002-06-19,65.93431854248047
2002-06-20,65.0918197631836
2002-06-21,64.07398986816406
2002-06-24,64.40962982177734
2002-06-25,62.963951110839844
2002-06-26,63.067230224609375
2002-06-27,64.17080688476562
2002-06-28,63.86748504638672
2002-07-01,62.62188720703125
2002-07-02,61.29240036010742
2002-07-03,61.640899658203125
2002-07-05,64.09336853027344
2002-07-08,63.29308319091797
2002-07-09,61.698978424072266
2002-07-10,59.45305633544922
2002-07-11,59.93708801269531
2002-07-12,59.278770446777344
2002-07-15,59.59501266479492
2002-07-16,58.446266174316406
2002-07-17,58.56243896484375
2002-07-18,56.66496276855469
2002-07-19,54.670745849609375
2002-07-22,53.05080032348633
2002-07-23,51.59868621826172
2002-07-24,54.677181243896484
2002-07-25,54.212528228759766
2002-07-26,55.24512481689453
2002-07-29,57.936405181884766
2002-07-30,58.69148254394531
2002-07-31,58.83348846435547
2002-08-01,57.29743957519531
2002-08-02,56.01313400268555
2002-08-05,54.06406021118164
2002-08-06,55.88405227661133
2002-08-07,56.85860061645508
2002-08-08,58.69792175292969
2002-08-09,58.917415618896484
2002-08-12,58.48493957519531
2002-08-13,57.42007064819336
2002-08-14,59.51757049560547
2002-08-15,60.34369659423828
2002-08-16,60.16294860839844
2002-08-19,61.569942474365234
2002-08-20,60.91807556152344
2002-08-21,61.79581832885742
2002-08-22,62.39604187011719
2002-08-23,61.05360412597656
2002-08-26,61.479557037353516
2002-08-27,60.76964569091797
2002-08-28,59.44015884399414
2002-08-29,59.465965270996094
2002-08-30,59.233638763427734
2002-09-03,56.97475814819336
2002-09-04,57.787925720214844
2002-09-05,57.29743957519531
2002-09-06,58.08479690551758
2002-09-09,58.510780334472656
2002-09-10,59.181983947753906
2002-09-11,58.81412887573242
2002-09-12,57.729854583740234
2002-09-13,57.87187194824219
2002-09-16,58.01384353637695
2002-09-17,56.68434143066406
2002-09-18,56.11639404296875
2002-09-19,54.664283752441406
2002-09-20,54.68241882324219
2002-09-23,54.235107421875
2002-09-24,53.35993194580078
2002-09-25,54.68241882324219
2002-09-26,55.57706832885742
2002-09-27,53.645179748535156
2002-09-30,53.0228385925293
2002-10-01,55.570579528808594
2002-10-02,53.90448760986328
2002-10-03,53.35993194580078
2002-10-04,52.38105010986328
2002-10-07,51.29841995239258
2002-10-08,52.10227966308594
2002-10-09,50.63065719604492
2002-10-10,52.270835876464844
2002-10-11,54.559303283691406
2002-10-14,54.86394119262695
2002-10-15,57.5024528503418
2002-10-16,56.108619689941406
2002-10-17,57.223697662353516
2002-10-18,57.463531494140625
2002-10-21,58.455406188964844
2002-10-22,58.03402328491211
2002-10-23,58.47488784790039
2002-10-24,57.28199768066406
2002-10-25,58.47488784790039
2002-10-28,58.09236526489258
2002-10-29,57.41820526123047
2002-10-30,57.97568130493164
2002-10-31,57.385738372802734
2002-11-01,58.52027893066406
2002-11-04,59.077762603759766
2002-11-05,59.54452133178711
2002-11-06,60.316001892089844
2002-11-07,58.83791732788086
2002-11-08,58.118316650390625
2002-11-11,57.21721267700195
2002-11-12,57.6710090637207
2002-11-13,57.7293586730957
2002-11-14,58.81846618652344
2002-11-15,59.25282669067383
2002-11-18,58.656375885009766
2002-11-19,58.5786018371582
2002-11-20,59.88165283203125
2002-11-21,60.99667739868164
2002-11-22,60.56232452392578
2002-11-25,60.60122299194336
2002-11-26,59.44729232788086
2002-11-27,61.119842529296875
2002-11-29,60.92538070678711
2002-12-02,61.02260971069336
2002-12-03,60.205772399902344
2002-12-04,59.9334716796875
2002-12-05,59.2722282409668
2002-12-06,59.66123580932617
2002-12-09,58.02107620239258
2002-12-10,58.79902648925781
2002-12-11,58.85086441040039
2002-12-12,58.84437942504883
2002-12-13,57.917327880859375
2002-12-16,59.41489791870117
2002-12-17,58.896263122558594
2002-12-18,58.21558380126953
2002-12-19,57.80063247680664
2002-12-20,58.62542724609375
2002-12-23,58.64496994018555
2002-12-24,58.20849609375
2002-12-26,58.234527587890625
2002-12-27,56.92508316040039
2002-12-30,57.40065002441406
2002-12-31,57.47884750366211
2003-01-02,59.32899475097656
2003-01-03,59.51138687133789
2003-01-06,60.56026077270508
2003-01-07,60.410430908203125
2003-01-08,59.53746032714844
2003-01-09,60.462547302246094
2003-01-10,60.62541198730469
2003-01-13,60.60586929321289
2003-01-14,60.80132293701172
2003-01-15,60.195438385009766
2003-01-16,59.94786071777344
2003-01-17,59.0618782043457
2003-01-21,58.14332962036133
2003-01-22,57.439754486083984
2003-01-23,57.7915153503418
2003-01-24,56.273616790771484
2003-01-27,55.50484848022461
2003-01-28,55.915321350097656
2003-01-29,56.33876037597656
2003-01-30,55.003257751464844
2003-01-31,56.06515884399414
2003-02-03,56.175907135009766
2003-02-04,55.62215805053711
2003-02-05,55.276851654052734
2003-02-06,55.016319274902344
2003-02-07,54.34528350830078
2003-02-10,54.729644775390625
2003-02-11,54.35179901123047
2003-02-12,53.48533248901367
2003-02-13,53.64820861816406
2003-02-14,54.820884704589844
2003-02-18,55.78501892089844
2003-02-19,55.49185562133789
2003-02-20,54.93809127807617
2003-02-21,55.49185562133789
2003-02-24,54.59283447265625
2003-02-25,55.029327392578125
2003-02-26,54.2280158996582
2003-02-27,54.94462203979492
2003-02-28,55.30945587158203
2003-03-03,54.78175735473633
2003-03-04,53.9088020324707
2003-03-05,54.36482238769531
2003-03-06,53.9088020324707
2003-03-07,54.28013229370117
2003-03-10,52.97719955444336
2003-03-11,52.456031799316406
2003-03-12,52.80781555175781
2003-03-13,54.63190460205078
2003-03-14,54.807823181152344
2003-03-17,56.53421401977539
2003-03-18,56.86644744873047
2003-03-19,57.302940368652344
2003-03-20,57.42668151855469
2003-03-21,58.6524772644043
2003-03-24,56.70330047607422
2003-03-25,57.24617004394531
2003-03-26,56.95838928222656
2003-03-27,57.004188537597656
2003-03-28,56.71635437011719
2003-03-31,55.427791595458984
2003-04-01,56.27811050415039
2003-04-02,57.63865661621094
2003-04-03,57.363914489746094
2003-04-04,57.70404815673828
2003-04-07,57.592857360839844
2003-04-08,57.68440628051758
2003-04-09,56.925697326660156
2003-04-10,57.239620208740234
2003-04-11,57.004188537597656
2003-04-14,58.181556701660156
2003-04-15,58.72440719604492
2003-04-16,57.72368240356445
2003-04-17,58.58052062988281
2003-04-21,58.63939666748047
2003-04-22,59.74481964111328
2003-04-23,60.29425811767578
2003-04-24,59.757904052734375
2003-04-25,59.0187873840332
2003-04-28,60.03916549682617
2003-04-29,60.24845886230469
2003-04-30,60.11768341064453
2003-05-01,60.11112594604492
2003-05-02,60.96799087524414
2003-05-05,60.850257873535156
2003-05-06,61.425846099853516
2003-05-07,61.0856819152832
2003-05-08,60.47088623046875
2003-05-09,61.308101654052734
2003-05-12,62.0602912902832
2003-05-13,61.94910430908203
2003-05-14,61.81829071044922
2003-05-15,62.21074676513672
2003-05-16,62.053802490234375
2003-05-19,60.6016845703125
2003-05-20,60.477386474609375
2003-05-21,60.6016845703125
2003-05-22,61.20347595214844
2003-05-23,61.32773208618164
2003-05-27,62.40045166015625
2003-05-28,62.577022552490234
2003-05-29,62.41349411010742
2003-05-30,63.41428756713867
2003-06-02,63.6759033203125
2003-06-03,63.93756103515625
2003-06-04,64.8598403930664
2003-06-05,65.18034362792969
2003-06-06,64.9252700805664
2003-06-09,64.26464080810547
2003-06-10,64.91867065429688
2003-06-11,65.60547637939453
2003-06-12,65.80831909179688
2003-06-13,65.12146759033203
2003-06-16,66.49507904052734
2003-06-17,66.49507904052734
2003-06-18,66.43619537353516
2003-06-19,65.42232513427734
2003-06-20,65.27792358398438
2003-06-23,64.60831451416016
2003-06-24,64.67396545410156
2003-06-25,64.02410125732422
2003-06-26,64.8578109741211
2003-06-27,64.10942077636719
2003-06-30,64.08973693847656
2003-07-01,64.68055725097656
2003-07-02,65.49452209472656
2003-07-03,64.81839752197266
2003-07-07,66.10504150390625
2003-07-08,66.40047454833984
2003-07-09,66.02627563476562
2003-07-10,65.18598175048828
2003-07-11,65.80307006835938
2003-07-14,66.12478637695312
2003-07-15,65.98035430908203
2003-07-16,65.59300231933594
2003-07-17,64.66088104248047
2003-07-18,65.32386779785156
2003-07-21,64.51644897460938
2003-07-22,65.10066986083984
2003-07-23,65.14665985107422
2003-07-24,64.654296875
2003-07-25,65.7965316772461
2003-07-28,65.55364227294922
2003-07-29,65.25167083740234
2003-07-30,65.0941390991211
2003-07-31,65.24510955810547
2003-08-01,64.66740417480469
2003-08-04,64.66740417480469
2003-08-05,63.29543685913086
2003-08-06,63.66304397583008
2003-08-07,64.33259582519531
2003-08-08,64.51644897460938
2003-08-11,64.75933074951172
2003-08-12,65.35013580322266
2003-08-13,65.01532745361328
2003-08-14,65.19259643554688
2003-08-15,65.39605712890625
2003-08-18,65.96065521240234
2003-08-19,66.21006774902344
2003-08-20,65.94094848632812
2003-08-21,66.1510009765625
2003-08-22,65.49452209472656
2003-08-25,65.5995864868164
2003-08-26,65.71772003173828
2003-08-27,65.73741912841797
2003-08-28,66.14441680908203
2003-08-29,66.59085083007812
2003-09-02,67.48360443115234
2003-09-03,67.85122680664062
2003-09-04,67.88409423828125
2003-09-05,67.5033187866211
2003-09-08,68.06123352050781
2003-09-09,67.61489868164062
2003-09-10,66.93216705322266
2003-09-11,67.12911224365234
2003-09-12,67.25384521484375
2003-09-15,67.01753997802734
2003-09-16,67.9956283569336
2003-09-17,67.86436462402344
2003-09-18,68.66524505615234
2003-09-19,68.31597900390625
2003-09-22,67.57791900634766
2003-09-23,67.83493041992188
2003-09-24,66.62899780273438
2003-09-25,66.08206939697266
2003-09-26,65.86458587646484
2003-09-29,66.51039123535156
2003-09-30,65.86458587646484
2003-10-01,67.26822662353516
2003-10-02,67.51203918457031
2003-10-03,68.13147735595703
2003-10-06,68.44121551513672
2003-10-07,68.70477294921875
2003-10-08,68.53345489501953
2003-10-09,68.71794128417969
2003-10-10,68.90904998779297
2003-10-13,69.12648010253906
2003-10-14,69.37031555175781
2003-10-15,69.18583679199219
2003-10-16,69.46258544921875
2003-10-17,68.70477294921875
2003-10-20,69.21875
2003-10-21,69.10015869140625
2003-10-22,68.23028564453125
2003-10-23,68.10508728027344
2003-10-24,68.25663757324219
2003-10-27,68.28960418701172
2003-10-28,69.21875
2003-10-29,69.31102752685547
2003-10-30,69.45600891113281
2003-10-31,69.39009857177734
2003-11-03,69.84477996826172
2003-11-04,69.6932373046875
2003-11-05,69.74597930908203
2003-11-06,70.1150131225586
2003-11-07,69.59439086914062
2003-11-10,69.31102752685547
2003-11-11,69.29131317138672
2003-11-12,70.06883239746094
2003-11-13,70.088623046875
2003-11-14,69.49553680419922
2003-11-17,69.14627075195312
2003-11-18,68.42800903320312
2003-11-19,69.00789642333984
2003-11-20,68.38848876953125
2003-11-21,68.67182159423828
2003-11-24,69.58123016357422
2003-11-25,69.84477996826172
2003-11-26,70.09516906738281
2003-11-28,70.14793395996094
2003-12-01,70.90575408935547
2003-12-02,70.72782135009766
2003-12-03,70.61578369140625
2003-12-04,70.90575408935547
2003-12-05,70.41154479980469
2003-12-08,70.88595581054688
2003-12-09,70.33903503417969
2003-12-10,70.33245086669922
2003-12-11,71.12319946289062
2003-12-12,71.2615966796875
2003-12-15,70.90575408935547
2003-12-16,71.27478790283203
2003-12-17,71.4988021850586
2003-12-18,72.30277252197266
2003-12-19,72.10151672363281
2003-12-22,72.60464477539062
2003-12-23,72.65100860595703
2003-12-24,72.57817840576172
2003-12-26,72.6312026977539
2003-12-29,73.5978012084961
2003-12-30,73.6111068725586
2003-12-31,73.6772689819336
2004-01-02,73.64418029785156
2004-01-05,74.44532775878906
2004-01-06,74.51810455322266
2004-01-07,74.76970672607422
2004-01-08,75.06767272949219
2004-01-09,74.41218566894531
2004-01-12,74.96170043945312
2004-01-13,74.52474975585938
2004-01-14,75.14713287353516
2004-01-15,75.3324966430664
2004-01-16,75.63041687011719
2004-01-20,75.61055755615234
2004-01-21,76.2064437866211
2004-01-22,76.00782012939453
2004-01-23,75.7628402709961
2004-01-26,76.71626281738281
2004-01-27,75.9283676147461
2004-01-28,75.06102752685547
2004-01-29,75.1338882446289
2004-01-30,75.1338882446289
2004-02-02,75.45826721191406
2004-02-03,75.3324966430664
2004-02-04,74.71673583984375
2004-02-05,74.93521881103516
2004-02-06,75.77610778808594
2004-02-09,75.79593658447266
2004-02-10,76.04094696044922
2004-02-11,76.84868621826172
2004-02-12,76.57062530517578
2004-02-13,76.22632598876953
2004-02-17,76.91488647460938
2004-02-18,76.5772476196289
2004-02-19,76.29254150390625
2004-02-20,76.0607681274414
2004-02-23,75.86881256103516
2004-02-24,75.7363510131836
2004-02-25,76.05419158935547
2004-02-26,76.1004867553711
2004-02-27,76.15351104736328
2004-03-01,76.90824890136719
2004-03-02,76.45801544189453
2004-03-03,76.59707641601562
2004-03-04,76.79571533203125
2004-03-05,77.05392456054688
2004-03-08,76.11378479003906
2004-03-09,75.80921936035156
2004-03-10,74.53800964355469
2004-03-11,73.57134246826172
2004-03-12,74.53800964355469
2004-03-15,73.6242904663086
2004-03-16,74.01493835449219
2004-03-17,74.8425521850586
2004-03-18,74.86241149902344
2004-03-19,73.78938293457031
2004-03-22,72.85257720947266
2004-03-23,72.72633361816406
2004-03-24,72.78612518310547
2004-03-25,73.74951934814453
2004-03-26,73.76947021484375
2004-03-29,74.80592346191406
2004-03-30,75.05842590332031
2004-03-31,75.14480590820312
2004-04-01,75.59661102294922
2004-04-02,76.16797637939453
2004-04-05,76.58658599853516
2004-04-06,76.3407211303711
2004-04-07,76.16133117675781
2004-04-08,75.98856353759766
2004-04-12,76.28758239746094
2004-04-13,75.2178955078125
2004-04-14,75.33749389648438
2004-04-15,75.05177307128906
2004-04-16,75.62981414794922
2004-04-19,75.62981414794922
2004-04-20,74.36078643798828
2004-04-21,74.85908508300781
2004-04-22,75.90882873535156
2004-04-23,75.98194122314453
2004-04-26,75.8756103515625
2004-04-27,75.94208526611328
2004-04-28,74.95875549316406
2004-04-29,74.30098724365234
2004-04-30,73.72294616699219
2004-05-03,74.51359558105469
2004-05-04,74.45379638671875
2004-05-05,74.93216705322266
2004-05-06,74.28771209716797
2004-05-07,73.05853271484375
2004-05-10,72.3077621459961
2004-05-11,72.91901397705078
2004-05-12,73.38407897949219
2004-05-13,73.0784912109375
2004-05-14,73.11167907714844
2004-05-17,72.48715209960938
2004-05-18,72.85257720947266
2004-05-19,72.60006713867188
2004-05-20,72.83262634277344
2004-05-21,72.95886993408203
2004-05-24,73.26449584960938
2004-05-25,74.31429290771484
2004-05-26,74.57340240478516
2004-05-27,74.99199676513672
2004-05-28,74.98532104492188
2004-06-01,74.88567352294922
2004-06-02,75.16471862792969
2004-06-03,74.47376251220703
2004-06-04,75.06504821777344
2004-06-07,76.20784759521484
2004-06-08,76.31411743164062
2004-06-09,75.60326385498047
2004-06-10,75.97527313232422
2004-06-14,75.2245101928711
2004-06-15,75.75602722167969
2004-06-16,75.74274444580078
2004-06-17,75.62981414794922
2004-06-18,75.77250671386719
2004-06-21,75.48574829101562
2004-06-22,75.86589050292969
2004-06-23,76.51937866210938
2004-06-24,76.279296875
2004-06-25,75.91252136230469
2004-06-28,75.65248107910156
2004-06-29,75.96587371826172
2004-06-30,76.37264251708984
2004-07-01,75.31237030029297
2004-07-02,75.27239990234375
2004-07-06,74.61222839355469
2004-07-07,74.83226776123047
2004-07-08,74.31212615966797
2004-07-09,74.50550842285156
2004-07-12,74.53886413574219
2004-07-13,74.59220886230469
2004-07-14,74.36547088623047
2004-07-15,73.88538360595703
2004-07-16,73.82537078857422
2004-07-19,73.51195526123047
2004-07-20,74.44550323486328
2004-07-21,73.07182312011719
2004-07-22,73.27186584472656
2004-07-23,72.65839385986328
2004-07-26,72.5183334350586
2004-07-27,73.19853973388672
2004-07-28,73.4185791015625
2004-07-29,73.73198699951172
2004-07-30,73.91204071044922
2004-08-02,74.06539154052734
2004-08-03,73.4919204711914
2004-08-04,73.48527526855469
2004-08-05,72.28495788574219
2004-08-06,71.25139617919922
2004-08-09,71.35137939453125
2004-08-10,72.2716064453125
2004-08-11,72.12490844726562
2004-08-12,71.33800506591797
2004-08-13,71.47809600830078
2004-08-16,72.21827697753906
2004-08-17,72.62504577636719
2004-08-18,73.37191009521484
2004-08-19,73.15850830078125
2004-08-20,73.6719741821289
2004-08-23,73.48527526855469
2004-08-24,73.58528137207031
2004-08-25,74.0854263305664
2004-08-26,74.0854263305664
2004-08-27,74.31881713867188
2004-08-30,73.70533752441406
2004-08-31,74.09205627441406
2004-09-01,74.23213958740234
2004-09-02,75.07234191894531
2004-09-03,74.7656021118164
2004-09-07,75.25904846191406
2004-09-08,75.07234191894531
2004-09-09,75.00565338134766
2004-09-10,75.39242553710938
2004-09-13,75.63915252685547
2004-09-14,75.7925033569336
2004-09-15,75.21903228759766
2004-09-16,75.44578552246094
2004-09-17,75.76652526855469
2004-09-20,75.3111572265625
2004-09-21,75.6392593383789
2004-09-22,74.69515991210938
2004-09-23,74.29339599609375
2004-09-24,74.63487243652344
2004-09-27,74.15945434570312
2004-09-28,74.51432800292969
2004-09-29,74.88932037353516
2004-09-30,74.83573913574219
2004-10-01,76.10134887695312
2004-10-04,76.228515625
2004-10-05,76.2686996459961
2004-10-06,76.791015625
2004-10-07,75.96739196777344
2004-10-08,75.33798217773438
2004-10-11,75.64598083496094
2004-10-12,75.3513412475586
2004-10-13,74.68842315673828
2004-10-14,74.0857925415039
2004-10-15,74.50094604492188
2004-10-18,74.78216552734375
2004-10-19,74.15274047851562
2004-10-20,74.00543212890625
2004-10-21,74.48756408691406
2004-10-22,73.65055847167969
2004-10-25,73.5634765625
2004-10-26,74.68842315673828
2004-10-27,75.5857162475586
2004-10-28,75.81336975097656
2004-10-29,75.79999542236328
2004-11-01,76.00758361816406
2004-11-02,76.03435516357422
2004-11-03,76.99188232421875
2004-11-04,78.04319763183594
2004-11-05,78.53201293945312
2004-11-08,78.41814422607422
2004-11-09,78.26416015625
2004-11-10,78.32443237304688
2004-11-11,78.92035675048828
2004-11-12,79.54310607910156
2004-11-15,79.73853302001953
2004-11-16,79.16767120361328
2004-11-17,79.63780975341797
2004-11-18,79.74524688720703
2004-11-19,78.8587646484375
2004-11-22,79.2348403930664
2004-11-23,79.3557357788086
2004-11-24,79.54378509521484
2004-11-26,79.48332214355469
2004-11-29,79.12068939208984
2004-11-30,79.17443084716797
2004-12-01,80.07437133789062
2004-12-02,80.14151000976562
2004-12-03,80.0877914428711
2004-12-06,80.06090545654297
2004-12-07,79.31541442871094
2004-12-08,79.77882385253906
2004-12-09,80.06090545654297
2004-12-10,80.14151000976562
2004-12-13,80.83999633789062
2004-12-14,81.12202453613281
2004-12-15,81.1824951171875
2004-12-16,81.13546752929688
2004-12-17,80.59427642822266
2004-12-20,80.61457061767578
2004-12-21,81.23535919189453
2004-12-22,81.4310073852539
2004-12-23,81.49175262451172
2004-12-27,81.32306671142578
2004-12-28,81.76844024658203
2004-12-29,81.88986206054688
2004-12-30,81.73463439941406
2004-12-31,81.55921936035156
2005-01-03,81.17461395263672
2005-01-04,80.18270111083984
2005-01-05,79.62938690185547
2005-01-06,80.03426361083984
2005-01-07,79.91957092285156
2005-01-10,80.2973861694336
2005-01-11,79.7441177368164
2005-01-12,80.00724029541016
2005-01-13,79.36620330810547
2005-01-14,79.78458404541016
2005-01-18,80.61457061767578
2005-01-19,79.77112579345703
2005-01-20,79.28522491455078
2005-01-21,78.7994155883789
2005-01-24,78.64422607421875
2005-01-25,78.86688995361328
2005-01-26,79.10309600830078
2005-01-27,79.2380142211914
2005-01-28,79.2380142211914
2005-01-31,79.73062896728516
2005-02-01,80.23670196533203
2005-02-02,80.47958374023438
2005-02-03,80.27046966552734
2005-02-04,81.12736511230469
2005-02-07,81.01941680908203
2005-02-08,81.11385345458984
2005-02-09,80.50656127929688
2005-02-10,80.79671478271484
2005-02-11,81.49175262451172
2005-02-14,81.4310073852539
2005-02-15,81.73463439941406
2005-02-16,81.78865814208984
2005-02-17,81.12736511230469
2005-02-18,81.23535919189453
2005-02-22,80.02749633789062
2005-02-23,80.60102844238281
2005-02-24,81.13411712646484
2005-02-25,81.93707275390625
2005-02-28,81.39726257324219
2005-03-01,81.80210876464844
2005-03-02,81.76165008544922
2005-03-03,81.79536437988281
2005-03-04,82.81427001953125
2005-03-07,82.85478210449219
2005-03-08,82.54438781738281
2005-03-09,81.62671661376953
2005-03-10,81.80890655517578
2005-03-11,81.23535919189453
2005-03-14,81.7414321899414
2005-03-15,81.06663513183594
2005-03-16,80.37837982177734
2005-03-17,80.54031372070312
2005-03-18,80.30119323730469
2005-03-21,80.00312805175781
2005-03-22,79.19022369384766
2005-03-23,79.25798797607422
2005-03-24,79.3528060913086
2005-03-28,79.46797180175781
2005-03-29,78.93959045410156
2005-03-30,80.0573501586914
2005-03-31,79.90827941894531
2005-04-01,79.54924011230469
2005-04-04,79.68474578857422
2005-04-05,80.06411743164062
2005-04-06,80.34183502197266
2005-04-07,80.77537536621094
2005-04-08,79.93535614013672
2005-04-11,79.99634552001953
2005-04-12,80.40953826904297
2005-04-13,79.46124267578125
2005-04-14,78.42473602294922
2005-04-15,77.32732391357422
2005-04-18,77.56440734863281
2005-04-19,78.18087768554688
2005-04-20,77.09022521972656
2005-04-21,78.58733367919922
2005-04-22,78.2892837524414
2005-04-25,78.8041000366211
2005-04-26,78.0385971069336
2005-04-27,78.34345245361328
2005-04-28,77.36119842529297
2005-04-29,78.41118621826172
2005-05-02,78.85148620605469
2005-05-03,78.98701477050781
2005-05-04,79.59663391113281
2005-05-05,79.569580078125
2005-05-06,79.31898498535156
2005-05-09,79.81342315673828
2005-05-10,78.98701477050781
2005-05-11,79.42051696777344
2005-05-12,78.54669189453125
2005-05-13,78.39083862304688
2005-05-16,79.12247467041016
2005-05-17,79.65088653564453
2005-05-18,80.47054290771484
2005-05-19,80.80926513671875
2005-05-20,80.694091796875
2005-05-23,81.14119720458984
2005-05-24,80.95152282714844
2005-05-25,80.89055633544922
2005-05-26,81.3241195678711
2005-05-27,81.45957946777344
2005-05-31,80.93798065185547
2005-06-01,81.6289291381836
2005-06-02,81.80506134033203
2005-06-03,81.39185333251953
2005-06-06,81.31730651855469
2005-06-07,81.37831115722656
2005-06-08,81.2292709350586
2005-06-09,81.61538696289062
2005-06-10,81.42570495605469
2005-06-13,81.68309783935547
2005-06-14,81.87278747558594
2005-06-15,82.02857971191406
2005-06-16,82.23860931396484
2005-06-17,82.54332733154297
2005-06-20,82.57052612304688
2005-06-21,82.61812591552734
2005-06-22,82.68614959716797
2005-06-23,81.52308654785156
2005-06-24,80.92456817626953
2005-06-27,81.04019927978516
2005-06-28,81.72032928466797
2005-06-29,81.5026626586914
2005-06-30,81.06057739257812
2005-07-01,81.29859924316406
2005-07-05,81.95157623291016
2005-07-06,81.26463317871094
2005-07-07,81.58432006835938
2005-07-08,82.51610565185547
2005-07-11,82.9378433227539
2005-07-12,83.15546417236328
2005-07-13,83.27110290527344
2005-07-14,83.59751892089844
2005-07-15,83.5499496459961
2005-07-18,83.21665954589844
2005-07-19,83.67237854003906
2005-07-20,83.95803833007812
2005-07-21,83.46831512451172
2005-07-22,84.02605438232422
2005-07-25,83.78800964355469
2005-07-26,83.89002990722656
2005-07-27,84.1960678100586
2005-07-28,84.72660064697266
2005-07-29,84.1620864868164
2005-08-01,84.10089111328125
2005-08-02,84.60417938232422
2005-08-03,84.82865142822266
2005-08-04,84.14848327636719
2005-08-05,83.57715606689453
2005-08-08,83.42070770263672
2005-08-09,83.92404174804688
2005-08-10,83.88323211669922
2005-08-11,84.21649169921875
2005-08-12,83.6995849609375
2005-08-15,84.21649169921875
2005-08-16,83.1214370727539
2005-08-17,83.1146469116211
2005-08-18,83.10784149169922
2005-08-19,83.29829406738281
2005-08-22,83.29829406738281
2005-08-23,83.1418228149414
2005-08-24,82.40046691894531
2005-08-25,82.69976043701172
2005-08-26,82.13523864746094
2005-08-29,82.76779174804688
2005-08-30,82.33244323730469
2005-08-31,83.37309265136719
2005-09-01,83.31189727783203
2005-09-02,83.16229248046875
2005-09-06,84.1348876953125
2005-09-07,84.27769470214844
2005-09-08,83.99883270263672
2005-09-09,84.74699401855469
2005-09-12,84.57694244384766
2005-09-13,84.10767364501953
2005-09-14,83.80160522460938
2005-09-15,83.76080322265625
2005-09-16,84.35638427734375
2005-09-19,84.07632446289062
2005-09-20,83.36599731445312
2005-09-21,82.58731842041016
2005-09-22,82.88101959228516
2005-09-23,82.94932556152344
2005-09-26,83.04496765136719
2005-09-27,83.02445983886719
2005-09-28,83.10641479492188
2005-09-29,83.78264617919922
2005-09-30,84.04219818115234
2005-10-03,83.74166107177734
2005-10-04,82.799072265625
2005-10-05,81.7130126953125
2005-10-06,81.41929626464844
2005-10-07,81.69934844970703
2005-10-10,81.00947570800781
2005-10-11,80.89337158203125
2005-10-12,80.25811004638672
2005-10-13,80.21028137207031
2005-10-14,81.05728149414062
2005-10-17,81.35784912109375
2005-10-18,80.47667694091797
2005-10-19,81.81544494628906
2005-10-20,80.37427520751953
2005-10-21,80.6884536743164
2005-10-24,81.9384536743164
2005-10-25,81.77449035644531
2005-10-26,81.5354232788086
2005-10-27,80.66793823242188
2005-10-28,81.82913208007812
2005-10-31,82.05452728271484
2005-11-01,82.30043029785156
2005-11-02,83.16107177734375
2005-11-03,83.51628112792969
2005-11-04,83.40699005126953
2005-11-07,83.48895263671875
2005-11-08,83.48895263671875
2005-11-09,83.59822845458984
2005-11-10,84.24713897705078
2005-11-11,84.53401184082031
2005-11-14,84.48621368408203
2005-11-15,84.1788101196289
2005-11-16,84.34959411621094
2005-11-17,85.13507843017578
2005-11-18,85.46976470947266
2005-11-21,85.90010833740234
2005-11-22,86.26891326904297
2005-11-23,86.76757049560547
2005-11-25,86.83589935302734
2005-11-28,86.22110748291016
2005-11-29,86.1255111694336
2005-11-30,85.66101837158203
2005-12-01,86.53535461425781
2005-12-02,86.6446304321289
2005-12-05,86.46018981933594
2005-12-06,86.6241226196289
2005-12-07,86.11869049072266
2005-12-08,86.06404113769531
2005-12-09,86.28943634033203
2005-12-12,86.37139129638672
2005-12-13,86.95882415771484
2005-12-14,87.30033874511719
2005-12-15,87.04759979248047
2005-12-16,86.76746368408203
2005-12-19,86.32112884521484
2005-12-20,86.40354919433594
2005-12-21,86.54083251953125
2005-12-22,86.99406433105469
2005-12-23,87.04214477539062
2005-12-27,86.15633392333984
2005-12-28,86.34861755371094
2005-12-29,85.96405029296875
2005-12-30,85.49711608886719
2006-01-03,87.00092315673828
2006-01-04,87.4129409790039
2006-01-05,87.46784210205078
2006-01-06,88.19572448730469
2006-01-09,88.42231750488281
2006-01-10,88.51158905029297
2006-01-11,88.79312896728516
2006-01-12,88.44293212890625
2006-01-13,88.36051940917969
2006-01-17,88.12017059326172
2006-01-18,87.77001190185547
2006-01-19,88.10645294189453
2006-01-20,86.4996337890625
2006-01-23,86.80865478515625
2006-01-24,86.89791107177734
2006-01-25,86.97349548339844
2006-01-26,87.45411682128906
2006-01-27,88.26435089111328
2006-01-30,88.19572448730469
2006-01-31,87.55030059814453
2006-02-01,88.16138458251953
2006-02-02,87.13826751708984
2006-02-03,86.70567321777344
2006-02-06,86.93226623535156
2006-02-07,86.1631851196289
2006-02-08,86.94596099853516
2006-02-09,86.80180358886719
2006-02-10,86.9596939086914
2006-02-13,86.80180358886719
2006-02-14,87.72191619873047
2006-02-15,88.03092193603516
2006-02-16,88.69013977050781
2006-02-17,88.44979095458984
2006-02-21,88.23004150390625
2006-02-22,88.76563262939453
2006-02-23,88.63518524169922
2006-02-24,88.86180114746094
2006-02-27,88.89613342285156
2006-02-28,88.051513671875
2006-03-01,88.83432006835938
2006-03-02,88.82744598388672
2006-03-03,88.41545867919922
2006-03-06,88.01031494140625
2006-03-07,87.87300109863281
2006-03-08,88.05840301513672
2006-03-09,87.46784210205078
2006-03-10,88.29874420166016
2006-03-13,88.46350860595703
2006-03-14,89.39051055908203
2006-03-15,89.78878784179688
2006-03-16,89.97419738769531
2006-03-17,90.04936218261719
2006-03-20,89.9045639038086
2006-03-21,89.33926391601562
2006-03-22,89.88390350341797
2006-03-23,89.69775390625
2006-03-24,89.76663970947266
2006-03-27,89.63568878173828
2006-03-28,89.08417510986328
2006-03-29,89.64262390136719
2006-03-30,89.4840316772461
2006-03-31,89.50472259521484
2006-04-03,89.43577575683594
2006-04-04,90.0079574584961
2006-04-05,90.31819152832031
2006-04-06,90.22167205810547
2006-04-07,89.30477142333984
2006-04-10,89.44268035888672
2006-04-11,88.68433380126953
2006-04-12,88.84979248046875
2006-04-13,88.7325668334961
2006-04-17,88.69812774658203
2006-04-18,90.1044921875
2006-04-19,90.2768325805664
2006-04-20,90.40094757080078
2006-04-21,90.41470336914062
2006-04-24,90.24925994873047
2006-04-25,89.87698364257812
2006-04-26,89.89764404296875
2006-04-27,90.3320083618164
2006-04-28,90.63531494140625
2006-05-01,89.89764404296875
2006-05-02,90.5732650756836
2006-05-03,90.23548889160156
2006-05-04,90.5595474243164
2006-05-05,91.35920715332031
2006-05-08,91.24891662597656
2006-05-09,91.42813110351562
2006-05-10,91.37985229492188
2006-05-11,90.2768325805664
2006-05-12,89.09793090820312
2006-05-15,89.27721405029297
2006-05-16,89.14620208740234
2006-05-17,87.4502944946289
2006-05-18,87.00907135009766
2006-05-19,87.62264251708984
2006-05-22,86.95391845703125
2006-05-23,86.29210662841797
2006-05-24,86.98150634765625
2006-05-25,88.05696868896484
2006-05-26,88.50507354736328
2006-05-30,86.93330383300781
2006-05-31,87.90530395507812
2006-06-01,88.74638366699219
2006-06-02,88.93248748779297
2006-06-05,87.63642883300781
2006-06-06,87.42272186279297
2006-06-07,86.76779174804688
2006-06-08,86.69200134277344
2006-06-09,86.41616821289062
2006-06-12,85.4786376953125
2006-06-13,84.48588562011719
2006-06-14,85.14078521728516
2006-06-15,86.94705963134766
2006-06-16,86.3134765625
2006-06-19,85.63484191894531
2006-06-20,85.9256820678711
2006-06-21,86.56272888183594
2006-06-22,86.181884765625
2006-06-23,86.16802215576172
2006-06-26,86.54888916015625
2006-06-27,85.801025390625
2006-06-28,86.38270568847656
2006-06-29,88.127685546875
2006-06-30,88.13459014892578
2006-07-03,88.49467468261719
2006-07-05,87.98917388916016
2006-07-06,88.24536895751953
2006-07-07,87.67068481445312
2006-07-10,87.83683013916016
2006-07-11,88.22462463378906
2006-07-12,87.28288269042969
2006-07-13,85.86336517333984
2006-07-14,85.5309829711914
2006-07-17,85.4063491821289
2006-07-18,85.84259033203125
2006-07-19,87.0335922241211
2006-07-20,86.43809509277344
2006-07-21,85.82872009277344
2006-07-24,87.39366912841797
2006-07-25,87.70529174804688
2006-07-26,87.8229751586914
2006-07-27,87.73989868164062
2006-07-28,88.61932373046875
2006-07-31,88.52926635742188
2006-08-01,88.09302520751953
2006-08-02,88.68854522705078
2006-08-03,88.9239730834961
2006-08-04,88.77163696289062
2006-08-07,88.56393432617188
2006-08-08,88.22462463378906
2006-08-09,87.92687225341797
2006-08-10,88.19693756103516
2006-08-11,87.9476318359375
2006-08-14,88.0168685913086
2006-08-15,89.06938934326172
2006-08-16,89.81031799316406
2006-08-17,90.0388412475586
2006-08-18,90.49580383300781
2006-08-21,90.10803985595703
2006-08-22,90.10113525390625
2006-08-23,89.8518295288086
2006-08-24,89.77569580078125
2006-08-25,89.886474609375
2006-08-28,90.3157730102539
2006-08-29,90.41966247558594
2006-08-30,90.4750747680664
2006-08-31,90.46117401123047
2006-09-01,91.00133514404297
2006-09-05,91.1744155883789
2006-09-06,90.37118530273438
2006-09-07,89.95573425292969
2006-09-08,90.21194458007812
2006-09-11,90.30193328857422
2006-09-12,91.18827056884766
2006-09-13,91.55530548095703
2006-09-14,91.56219482421875
2006-09-15,91.777099609375
2006-09-18,91.90229797363281
2006-09-19,91.67279815673828
2006-09-20,92.15961456298828
2006-09-21,91.71451568603516
2006-09-22,91.43633270263672
2006-09-25,92.13877868652344
2006-09-26,92.90381622314453
2006-09-27,93.01509857177734
2006-09-28,92.98027801513672
2006-09-29,92.90381622314453
2006-10-02,92.5560531616211
2006-10-03,92.75078582763672
2006-10-04,93.83574676513672
2006-10-05,94.01656341552734
2006-10-06,93.89833068847656
2006-10-09,93.95397186279297
2006-10-10,94.07917022705078
2006-10-11,93.96788787841797
2006-10-12,94.78163146972656
2006-10-13,95.02500915527344
2006-10-16,95.17110443115234
2006-10-17,94.87203216552734
2006-10-18,94.99724578857422
2006-10-19,95.15019226074219
2006-10-20,95.17110443115234
2006-10-23,95.60928344726562
2006-10-24,95.8944320678711
2006-10-25,96.22128295898438
2006-10-26,96.52037811279297
2006-10-27,95.9153060913086
2006-10-30,95.8457260131836
2006-10-31,95.83180236816406
2006-11-01,95.18499755859375
2006-11-02,95.12935638427734
2006-11-03,94.96244812011719
2006-11-06,96.03350830078125
2006-11-07,96.40215301513672
2006-11-08,96.61075592041016
2006-11-09,96.10308837890625
2006-11-10,96.14480590820312
2006-11-13,96.38123321533203
2006-11-14,97.10456848144531
2006-11-15,97.3827896118164
2006-11-16,97.6331558227539
2006-11-17,97.66094970703125
2006-11-20,97.71660614013672
2006-11-21,97.81397247314453
2006-11-22,98.00869750976562
2006-11-24,97.61231231689453
2006-11-27,96.27000427246094
2006-11-28,96.68728637695312
2006-11-29,97.69569396972656
2006-11-30,97.73748779296875
2006-12-01,97.52189636230469
2006-12-04,98.26602935791016
2006-12-05,98.69026947021484
2006-12-06,98.60681915283203
2006-12-07,98.17562103271484
2006-12-08,98.3564682006836
2006-12-11,98.64163208007812
2006-12-12,98.56509399414062
2006-12-13,98.66942596435547
2006-12-14,99.53883361816406
2006-12-15,99.54788208007812
2006-12-18,99.27513885498047
2006-12-19,99.46392059326172
2006-12-20,99.40803527832031
2006-12-21,99.0443115234375
2006-12-22,98.43585205078125
2006-12-26,99.01634979248047
2006-12-27,99.66675567626953
2006-12-28,99.45697021484375
2006-12-29,99.0443115234375
2007-01-03,98.86951446533203
2007-01-04,99.07929992675781
2007-01-05,98.28902435302734
2007-01-08,98.74359893798828
2007-01-09,98.65967559814453
2007-01-10,98.98838806152344
2007-01-11,99.42203521728516
2007-01-12,100.17733001708984
2007-01-16,99.98148345947266
2007-01-17,100.0234603881836
2007-01-18,99.6877670288086
2007-01-19,99.88360595703125
2007-01-22,99.57585906982422
2007-01-23,99.86961364746094
2007-01-24,100.67383575439453
2007-01-25,99.49193572998047
2007-01-26,99.4010009765625
2007-01-29,99.3450698852539
2007-01-30,99.8625717163086
2007-01-31,100.53397369384766
2007-02-01,101.13541412353516
2007-02-02,101.27532958984375
2007-02-05,101.30331420898438
2007-02-06,101.33126068115234
2007-02-07,101.55506896972656
2007-02-08,101.42221069335938
2007-02-09,100.6668930053711
2007-02-12,100.32418823242188
2007-02-13,101.17040252685547
2007-02-14,101.83480834960938
2007-02-15,101.96768951416016
2007-02-16,101.91873931884766
2007-02-20,102.13553619384766
2007-02-21,102.09357452392578
2007-02-22,102.0166244506836
2007-02-23,101.61799621582031
2007-02-26,101.52711486816406
2007-02-27,97.56166076660156
2007-02-28,98.56180572509766
2007-03-01,98.26800537109375
2007-03-02,96.981201171875
2007-03-05,96.05805206298828
2007-03-06,97.70155334472656
2007-03-07,97.60367584228516
2007-03-08,98.42889404296875
2007-03-09,98.45686340332031
2007-03-12,98.60372161865234
2007-03-13,96.68746948242188
2007-03-14,97.4078369140625
2007-03-15,97.54067993164062
2007-03-16,97.26756286621094
2007-03-19,98.44014739990234
2007-03-20,98.9808120727539
2007-03-21,100.60979461669922
2007-03-22,100.5324935913086
2007-03-23,100.67997741699219
2007-03-26,100.54653930664062
2007-03-27,100.30781555175781
2007-03-28,99.57759857177734
2007-03-29,99.68293762207031
2007-03-30,99.70401000976562
2007-04-02,99.81634521484375
2007-04-03,100.890625
2007-04-04,101.00293731689453
2007-04-05,101.27678680419922
2007-04-09,101.41722869873047
2007-04-10,101.53654479980469
2007-04-11,101.12232208251953
2007-04-12,101.57168579101562
2007-04-13,102.03507995605469
2007-04-16,103.0040512084961
2007-04-17,103.27783966064453
2007-04-18,103.40426635742188
2007-04-19,103.37619018554688
2007-04-20,104.35218811035156
2007-04-23,103.95899200439453
2007-04-24,104.00109100341797
2007-04-25,104.95602416992188
2007-04-26,105.07539367675781
2007-04-27,104.99113464355469
2007-04-30,104.12043762207031
2007-05-01,104.38727569580078
2007-05-02,104.99813842773438
2007-05-03,105.56684875488281
2007-05-04,105.96709442138672
2007-05-07,105.98810577392578
2007-05-08,105.84771728515625
2007-05-09,106.1356201171875
2007-05-10,105.02626037597656
2007-05-11,105.92496490478516
2007-05-14,105.69322204589844
2007-05-15,105.72138214111328
2007-05-16,106.44451141357422
2007-05-17,106.23390197753906
2007-05-18,107.16075897216797
2007-05-21,107.10453033447266
2007-05-22,107.02027893066406
2007-05-23,107.03437805175781
2007-05-24,106.06543731689453
2007-05-25,106.50772857666016
2007-05-29,106.89393615722656
2007-05-30,107.76451873779297
2007-05-31,107.6522216796875
2007-06-01,108.18582916259766
2007-06-04,108.19991302490234
2007-06-05,107.77162170410156
2007-06-06,106.61305236816406
2007-06-07,104.68921661376953
2007-06-08,106.05134582519531
2007-06-11,106.23390197753906
2007-06-12,105.07539367675781
2007-06-13,106.64814758300781
2007-06-14,107.32921600341797
2007-06-15,107.93988800048828
2007-06-18,107.81298828125
2007-06-19,108.08099365234375
2007-06-20,106.57896423339844
2007-06-21,107.17127227783203
2007-06-22,106.16288757324219
2007-06-25,105.65518951416016
2007-06-26,104.5692138671875
2007-06-27,106.05709838867188
2007-06-28,106.04303741455078
2007-06-29,106.0782699584961
2007-07-02,107.03726196289062
2007-07-03,107.42513275146484
2007-07-05,107.31229400634766
2007-07-06,107.87647247314453
2007-07-09,107.9610595703125
2007-07-10,106.4238052368164
2007-07-11,107.17832946777344
2007-07-12,108.87075805664062
2007-07-13,109.19509887695312
2007-07-16,109.1810531616211
2007-07-17,109.12458038330078
2007-07-18,108.92716217041016
2007-07-19,109.35032653808594
2007-07-20,108.24311065673828
2007-07-23,108.5745620727539
2007-07-24,106.69178771972656
2007-07-25,106.9103775024414
2007-07-26,104.37882995605469
2007-07-27,102.3268051147461
2007-07-30,103.92755889892578
2007-07-31,102.75692749023438
2007-08-01,103.25758361816406
2007-08-02,104.08267974853516
2007-08-03,101.40299987792969
2007-08-06,103.10246276855469
2007-08-07,104.20255279541016
2007-08-08,105.65518951416016
2007-08-09,102.52423095703125
2007-08-10,102.04472351074219
2007-08-13,102.4113998413086
2007-08-14,100.84593200683594
2007-08-15,99.45672607421875
2007-08-16,100.20423889160156
2007-08-17,102.04472351074219
2007-08-20,101.99537658691406
2007-08-21,102.19985961914062
2007-08-22,103.41275787353516
2007-08-23,103.32105255126953
2007-08-24,104.5973892211914
2007-08-27,103.62428283691406
2007-08-28,101.34659576416016
2007-08-29,103.33519744873047
2007-08-30,103.06012725830078
2007-08-31,104.07557678222656
2007-09-04,105.12629699707031
2007-09-05,104.21666717529297
2007-09-06,104.45636749267578
2007-09-07,103.00373077392578
2007-09-10,102.80628204345703
2007-09-11,104.00502014160156
2007-09-12,104.27304077148438
2007-09-13,105.0064468383789
2007-09-14,104.99939727783203
2007-09-17,104.43523406982422
2007-09-18,107.50975799560547
2007-09-19,108.14442443847656
2007-09-20,107.38285827636719
2007-09-21,107.67266082763672
2007-09-24,107.47425842285156
2007-09-25,107.26168060302734
2007-09-26,107.82852935791016
2007-09-27,108.46614074707031
2007-09-28,108.10478210449219
2007-10-01,109.32344818115234
2007-10-02,109.1746826171875
2007-10-03,108.95503997802734
2007-10-04,109.12501525878906
2007-10-05,110.42162322998047
2007-10-08,109.83358764648438
2007-10-09,110.86803436279297
2007-10-10,110.6838150024414
2007-10-11,110.1524429321289
2007-10-12,110.76171875
2007-10-15,109.82646942138672
2007-10-16,108.95503997802734
2007-10-17,109.28805541992188
2007-10-18,108.89126586914062
2007-10-19,106.04302978515625
2007-10-22,106.6594467163086
2007-10-23,107.52381134033203
2007-10-24,107.3254165649414
2007-10-25,107.58051300048828
2007-10-26,108.8416519165039
2007-10-29,109.20303344726562
2007-10-30,108.44486236572266
2007-10-31,109.5714340209961
2007-11-01,107.0066146850586
2007-11-02,107.1270751953125
2007-11-05,106.31227111816406
2007-11-06,107.74344635009766
2007-11-07,104.79606628417969
2007-11-08,104.26465606689453
2007-11-09,102.83348083496094
2007-11-12,101.81321716308594
2007-11-13,104.91650390625
2007-11-14,104.6259994506836
2007-11-15,103.11685180664062
2007-11-16,103.29399108886719
2007-11-19,101.85574340820312
2007-11-20,102.47924041748047
2007-11-21,100.38207244873047
2007-11-23,102.117919921875
2007-11-26,99.86480712890625
2007-11-27,101.0126724243164
2007-11-28,104.243408203125
2007-11-29,104.27887725830078
2007-11-30,105.32746124267578
2007-12-03,104.63306427001953
2007-12-04,103.69788360595703
2007-12-05,105.43370819091797
2007-12-06,106.94285583496094
2007-12-07,106.92160034179688
2007-12-10,107.75055694580078
2007-12-11,104.79606628417969
2007-12-12,105.83049011230469
2007-12-13,105.61087036132812
2007-12-14,104.2717514038086
2007-12-17,102.78392028808594
2007-12-18,103.35779571533203
2007-12-19,103.35779571533203
2007-12-20,104.00961303710938
2007-12-21,105.5089340209961
2007-12-24,106.29241943359375
2007-12-26,106.5203857421875
2007-12-27,105.18128967285156
2007-12-28,104.9177474975586
2007-12-31,104.14137268066406
2008-01-02,103.22967529296875
2008-01-03,103.1798095703125
2008-01-04,100.65125274658203
2008-01-07,100.5657958984375
2008-01-08,98.94175720214844
2008-01-09,99.981689453125
2008-01-10,100.63699340820312
2008-01-11,99.82498168945312
2008-01-14,100.62991333007812
2008-01-15,98.41471099853516
2008-01-16,97.56712341308594
2008-01-17,95.03852844238281
2008-01-18,94.062744140625
2008-01-22,93.1082534790039
2008-01-23,95.34483337402344
2008-01-24,96.14968872070312
2008-01-25,94.76072692871094
2008-01-28,96.32774353027344
2008-01-29,96.80496978759766
2008-01-30,96.09273529052734
2008-01-31,97.84488677978516
2008-02-01,99.41902923583984
2008-02-04,98.1654281616211
2008-02-05,95.53711700439453
2008-02-06,94.76788330078125
2008-02-07,95.39463806152344
2008-02-08,94.78217315673828
2008-02-11,95.26647186279297
2008-02-12,96.14968872070312
2008-02-13,97.13259887695312
2008-02-14,96.27789306640625
2008-02-15,96.25650787353516
2008-02-19,96.52717590332031
2008-02-20,96.81206512451172
2008-02-21,96.00724029541016
2008-02-22,96.598388671875
2008-02-25,97.8164291381836
2008-02-26,98.55006408691406
2008-02-27,98.45030975341797
2008-02-28,97.48877716064453
2008-02-29,95.31631469726562
2008-03-03,95.0884017944336
2008-03-04,94.72513580322266
2008-03-05,95.32344818115234
2008-03-06,93.3504409790039
2008-03-07,92.3888931274414
2008-03-10,91.1708755493164
2008-03-11,94.4473648071289
2008-03-12,93.56411743164062
2008-03-13,93.77070617675781
2008-03-14,92.3176498413086
2008-03-17,91.38456726074219
2008-03-18,95.18096923828125
2008-03-19,92.82341003417969
2008-03-20,94.54271697998047
2008-03-24,96.43244171142578
2008-03-25,96.52552032470703
2008-03-26,95.34442901611328
2008-03-27,95.04377746582031
2008-03-28,94.13470458984375
2008-03-31,94.4639892578125
2008-04-01,97.7853012084961
2008-04-02,97.8497085571289
2008-04-03,98.09306335449219
2008-04-04,97.98570251464844
2008-04-07,98.03582000732422
2008-04-08,97.93560791015625
2008-04-09,97.22696685791016
2008-04-10,97.36296081542969
2008-04-11,95.47328186035156
2008-04-14,95.1511459350586
2008-04-15,95.37303924560547
2008-04-16,97.95709991455078
2008-04-17,98.10028839111328
2008-04-18,99.12381744384766
2008-04-21,99.17391204833984
2008-04-22,98.73731231689453
2008-04-23,98.57984161376953
2008-04-24,99.0093002319336
2008-04-25,99.9255599975586
2008-04-28,99.94700622558594
2008-04-29,99.55333709716797
2008-04-30,98.96637725830078
2008-05-01,101.0135498046875
2008-05-02,101.29268646240234
2008-05-05,100.80594635009766
2008-05-06,101.6792221069336
2008-05-07,99.86825561523438
2008-05-08,99.61061096191406
2008-05-09,99.4244613647461
2008-05-12,100.5411148071289
2008-05-13,100.55545043945312
2008-05-14,100.76303100585938
2008-05-15,102.02284240722656
2008-05-16,102.11588287353516
2008-05-19,102.39505767822266
2008-05-20,101.56471252441406
2008-05-21,99.8468017578125
2008-05-22,99.86111450195312
2008-05-23,98.52256774902344
2008-05-27,99.252685546875
2008-05-28,99.71080780029297
2008-05-29,100.21184539794922
2008-05-30,100.46240234375
2008-06-02,99.4244613647461
2008-06-03,98.84467315673828
2008-06-04,98.79459381103516
2008-06-05,100.77015686035156
2008-06-06,97.55623626708984
2008-06-09,97.79242706298828
2008-06-10,97.30570983886719
2008-06-11,95.87411499023438
2008-06-12,96.23915100097656
2008-06-13,97.45601654052734
2008-06-16,97.51325988769531
2008-06-17,97.04086303710938
2008-06-18,96.09602355957031
2008-06-19,96.2176513671875
2008-06-20,94.65592193603516
2008-06-23,94.56237030029297
2008-06-24,94.3753662109375
2008-06-25,94.8213882446289
2008-06-26,92.24601745605469
2008-06-27,91.74241638183594
2008-06-30,92.066162109375
2008-07-01,92.35391998291016
2008-07-02,90.7712631225586
2008-07-03,90.86476135253906
2008-07-07,89.93679809570312
2008-07-08,91.5338134765625
2008-07-09,89.77133178710938
2008-07-10,90.1382064819336
2008-07-11,89.08789825439453
2008-07-14,88.28221130371094
2008-07-15,87.03768157958984
2008-07-16,89.17424011230469
2008-07-17,90.0662612915039
2008-07-18,90.62738800048828
2008-07-21,90.67776489257812
2008-07-22,91.70646667480469
2008-07-23,92.20283508300781
2008-07-24,90.2892837524414
2008-07-25,90.26769256591797
2008-07-28,88.94406127929688
2008-07-29,90.84320831298828
2008-07-30,92.46180725097656
2008-07-31,91.23889923095703
2008-08-01,90.75686645507812
2008-08-04,89.91520690917969
2008-08-05,92.33953094482422
2008-08-06,92.74956512451172
2008-08-07,91.36836242675781
2008-08-08,93.06607818603516
2008-08-11,94.03006744384766
2008-08-12,93.05171966552734
2008-08-13,92.49061584472656
2008-08-14,93.18838500976562
2008-08-15,93.6415786743164
2008-08-18,92.36106872558594
2008-08-19,91.35395050048828
2008-08-20,91.77838134765625
2008-08-21,91.9366683959961
2008-08-22,93.26751708984375
2008-08-25,91.37554931640625
2008-08-26,91.6417465209961
2008-08-27,92.53372955322266
2008-08-28,93.6559829711914
2008-08-29,92.64885711669922
2008-09-02,92.0733413696289
2008-09-03,91.99419403076172
2008-09-04,89.2245864868164
2008-09-05,89.5051498413086
2008-09-08,91.35395050048828
2008-09-09,88.64189910888672
2008-09-10,89.0015869140625
2008-09-11,90.2892837524414
2008-09-12,90.70651245117188
2008-09-15,86.3902587890625
2008-09-16,87.83619689941406
2008-09-17,83.88680267333984
2008-09-18,86.3758544921875
2008-09-19,89.80618286132812
2008-09-22,87.77301788330078
2008-09-23,85.77603912353516
2008-09-24,86.05099487304688
2008-09-25,87.39678955078125
2008-09-26,87.44019317626953
2008-09-29,80.58824157714844
2008-09-30,83.9238052368164
2008-10-01,83.97441101074219
2008-10-02,80.92829895019531
2008-10-03,79.83573913574219
2008-10-06,75.7694320678711
2008-10-07,72.37601470947266
2008-10-08,70.55270385742188
2008-10-09,65.62535858154297
2008-10-10,64.03358459472656
2008-10-13,73.33110046386719
2008-10-14,72.24576568603516
2008-10-15,65.1333236694336
2008-10-16,67.84662628173828
2008-10-17,67.44146728515625
2008-10-20,71.4933090209961
2008-10-21,69.3588638305664
2008-10-22,65.58194732666016
2008-10-23,66.3416976928711
2008-10-24,62.97718811035156
2008-10-27,60.741432189941406
2008-10-28,67.83940124511719
2008-10-29,67.34739685058594
2008-10-30,69.67720794677734
2008-10-31,70.06066131591797
2008-11-03,70.2632827758789
2008-11-04,72.6510009765625
2008-11-05,69.59761047363281
2008-11-06,65.74110412597656
2008-11-07,67.91175842285156
2008-11-10,67.02179718017578
2008-11-11,64.95246887207031
2008-11-12,62.094478607177734
2008-11-13,65.96540832519531
2008-11-14,62.67332077026367
2008-11-17,61.841224670410156
2008-11-18,63.00613784790039
2008-11-19,58.96878433227539
2008-11-20,54.59130859375
2008-11-21,57.5361328125
2008-11-24,61.522884368896484
2008-11-25,61.978729248046875
2008-11-26,64.3736343383789
2008-11-28,65.18399810791016
2008-12-01,59.410125732421875
2008-12-02,61.6965446472168
2008-12-03,63.1798095703125
2008-12-04,61.71820831298828
2008-12-05,63.62116241455078
2008-12-08,65.84242248535156
2008-12-09,64.75708770751953
2008-12-10,65.198486328125
2008-12-11,63.62839889526367
2008-12-12,64.38809204101562
2008-12-15,63.49092483520508
2008-12-16,66.4791488647461
2008-12-17,65.83518981933594
2008-12-18,64.60518646240234
2008-12-19,64.32726287841797
2008-12-22,63.503047943115234
2008-12-23,62.84654998779297
2008-12-24,63.21122360229492
2008-12-26,63.57597732543945
2008-12-29,63.39360427856445
2008-12-30,64.89617919921875
2008-12-31,65.82254791259766
2009-01-02,67.80657958984375
2009-01-05,67.7263412475586
2009-01-06,68.1786117553711
2009-01-07,66.13618469238281
2009-01-08,66.40609741210938
2009-01-09,64.98370361328125
2009-01-12,63.422767639160156
2009-01-13,63.539493560791016
2009-01-14,61.540897369384766
2009-01-15,61.562774658203125
2009-01-16,62.04417419433594
2009-01-20,58.76908874511719
2009-01-21,61.3074951171875
2009-01-22,60.35923385620117
2009-01-23,60.62181854248047
2009-01-26,61.03757858276367
2009-01-27,61.657569885253906
2009-01-28,63.74372100830078
2009-01-29,61.67219924926758
2009-01-30,60.41758728027344
2009-02-02,60.23524856567383
2009-02-03,61.08134841918945
2009-02-04,60.782325744628906
2009-02-05,61.68674850463867
2009-02-06,63.444671630859375
2009-02-09,63.532188415527344
2009-02-10,60.62181854248047
2009-02-11,60.97923278808594
2009-02-12,61.02300262451172
2009-02-13,60.36654281616211
2009-02-17,57.784385681152344
2009-02-18,57.645816802978516
2009-02-19,57.02581787109375
2009-02-20,56.47145080566406
2009-02-23,54.450958251953125
2009-02-24,56.515201568603516
2009-02-25,56.07027053833008
2009-02-26,55.15851593017578
2009-02-27,53.9257926940918
2009-03-02,51.49683380126953
2009-03-03,51.11023712158203
2009-03-04,52.32106018066406
2009-03-05,50.18388366699219
2009-03-06,50.27138900756836
2009-03-09,49.680580139160156
2009-03-10,52.642005920410156
2009-03-11,52.98484802246094
2009-03-12,55.07096862792969
2009-03-13,55.501304626464844
2009-03-16,55.33355712890625
2009-03-17,57.02581787109375
2009-03-18,58.302276611328125
2009-03-19,57.58015823364258
2009-03-20,56.354042053222656
2009-03-23,60.401920318603516
2009-03-24,59.2118034362793
2009-03-25,59.83622741699219
2009-03-26,61.05570602416992
2009-03-27,59.953773498535156
2009-03-30,57.88208770751953
2009-03-31,58.418373107910156
2009-04-01,59.54973220825195
2009-04-02,61.290802001953125
2009-04-03,61.90055847167969
2009-04-06,61.41571044921875
2009-04-07,59.983131408691406
2009-04-08,60.629634857177734
2009-04-09,63.039241790771484
2009-04-13,63.05390930175781
2009-04-14,61.966651916503906
2009-04-15,62.62785720825195
2009-04-16,63.54615020751953
2009-04-17,63.97222900390625
2009-04-20,61.290802001953125
2009-04-21,62.48826599121094
2009-04-22,62.10626983642578
2009-04-23,62.715999603271484
2009-04-24,63.66370391845703
2009-04-27,63.06129455566406
2009-04-28,62.862918853759766
2009-04-29,64.1999740600586
2009-04-30,64.22200775146484
2009-05-01,64.5672836303711
2009-05-04,66.76384735107422
2009-05-05,66.53611755371094
2009-05-06,67.68950653076172
2009-05-07,66.74915313720703
2009-05-08,68.30657958984375
2009-05-11,67.02830505371094
2009-05-12,66.8299789428711
2009-05-13,65.14764404296875
2009-05-14,65.7059555053711
2009-05-15,65.169677734375
2009-05-18,67.02095794677734
2009-05-19,66.9401626586914
2009-05-20,66.49205017089844
2009-05-21,65.53700256347656
2009-05-22,65.39740753173828
2009-05-26,67.07243347167969
2009-05-27,65.87494659423828
2009-05-28,66.79325866699219
2009-05-29,67.97601318359375
2009-06-01,69.6216049194336
2009-06-02,69.68037414550781
2009-06-03,68.79878234863281
2009-06-04,69.44529724121094
2009-06-05,69.45999145507812
2009-06-08,69.17349243164062
2009-06-09,69.52606964111328
2009-06-10,69.34976196289062
2009-06-11,69.65834045410156
2009-06-12,69.84931945800781
2009-06-15,68.24781799316406
2009-06-16,67.32221221923828
2009-06-17,67.25605010986328
2009-06-18,67.74827575683594
2009-06-19,67.99798583984375
2009-06-22,65.95893859863281
2009-06-23,66.01065826416016
2009-06-24,66.57952117919922
2009-06-25,68.02754974365234
2009-06-26,67.8502197265625
2009-06-29,68.48558044433594
2009-06-30,67.93148803710938
2009-07-01,68.21226501464844
2009-07-02,66.35047912597656
2009-07-06,66.34307861328125
2009-07-07,65.05760192871094
2009-07-08,65.01326751708984
2009-07-09,65.13887023925781
2009-07-10,64.98369598388672
2009-07-13,66.56474304199219
2009-07-14,66.9415283203125
2009-07-15,68.89932250976562
2009-07-16,68.78846740722656
2009-07-17,69.54206848144531
2009-07-20,70.28082275390625
2009-07-21,70.60591888427734
2009-07-22,70.59112548828125
2009-07-23,72.14996337890625
2009-07-24,72.44547271728516
2009-07-27,72.6597671508789
2009-07-28,72.31990051269531
2009-07-29,72.14261627197266
2009-07-30,72.8961410522461
2009-07-31,72.99959564208984
2009-08-03,74.20378875732422
2009-08-04,74.3958969116211
2009-08-05,74.181640625
2009-08-06,73.79745483398438
2009-08-07,74.76528930664062
2009-08-10,74.610107421875
2009-08-11,73.67927551269531
2009-08-12,74.46977233886719
2009-08-13,75.03861236572266
2009-08-14,74.46239471435547
2009-08-17,72.63017272949219
2009-08-18,73.20643615722656
2009-08-19,73.84915924072266
2009-08-20,74.610107421875
2009-08-21,76.07292938232422
2009-08-24,76.06551361083984
2009-08-25,76.21330261230469
2009-08-26,76.22068786621094
2009-08-27,76.390625
2009-08-28,76.3758316040039
2009-08-31,75.69613647460938
2009-09-01,74.0264892578125
2009-09-02,73.74576568603516
2009-09-03,74.35894775390625
2009-09-04,75.400634765625
2009-09-08,76.05076599121094
2009-09-09,76.6343994140625
2009-09-10,77.41752624511719
2009-09-11,77.40274047851562
2009-09-14,77.77952575683594
2009-09-15,78.10456848144531
2009-09-16,79.28665161132812
2009-09-17,79.16845703125
2009-09-18,79.21891021728516
2009-09-21,79.01849365234375
2009-09-22,79.47874450683594
2009-09-23,78.8180923461914
2009-09-24,77.9495620727539
2009-09-25,77.53389739990234
2009-09-28,78.9220199584961
2009-09-29,78.68446350097656
2009-09-30,78.38011932373047
2009-10-01,76.43527221679688
2009-10-02,76.07899475097656
2009-10-05,77.2146987915039
2009-10-06,78.32073974609375
2009-10-07,78.53601837158203
2009-10-08,79.13725280761719
2009-10-09,79.61978912353516
2009-10-12,79.9315185546875
2009-10-13,79.76823425292969
2009-10-14,81.14147186279297
2009-10-15,81.43842315673828
2009-10-16,80.8297119140625
2009-10-19,81.49783325195312
2009-10-20,81.06724548339844
2009-10-21,80.33981323242188
2009-10-22,81.15632629394531
2009-10-23,80.22846221923828
2009-10-26,79.3599624633789
2009-10-27,78.99623107910156
2009-10-28,77.50419616699219
2009-10-29,79.16698455810547
2009-10-30,76.87323760986328
2009-11-02,77.4374008178711
2009-11-03,77.6823501586914
2009-11-04,77.8827896118164
2009-11-05,79.31543731689453
2009-11-06,79.52326202392578
2009-11-09,81.33448791503906
2009-11-10,81.349365234375
2009-11-11,81.76504516601562
2009-11-12,80.93367004394531
2009-11-13,81.37162017822266
2009-11-16,82.55186462402344
2009-11-17,82.64839172363281
2009-11-18,82.59642791748047
2009-11-19,81.52008819580078
2009-11-20,81.2305679321289
2009-11-23,82.26239013671875
2009-11-24,82.38859558105469
2009-11-25,82.67807006835938
2009-11-27,81.33448791503906
2009-11-30,81.60917663574219
2009-12-01,82.61869812011719
2009-12-02,82.5815658569336
2009-12-03,81.93580627441406
2009-12-04,82.4034194946289
2009-12-07,82.2772216796875
2009-12-08,81.36418914794922
2009-12-09,81.66854858398438
2009-12-10,82.12876892089844
2009-12-11,82.47769927978516
2009-12-14,83.04177856445312
2009-12-15,82.65580749511719
2009-12-16,82.78201293945312
2009-12-17,81.78730773925781
2009-12-18,82.2500228881836
2009-12-21,83.08586120605469
2009-12-22,83.3843994140625
2009-12-23,83.5485610961914
2009-12-24,83.94413757324219
2009-12-28,84.12323760986328
2009-12-29,84.00382232666016
2009-12-30,83.97396087646484
2009-12-31,83.16798400878906
2010-01-04,84.57846069335938
2010-01-05,84.80235290527344
2010-01-06,84.862060546875
2010-01-07,85.22030639648438
2010-01-08,85.50387573242188
2010-01-11,85.62329864501953
2010-01-12,84.82476806640625
2010-01-13,85.54122924804688
2010-01-14,85.77255249023438
2010-01-15,84.809814453125
2010-01-19,85.86955261230469
2010-01-20,84.99642181396484
2010-01-21,83.36198425292969
2010-01-22,81.50371551513672
2010-01-25,81.92164611816406
2010-01-26,81.57832336425781
2010-01-27,81.96644592285156
2010-01-28,81.02608489990234
2010-01-29,80.14543151855469
2010-02-01,81.39178466796875
2010-02-02,82.37689208984375
2010-02-03,81.96644592285156
2010-02-04,79.43646240234375
2010-02-05,79.60064697265625
2010-02-08,79.0259780883789
2010-02-09,80.01856231689453
2010-02-10,79.86185455322266
2010-02-11,80.69770050048828
2010-02-12,80.63054656982422
2010-02-16,81.89926147460938
2010-02-17,82.2873306274414
2010-02-18,82.7724609375
2010-02-19,82.94407653808594
2010-02-22,82.95902252197266
2010-02-23,81.95148468017578
2010-02-24,82.70526885986328
2010-02-25,82.59329986572266
2010-02-26,82.64555358886719
2010-03-01,83.50382232666016
2010-03-02,83.73515319824219
2010-03-03,83.80977630615234
2010-03-04,84.06352233886719
2010-03-05,85.26509094238281
2010-03-08,85.28001403808594
2010-03-09,85.42179870605469
2010-03-10,85.80242156982422
2010-03-11,86.16067504882812
2010-03-12,86.16809844970703
2010-03-15,86.19049835205078
2010-03-16,86.87711334228516
2010-03-17,87.39203643798828
2010-03-18,87.34725189208984
2010-03-19,86.9051513671875
2010-03-22,87.36974334716797
2010-03-23,87.98421478271484
2010-03-24,87.55706787109375
2010-03-25,87.41471099853516
2010-03-26,87.36224365234375
2010-03-29,87.91675567626953
2010-03-30,87.97677612304688
2010-03-31,87.67699432373047
2010-04-01,88.27649688720703
2010-04-05,88.99591064453125
2010-04-06,89.2057113647461
2010-04-07,88.6961441040039
2010-04-08,89.00338745117188
2010-04-09,89.587890625
2010-04-12,89.73026275634766
2010-04-13,89.79772186279297
2010-04-14,90.81689453125
2010-04-15,90.89183044433594
2010-04-16,89.44551849365234
2010-04-19,89.78276062011719
2010-04-20,90.58454895019531
2010-04-21,90.41972351074219
2010-04-22,90.6894760131836
2010-04-23,91.2815170288086
2010-04-26,90.93675994873047
2010-04-27,88.78606414794922
2010-04-28,89.46049499511719
2010-04-29,90.5695571899414
2010-04-30,89.03331756591797
2010-05-03,90.18741607666016
2010-05-04,88.06663513183594
2010-05-05,87.5420913696289
2010-05-06,84.63452911376953
2010-05-07,83.37557220458984
2010-05-10,87.04753112792969
2010-05-11,86.80023193359375
2010-05-12,88.01419830322266
2010-05-13,86.92010498046875
2010-05-14,85.3464584350586
2010-05-17,85.39140319824219
2010-05-18,84.22988891601562
2010-05-19,83.75025939941406
2010-05-20,80.5879135131836
2010-05-21,81.76441192626953
2010-05-24,80.71529388427734
2010-05-25,80.79771423339844
2010-05-26,80.3106460571289
2010-05-27,83.00089263916016
2010-05-28,81.95923614501953
2010-06-01,80.58039855957031
2010-06-02,82.67866516113281
2010-06-03,82.96343231201172
2010-06-04,80.04835510253906
2010-06-07,79.05167388916016
2010-06-08,79.89846801757812
2010-06-09,79.47132873535156
2010-06-10,81.79438018798828
2010-06-11,82.1915512084961
2010-06-14,82.06416320800781
2010-06-15,83.93013000488281
2010-06-16,83.90015411376953
2010-06-17,84.03499603271484
2010-06-18,84.12615966796875
2010-06-21,83.88517761230469
2010-06-22,82.49977111816406
2010-06-23,82.2437515258789
2010-06-24,80.88095092773438
2010-06-25,81.21976470947266
2010-06-28,80.9637680053711
2010-06-29,78.4640121459961
2010-06-30,77.71858978271484
2010-07-01,77.37224578857422
2010-07-02,76.95060729980469
2010-07-06,77.455078125
2010-07-07,79.89460754394531
2010-07-08,80.68518829345703
2010-07-09,81.28754425048828
2010-07-12,81.34028625488281
2010-07-13,82.56755065917969
2010-07-14,82.56000518798828
2010-07-15,82.58261108398438
2010-07-16,80.30874633789062
2010-07-19,80.7830581665039
2010-07-20,81.67910766601562
2010-07-21,80.61743927001953
2010-07-22,82.41700744628906
2010-07-23,83.13224029541016
2010-07-26,83.99810028076172
2010-07-27,83.99059295654297
2010-07-28,83.44847106933594
2010-07-29,83.04191589355469
2010-07-30,83.02682495117188
2010-08-02,84.90164947509766
2010-08-03,84.49506378173828
2010-08-04,85.05977630615234
2010-08-05,84.96942138671875
2010-08-06,84.62305450439453
2010-08-09,85.07485961914062
2010-08-10,84.61554718017578
2010-08-11,82.29647827148438
2010-08-12,81.79200744628906
2010-08-13,81.55105590820312
2010-08-16,81.51342010498047
2010-08-17,82.51483154296875
2010-08-18,82.66542053222656
2010-08-19,81.227294921875
2010-08-20,80.9637680053711
2010-08-23,80.65505981445312
2010-08-24,79.45787811279297
2010-08-25,79.76660919189453
2010-08-26,79.23202514648438
2010-08-27,80.45929718017578
2010-08-30,79.29224395751953
2010-08-31,79.29224395751953
2010-09-01,81.66400146484375
2010-09-02,82.42444610595703
2010-09-03,83.49365234375
2010-09-07,82.5524673461914
2010-09-08,83.13224029541016
2010-09-09,83.5162582397461
2010-09-10,83.93791961669922
2010-09-13,84.87153625488281
2010-09-14,84.81883239746094
2010-09-15,85.14259338378906
2010-09-16,85.11997985839844
2010-09-17,85.15180206298828
2010-09-20,86.45376586914062
2010-09-21,86.27970123291016
2010-09-22,85.85578155517578
2010-09-23,85.15936279296875
2010-09-24,86.91557312011719
2010-09-27,86.49923706054688
2010-09-28,86.80201721191406
2010-09-29,86.65060424804688
2010-09-30,86.39322662353516
2010-10-01,86.75658416748047
2010-10-04,86.10559844970703
2010-10-05,87.83904266357422
2010-10-06,87.83148193359375
2010-10-07,87.72550201416016
2010-10-08,88.2175521850586
2010-10-11,88.3008041381836
2010-10-12,88.57333374023438
2010-10-13,89.2621841430664
2010-10-14,88.9139404296875
2010-10-15,89.09561920166016
2010-10-18,89.53465270996094
2010-10-19,88.36137390136719
2010-10-20,89.22433471679688
2010-10-21,89.4211196899414
2010-10-22,89.58763122558594
2010-10-25,89.85259246826172
2010-10-26,89.86775207519531
2010-10-27,89.61040496826172
2010-10-28,89.6255111694336
2010-10-29,89.6936264038086
2010-11-01,89.72388458251953
2010-11-02,90.43547058105469
2010-11-03,90.79881286621094
2010-11-04,92.54744720458984
2010-11-05,92.89563751220703
2010-11-08,92.72151184082031
2010-11-09,92.05538177490234
2010-11-10,92.42630767822266
2010-11-11,92.0781021118164
2010-11-12,90.98802185058594
2010-11-15,90.85936737060547
2010-11-16,89.44383239746094
2010-11-17,89.48926544189453
2010-11-18,90.80638122558594
2010-11-19,91.05620574951172
2010-11-22,90.98050689697266
2010-11-23,89.66336822509766
2010-11-24,90.98802185058594
2010-11-26,89.92829132080078
2010-11-29,90.2008056640625
2010-11-30,89.6936264038086
2010-12-01,91.6012191772461
2010-12-02,92.7745132446289
2010-12-03,93.02432250976562
2010-12-06,92.92591857910156
2010-12-07,92.9788818359375
2010-12-08,93.31952667236328
2010-12-09,93.6828842163086
2010-12-10,94.22791290283203
2010-12-13,94.28844451904297
2010-12-14,94.37174987792969
2010-12-15,93.94021606445312
2010-12-16,94.48526763916016
2010-12-17,94.58647918701172
2010-12-20,94.81476593017578
2010-12-21,95.41593933105469
2010-12-22,95.71268463134766
2010-12-23,95.57571411132812
2010-12-27,95.61378479003906
2010-12-28,95.7507553100586
2010-12-29,95.81924438476562
2010-12-30,95.66700744628906
2010-12-31,95.68987274169922
2011-01-03,96.67908477783203
2011-01-04,96.62584686279297
2011-01-05,97.1280517578125
2011-01-06,96.93782806396484
2011-01-07,96.74758911132812
2011-01-10,96.62584686279297
2011-01-11,96.96825408935547
2011-01-12,97.8433609008789
2011-01-13,97.68355560302734
2011-01-14,98.39126586914062
2011-01-18,98.55867004394531
2011-01-19,97.5922622680664
2011-01-20,97.462890625
2011-01-21,97.68355560302734
2011-01-24,98.23906707763672
2011-01-25,98.29232025146484
2011-01-26,98.67280578613281
2011-01-27,98.9162826538086
2011-01-28,97.18891906738281
2011-01-31,97.91944885253906
2011-02-01,99.4870376586914
2011-02-02,99.29678344726562
2011-02-03,99.51749420166016
2011-02-04,99.79898834228516
2011-02-07,100.4229736328125
2011-02-08,100.87955474853516
2011-02-09,100.6512680053711
2011-02-10,100.6893310546875
2011-02-11,101.29045867919922
2011-02-14,101.5339584350586
2011-02-15,101.21439361572266
2011-02-16,101.85362243652344
2011-02-17,102.157958984375
2011-02-18,102.37101745605469
2011-02-22,100.31646728515625
2011-02-23,99.70008850097656
2011-02-24,99.6315689086914
2011-02-25,100.6969223022461
2011-02-28,101.32091522216797
2011-03-01,99.6315689086914
2011-03-02,99.84466552734375
2011-03-03,101.56442260742188
2011-03-04,100.80345916748047
2011-03-07,100.01207733154297
2011-03-08,100.88719177246094
2011-03-09,100.74256134033203
2011-03-10,98.87826538085938
2011-03-11,99.56309509277344
2011-03-14,98.96195983886719
2011-03-15,97.82814025878906
2011-03-16,96.01708984375
2011-03-17,97.28785705566406
2011-03-18,97.64170837402344
2011-03-21,99.15495300292969
2011-03-22,98.81100463867188
2011-03-23,99.09381866455078
2011-03-24,100.04147338867188
2011-03-25,100.34719848632812
2011-03-28,100.10260772705078
2011-03-29,100.7751693725586
2011-03-30,101.4706802368164
2011-03-31,101.33305358886719
2011-04-01,101.76107788085938
2011-04-04,101.84514617919922
2011-04-05,101.8298568725586
2011-04-06,102.15086364746094
2011-04-07,101.8910140991211
2011-04-08,101.53945922851562
2011-04-11,101.2337417602539
2011-04-12,100.47711944580078
2011-04-13,100.46947479248047
2011-04-14,100.54589080810547
2011-04-15,100.91275024414062
2011-04-18,99.7816390991211
2011-04-19,100.35482788085938
2011-04-20,101.72290802001953
2011-04-21,102.24256134033203
2011-04-25,102.13556671142578
2011-04-26,103.01448059082031
2011-04-27,103.68699645996094
2011-04-28,104.02325439453125
2011-04-29,104.26783752441406
2011-05-02,104.10731506347656
2011-05-03,103.73286437988281
2011-05-04,103.0450668334961
2011-05-05,102.11264038085938
2011-05-06,102.56354522705078
2011-05-09,102.96097564697266
2011-05-10,103.83988189697266
2011-05-11,102.7469482421875
2011-05-12,103.23609161376953
2011-05-13,102.4412841796875
2011-05-16,101.79161834716797
2011-05-17,101.77635192871094
2011-05-18,102.68583679199219
2011-05-19,102.9303970336914
2011-05-20,102.11264038085938
2011-05-23,100.92802429199219
2011-05-24,100.84396362304688
2011-05-25,101.18020629882812
2011-05-26,101.64643859863281
2011-05-27,102.03621673583984
2011-05-31,103.09856414794922
2011-06-01,100.78280639648438
2011-06-02,100.6758041381836
2011-06-03,99.6746597290039
2011-06-06,98.61997985839844
2011-06-07,98.558837890625
2011-06-08,98.14612579345703
2011-06-09,98.89508819580078
2011-06-10,97.51942443847656
2011-06-13,97.59584045410156
2011-06-14,98.83395385742188
2011-06-15,97.07615661621094
2011-06-16,97.2901840209961
2011-06-17,97.58045196533203
2011-06-20,98.07971954345703
2011-06-21,99.42378997802734
2011-06-22,98.82470703125
2011-06-23,98.54056549072266
2011-06-24,97.3961410522461
2011-06-27,98.2640380859375
2011-06-28,99.54669952392578
2011-06-29,100.39920043945312
2011-06-30,101.3592758178711
2011-07-01,102.85696411132812
2011-07-05,102.77247619628906
2011-07-06,102.89537811279297
2011-07-07,103.96297454833984
2011-07-08,103.22565460205078
2011-07-11,101.3592758178711
2011-07-12,100.9214859008789
2011-07-13,101.2594223022461
2011-07-14,100.56047058105469
2011-07-15,101.14423370361328
2011-07-18,100.3147201538086
2011-07-19,101.9429931640625
2011-07-20,101.88156127929688
2011-07-21,103.29474639892578
2011-07-22,103.36389923095703
2011-07-25,102.78784942626953
2011-07-26,102.40380096435547
2011-07-27,100.30704498291016
2011-07-28,100.01519775390625
2011-07-29,99.33160400390625
2011-08-01,98.90921783447266
2011-08-02,96.38232421875
2011-08-03,96.90459442138672
2011-08-04,92.36543273925781
2011-08-05,92.2271957397461
2011-08-08,86.22108459472656
2011-08-09,90.23029327392578
2011-08-10,86.24411010742188
2011-08-11,90.11505889892578
2011-08-12,90.72179412841797
2011-08-15,92.64193725585938
2011-08-16,91.85083770751953
2011-08-17,91.91230010986328
2011-08-18,87.94915771484375
2011-08-19,86.51290130615234
2011-08-22,86.58204650878906
2011-08-23,89.43148803710938
2011-08-24,90.69108581542969
2011-08-25,89.30863189697266
2011-08-26,90.60661315917969
2011-08-29,93.21028137207031
2011-08-30,93.4560775756836
2011-08-31,93.87079620361328
2011-09-01,92.88771057128906
2011-09-02,90.51445007324219
2011-09-06,89.85393524169922
2011-09-07,92.38849639892578
2011-09-08,91.42843627929688
2011-09-09,89.03211975097656
2011-09-12,89.60813903808594
2011-09-13,90.42996978759766
2011-09-14,91.68186950683594
2011-09-15,93.2640380859375
2011-09-16,93.81604766845703
2011-09-19,92.88189697265625
2011-09-20,92.77381896972656
2011-09-21,90.04084777832031
2011-09-22,87.1303482055664
2011-09-23,87.65532684326172
2011-09-26,89.73978424072266
2011-09-27,90.74336242675781
2011-09-28,88.89053344726562
2011-09-29,89.59308624267578
2011-09-30,87.3542251586914
2011-10-03,84.86830139160156
2011-10-04,86.7288818359375
2011-10-05,88.33467102050781
2011-10-06,89.9327621459961
2011-10-07,89.33058166503906
2011-10-10,92.3183364868164
2011-10-11,92.41096496582031
2011-10-12,93.22156524658203
2011-10-13,93.03631591796875
2011-10-14,94.62665557861328
2011-10-17,92.82015991210938
2011-10-18,94.6344223022461
2011-10-19,93.51494598388672
2011-10-20,93.92413330078125
2011-10-21,95.7074966430664
2011-10-24,96.88097381591797
2011-10-25,94.99722290039062
2011-10-26,95.96228790283203
2011-10-27,99.30514526367188
2011-10-28,99.28196716308594
2011-10-31,96.88870239257812
2011-11-01,94.18658447265625
2011-11-02,95.72293853759766
2011-11-03,97.46771240234375
2011-11-04,96.87325286865234
2011-11-07,97.47541809082031
2011-11-08,98.72608947753906
2011-11-09,95.08216094970703
2011-11-10,95.97770690917969
2011-11-11,97.78421783447266
2011-11-14,96.85781860351562
2011-11-15,97.33645629882812
2011-11-16,95.79243469238281
2011-11-17,94.27154541015625
2011-11-18,94.17118072509766
2011-11-21,92.38009643554688
2011-11-22,92.01725769042969
2011-11-23,89.9868392944336
2011-11-25,89.8169937133789
2011-11-28,92.41869354248047
2011-11-29,92.68119812011719
2011-11-30,96.4949722290039
2011-12-01,96.47952270507812
2011-12-02,96.39456939697266
2011-12-05,97.44451904296875
2011-12-06,97.47541809082031
2011-12-07,97.83827209472656
2011-12-08,95.69203186035156
2011-12-09,97.31331634521484
2011-12-12,95.89282989501953
2011-12-13,94.99722290039062
2011-12-14,93.98590087890625
2011-12-15,94.32556915283203
2011-12-16,94.4654312133789
2011-12-19,93.45545959472656
2011-12-20,96.28340148925781
2011-12-21,96.4698715209961
2011-12-22,97.32447814941406
2011-12-23,98.19462585449219
2011-12-27,98.27233123779297
2011-12-28,96.98265838623047
2011-12-29,97.9848861694336
2011-12-30,97.50318145751953
2012-01-03,99.05704498291016
2012-01-04,99.21238708496094
2012-01-05,99.47654724121094
2012-01-06,99.22016906738281
2012-01-09,99.46102905273438
2012-01-10,100.3233871459961
2012-01-11,100.37776947021484
2012-01-12,100.61859130859375
2012-01-13,100.09806823730469
2012-01-17,100.48655700683594
2012-01-18,101.5975341796875
2012-01-19,102.13359069824219
2012-01-20,102.5143051147461
2012-01-23,102.25013732910156
2012-01-24,102.13359069824219
2012-01-25,102.98818969726562
2012-01-26,102.45992279052734
2012-01-27,102.41329956054688
2012-01-30,102.06365966796875
2012-01-31,102.02481079101562
2012-02-01,102.91826629638672
2012-02-02,103.08143615722656
2012-02-03,104.52649688720703
2012-02-06,104.45658111572266
2012-02-07,104.72076416015625
2012-02-08,105.03152465820312
2012-02-09,105.1635971069336
2012-02-10,104.38664245605469
2012-02-13,105.1635971069336
2012-02-14,105.03152465820312
2012-02-15,104.54203796386719
2012-02-16,105.69965362548828
2012-02-17,105.97935485839844
2012-02-21,106.02596282958984
2012-02-22,105.68415069580078
2012-02-23,106.1502685546875
2012-02-24,106.38334655761719
2012-02-27,106.56206512451172
2012-02-28,106.87278747558594
2012-02-29,106.4532470703125
2012-03-01,107.0048828125
2012-03-02,106.67858123779297
2012-03-05,106.2435073852539
2012-03-06,104.68966674804688
2012-03-07,105.41998291015625
2012-03-08,106.46882629394531
2012-03-09,106.88060760498047
2012-03-12,106.88834381103516
2012-03-13,108.81509399414062
2012-03-14,108.69857788085938
2012-03-15,109.32785034179688
2012-03-16,109.47925567626953
2012-03-19,109.90840148925781
2012-03-20,109.58849334716797
2012-03-21,109.40900421142578
2012-03-22,108.62088775634766
2012-03-23,108.97203063964844
2012-03-26,110.50151062011719
2012-03-27,110.1581039428711
2012-03-28,109.61189270019531
2012-03-29,109.42464447021484
2012-03-30,109.87718963623047
2012-04-02,110.68093872070312
2012-04-03,110.22837829589844
2012-04-04,109.13594055175781
2012-04-05,109.081298828125
2012-04-09,107.85621643066406
2012-04-10,106.04582977294922
2012-04-11,106.9041748046875
2012-04-12,108.30094909667969
2012-04-13,107.01339721679688
2012-04-16,106.94320678710938
2012-04-17,108.5272445678711
2012-04-18,108.16053771972656
2012-04-19,107.46600341796875
2012-04-20,107.64546203613281
2012-04-23,106.74028778076172
2012-04-24,107.14608001708984
2012-04-25,108.61309814453125
2012-04-26,109.37003326416016
2012-04-27,109.54949951171875
2012-04-30,109.14371490478516
2012-05-01,109.82260131835938
2012-05-02,109.49485778808594
2012-05-03,108.659912109375
2012-05-04,106.9041748046875
2012-05-07,106.9822006225586
2012-05-08,106.55306243896484
2012-05-09,105.92098236083984
2012-05-10,106.13943481445312
2012-05-11,105.81954956054688
2012-05-14,104.6490707397461
2012-05-15,104.0481948852539
2012-05-16,103.65023803710938
2012-05-17,102.11299133300781
2012-05-18,101.23902130126953
2012-05-21,102.9791259765625
2012-05-22,103.15862274169922
2012-05-23,103.21321868896484
2012-05-24,103.4161605834961
2012-05-25,103.08060455322266
2012-05-29,104.32914733886719
2012-05-30,102.81526184082031
2012-05-31,102.58900451660156
2012-06-01,100.00614929199219
2012-06-04,99.95932006835938
2012-06-05,100.71624755859375
2012-06-06,102.9791259765625
2012-06-07,103.04156494140625
2012-06-08,103.86097717285156
2012-06-11,102.54220581054688
2012-06-12,103.72047424316406
2012-06-13,103.05718994140625
2012-06-14,104.1496353149414
2012-06-15,105.21480560302734
2012-06-18,105.41876220703125
2012-06-19,106.43843078613281
2012-06-20,106.26585388183594
2012-06-21,103.8813705444336
2012-06-22,104.6814956665039
2012-06-25,103.00289916992188
2012-06-26,103.52058410644531
2012-06-27,104.45394134521484
2012-06-28,104.15592193603516
2012-06-29,106.7521743774414
2012-07-02,107.07377624511719
2012-07-03,107.77973175048828
2012-07-05,107.29338073730469
2012-07-06,106.27371215820312
2012-07-09,106.140380859375
2012-07-10,105.21480560302734
2012-07-11,105.23051452636719
2012-07-12,104.72067260742188
2012-07-13,106.47764587402344
2012-07-16,106.22663116455078
2012-07-17,106.95610809326172
2012-07-18,107.74830627441406
2012-07-19,108.03068542480469
2012-07-20,107.0423812866211
2012-07-23,105.9599380493164
2012-07-24,105.05009460449219
2012-07-25,105.07365417480469
2012-07-26,106.80706024169922
2012-07-27,108.7758560180664
2012-07-30,108.7758560180664
2012-07-31,108.01497650146484
2012-08-01,107.92088317871094
2012-08-02,107.17575073242188
2012-08-03,109.3013687133789
2012-08-06,109.51313018798828
2012-08-07,110.06219482421875
2012-08-08,110.1955337524414
2012-08-09,110.28966522216797
2012-08-10,110.47008514404297
2012-08-13,110.41517639160156
2012-08-14,110.43083953857422
2012-08-15,110.55635070800781
2012-08-16,111.3720932006836
2012-08-17,111.52111053466797
2012-08-20,111.52896881103516
2012-08-21,111.19165802001953
2012-08-22,111.23872375488281
2012-08-23,110.32884979248047
2012-08-24,110.99562072753906
2012-08-27,111.01909637451172
2012-08-28,110.9093246459961
2012-08-29,110.99562072753906
2012-08-30,110.1955337524414
2012-08-31,110.72106170654297
2012-09-04,110.61909484863281
2012-09-05,110.52497100830078
2012-09-06,112.76828002929688
2012-09-07,113.20753479003906
2012-09-10,112.56431579589844
2012-09-11,112.87808990478516
2012-09-12,113.25455474853516
2012-09-13,114.98016357421875
2012-09-14,115.49002075195312
2012-09-17,115.09783935546875
2012-09-18,115.0036849975586
2012-09-19,115.06641387939453
2012-09-20,115.07432556152344
2012-09-21,115.02618408203125
2012-09-24,114.85274505615234
2012-09-25,113.63047790527344
2012-09-26,112.99171447753906
2012-09-27,114.0562744140625
2012-09-28,113.52792358398438
2012-10-01,113.82756805419922
2012-10-02,113.94587707519531
2012-10-03,114.41110229492188
2012-10-04,115.23119354248047
2012-10-05,115.23908996582031
2012-10-08,114.84481048583984
2012-10-09,113.70929718017578
2012-10-10,112.98385620117188
2012-10-11,113.04693603515625
2012-10-12,112.67628479003906
2012-10-15,113.61468505859375
2012-10-16,114.76595306396484
2012-10-17,115.28643798828125
2012-10-18,114.98674011230469
2012-10-19,113.0705337524414
2012-10-22,113.08635711669922
2012-10-23,111.51713562011719
2012-10-24,111.20169830322266
2012-10-25,111.52497100830078
2012-10-26,111.4619140625
2012-10-31,111.4619140625
2012-11-01,112.62899780273438
2012-11-02,111.62751007080078
2012-11-05,111.85621643066406
2012-11-06,112.73150634765625
2012-11-07,110.17658233642578
2012-11-08,108.85181427001953
2012-11-09,108.94641876220703
2012-11-12,109.03314208984375
2012-11-13,108.65469360351562
2012-11-14,107.18797302246094
2012-11-15,107.00662994384766
2012-11-16,107.53494262695312
2012-11-19,109.7113265991211
2012-11-20,109.75868225097656
2012-11-21,109.96366882324219
2012-11-23,111.4619140625
2012-11-26,111.2253646850586
2012-11-27,110.6576156616211
2012-11-28,111.54867553710938
2012-11-29,112.06912231445312
2012-11-30,112.09278106689453
2012-12-03,111.54080963134766
2012-12-04,111.3830795288086
2012-12-05,111.58019256591797
2012-12-06,111.95872497558594
2012-12-07,112.29779815673828
2012-12-10,112.34510040283203
2012-12-11,113.11000061035156
2012-12-12,113.16519927978516
2012-12-13,112.47126007080078
2012-12-14,112.05333709716797
2012-12-17,113.37022399902344
2012-12-18,114.63191986083984
2012-12-19,113.78030395507812
2012-12-20,114.43479919433594
2012-12-21,113.3960189819336
2012-12-24,113.046630859375
2012-12-26,112.57014465332031
2012-12-27,112.41925811767578
2012-12-28,111.20417785644531
2012-12-31,113.09429168701172
2013-01-02,115.9928970336914
2013-01-03,115.73079681396484
2013-01-04,116.23905944824219
2013-01-07,115.92141723632812
2013-01-08,115.58786010742188
2013-01-09,115.88169860839844
2013-01-10,116.80290985107422
2013-01-11,116.79502868652344
2013-01-14,116.71559143066406
2013-01-15,116.79502868652344
2013-01-16,116.7791519165039
2013-01-17,117.53353118896484
2013-01-18,117.79560089111328
2013-01-22,118.43093872070312
2013-01-23,118.62153625488281
2013-01-24,118.65327453613281
2013-01-25,119.32036590576172
2013-01-28,119.17741394042969
2013-01-29,119.6459732055664
2013-01-30,119.17741394042969
2013-01-31,118.8835678100586
2013-02-01,120.10655975341797
2013-02-04,118.75650024414062
2013-02-05,119.95564270019531
2013-02-06,120.04308319091797
2013-02-07,119.88421630859375
2013-02-08,120.55132293701172
2013-02-11,120.52743530273438
2013-02-12,120.7259750366211
2013-02-13,120.8292465209961
2013-02-14,120.94037628173828
2013-02-15,120.7974853515625
2013-02-19,121.70284271240234
2013-02-20,120.18599700927734
2013-02-21,119.45536041259766
2013-02-22,120.62279510498047
2013-02-25,118.32766723632812
2013-02-26,119.1376724243164
2013-02-27,120.6386489868164
2013-02-28,120.40039825439453
2013-03-01,120.7974853515625
2013-03-04,121.4406967163086
2013-03-05,122.52872467041016
2013-03-06,122.69549560546875
2013-03-07,122.9178466796875
2013-03-08,123.44200134277344
2013-03-11,123.9105224609375
2013-03-12,123.63262176513672
2013-03-13,123.8072738647461
2013-03-14,124.46649169921875
2013-03-15,124.30217742919922
2013-03-18,123.6160659790039
2013-03-19,123.32892608642578
2013-03-20,124.19042205810547
2013-03-21,123.12950897216797
2013-03-22,124.11862182617188
2013-03-25,123.60015869140625
2013-03-26,124.58930969238281
2013-03-27,124.58930969238281
2013-03-28,124.97211456298828
2013-04-01,124.47754669189453
2013-04-02,125.0917739868164
2013-04-03,123.82349395751953
2013-04-04,124.32603454589844
2013-04-05,123.76769256591797
2013-04-08,124.605224609375
2013-04-09,125.03593444824219
2013-04-10,126.56748962402344
2013-04-11,126.98231506347656
2013-04-12,126.67120361328125
2013-04-15,123.73571014404297
2013-04-16,125.56246185302734
2013-04-17,123.72774505615234
2013-04-18,122.95406341552734
2013-04-19,124.02288055419922
2013-04-22,124.57330322265625
2013-04-23,125.85760498046875
2013-04-24,125.93734741210938
2013-04-25,126.4478988647461
2013-04-26,126.22447967529297
2013-04-29,127.07006072998047
2013-04-30,127.3731460571289
2013-05-01,126.25637817382812
2013-05-02,127.42903137207031
2013-05-03,128.72122192382812
2013-05-06,129.0482940673828
2013-05-07,129.70237731933594
2013-05-08,130.2926483154297
2013-05-09,129.92575073242188
2013-05-10,130.34849548339844
2013-05-13,130.4522247314453
2013-05-14,131.80029296875
2013-05-15,132.51019287109375
2013-05-16,131.8879852294922
2013-05-17,133.1642303466797
2013-05-20,133.15634155273438
2013-05-21,133.3477325439453
2013-05-22,132.35865783691406
2013-05-23,131.97579956054688
2013-05-24,131.8640899658203
2013-05-28,132.65380859375
2013-05-29,131.79226684570312
2013-05-30,132.27890014648438
2013-05-31,130.3804168701172
2013-06-03,131.0983428955078
2013-06-04,130.4681396484375
2013-06-05,128.64144897460938
2013-06-06,129.80609130859375
2013-06-07,131.45730590820312
2013-06-10,131.45730590820312
2013-06-11,130.1011962890625
2013-06-12,129.02432250976562
2013-06-13,130.98666381835938
2013-06-14,130.16505432128906
2013-06-17,131.1701202392578
2013-06-18,132.2071075439453
2013-06-19,130.3804168701172
2013-06-20,127.1498031616211
2013-06-21,127.55797576904297
2013-06-24,125.94610595703125
2013-06-25,127.15703582763672
2013-06-26,128.41600036621094
2013-06-27,129.16976928710938
2013-06-28,128.64048767089844
2013-07-01,129.39431762695312
2013-07-02,129.27406311035156
2013-07-03,129.33018493652344
2013-07-05,130.7255096435547
2013-07-08,131.47122192382812
2013-07-09,132.41751098632812
2013-07-10,132.46554565429688
2013-07-11,134.2698974609375
2013-07-12,134.3260040283203
2013-07-15,134.8392333984375
2013-07-16,134.33399963378906
2013-07-17,134.6788330078125
2013-07-18,135.4165802001953
2013-07-19,135.65711975097656
2013-07-22,135.92176818847656
2013-07-23,135.63304138183594
2013-07-24,135.1359405517578
2013-07-25,135.46469116210938
2013-07-26,135.60903930664062
2013-07-29,135.1920928955078
2013-07-30,135.1920928955078
2013-07-31,135.2882843017578
2013-08-01,136.8520050048828
2013-08-02,137.08445739746094
2013-08-05,136.884033203125
2013-08-06,136.10617065429688
2013-08-07,135.66517639160156
2013-08-08,136.162353515625
2013-08-09,135.76937866210938
2013-08-12,135.60903930664062
2013-08-13,136.01002502441406
2013-08-14,135.31231689453125
2013-08-15,133.41990661621094
2013-08-16,132.97882080078125
2013-08-19,132.12881469726562
2013-08-20,132.77835083007812
2013-08-21,131.9604034423828
2013-08-22,133.16326904296875
2013-08-23,133.61227416992188
2013-08-26,133.1151580810547
2013-08-27,130.9740447998047
2013-08-28,131.43914794921875
2013-08-29,131.647705078125
2013-08-30,131.2306365966797
2013-09-03,131.8240509033203
2013-09-04,132.9145965576172
2013-09-05,133.0831298828125
2013-09-06,133.1471710205078
2013-09-09,134.42221069335938
2013-09-10,135.4165802001953
2013-09-11,135.84158325195312
2013-09-12,135.48072814941406
2013-09-13,135.78550720214844
2013-09-16,136.57127380371094
2013-09-17,137.18077087402344
2013-09-18,138.76852416992188
2013-09-19,138.53594970703125
2013-09-20,137.56736755371094
2013-09-23,136.9307861328125
2013-09-24,136.60850524902344
2013-09-25,136.2135772705078
2013-09-26,136.73739624023438
2013-09-27,136.1088409423828
2013-09-30,135.38365173339844
2013-10-01,136.4553680419922
2013-10-02,136.32640075683594
2013-10-03,135.06936645507812
2013-10-04,136.09274291992188
2013-10-07,134.916259765625
2013-10-08,133.34498596191406
2013-10-09,133.44168090820312
2013-10-10,136.318359375
2013-10-11,137.1967010498047
2013-10-14,137.74461364746094
2013-10-15,136.74545288085938
2013-10-16,138.65528869628906
2013-10-17,139.58189392089844
2013-10-18,140.52468872070312
2013-10-21,140.53271484375
2013-10-22,141.3466033935547
2013-10-23,140.6697540283203
2013-10-24,141.13705444335938
2013-10-25,141.78176879882812
2013-10-28,142.00735473632812
2013-10-29,142.76486206054688
2013-10-30,142.05575561523438
2013-10-31,141.65286254882812
2013-11-01,141.9912872314453
2013-11-04,142.4908905029297
2013-11-05,142.0395965576172
2013-11-06,142.76486206054688
2013-11-07,140.95985412597656
2013-11-08,142.86154174804688
2013-11-11,142.88572692871094
2013-11-12,142.5956268310547
2013-11-13,143.73989868164062
2013-11-14,144.45709228515625
2013-11-15,145.08558654785156
2013-11-18,144.57791137695312
2013-11-19,144.2636260986328
2013-11-20,143.81239318847656
2013-11-21,144.97279357910156
2013-11-22,145.6979522705078
2013-11-25,145.5529327392578
2013-11-26,145.5932159423828
2013-11-27,145.94778442382812
2013-11-29,145.85105895996094
2013-12-02,145.4723358154297
2013-12-03,144.84385681152344
2013-12-04,144.82766723632812
2013-12-05,144.19114685058594
2013-12-06,145.80274963378906
2013-12-09,146.1733856201172
2013-12-10,145.649658203125
2013-12-11,144.0138397216797
2013-12-12,143.53842163085938
2013-12-13,143.52230834960938
2013-12-16,144.416748046875
2013-12-17,143.95742797851562
2013-12-18,146.41517639160156
2013-12-19,146.24595642089844
2013-12-20,147.0966033935547
2013-12-23,147.8825225830078
2013-12-24,148.20655822753906
2013-12-26,148.9600372314453
2013-12-27,148.9519500732422
2013-12-30,148.9276580810547
2013-12-31,149.63253784179688
2014-01-02,148.19845581054688
2014-01-03,148.17413330078125
2014-01-06,147.74484252929688
2014-01-07,148.65216064453125
2014-01-08,148.6846160888672
2014-01-09,148.78179931640625
2014-01-10,149.18690490722656
2014-01-13,147.2019500732422
2014-01-14,148.8060760498047
2014-01-15,149.60821533203125
2014-01-16,149.4137420654297
2014-01-17,148.78179931640625
2014-01-21,149.21926879882812
2014-01-22,149.31654357910156
2014-01-23,148.09312438964844
2014-01-24,144.93344116210938
2014-01-27,144.220458984375
2014-01-28,145.07928466796875
2014-01-29,143.68577575683594
2014-01-30,145.2089385986328
2014-01-31,144.35824584960938
2014-02-03,141.109375
2014-02-04,142.0978240966797
2014-02-05,141.9196014404297
2014-02-06,143.79112243652344
2014-02-07,145.57347106933594
2014-02-10,145.8408660888672
2014-02-11,147.43692016601562
2014-02-12,147.5098114013672
2014-02-13,148.2713623046875
2014-02-14,149.08970642089844
2014-02-18,149.26792907714844
2014-02-19,148.27951049804688
2014-02-20,149.15451049804688
2014-02-21,148.984375
2014-02-24,149.81080627441406
2014-02-25,149.75401306152344
2014-02-26,149.76210021972656
2014-02-27,150.54798889160156
2014-02-28,150.92880249023438
2014-03-03,149.86746215820312
2014-03-04,151.97389221191406
2014-03-05,152.11166381835938
2014-03-06,152.46005249023438
2014-03-07,152.52484130859375
2014-03-10,152.44381713867188
2014-03-11,151.6903839111328
2014-03-12,151.73086547851562
2014-03-13,150.029541015625
2014-03-14,149.60821533203125
2014-03-17,150.961181640625
2014-03-18,152.0387420654297
2014-03-19,151.2285919189453
2014-03-20,152.11166381835938
2014-03-21,151.5216827392578
2014-03-24,150.89508056640625
2014-03-25,151.61117553710938
2014-03-26,150.52073669433594
2014-03-27,150.20335388183594
2014-03-28,150.94390869140625
2014-03-31,152.18084716796875
2014-04-01,153.1898651123047
2014-04-02,153.7025909423828
2014-04-03,153.4990997314453
2014-04-04,151.6844482421875
2014-04-07,150.00808715820312
2014-04-08,150.6265106201172
2014-04-09,152.24588012695312
2014-04-10,149.04783630371094
2014-04-11,147.7051544189453
2014-04-14,148.86878967285156
2014-04-15,149.8941650390625
2014-04-16,151.46470642089844
2014-04-17,151.67625427246094
2014-04-21,152.20521545410156
2014-04-22,152.89695739746094
2014-04-23,152.53887939453125
2014-04-24,152.8480987548828
2014-04-25,151.5949249267578
2014-04-28,152.07501220703125
2014-04-29,152.78305053710938
2014-04-30,153.23870849609375
2014-05-01,153.25497436523438
2014-05-02,153.03521728515625
2014-05-05,153.3282012939453
2014-05-06,151.99368286132812
2014-05-07,152.88880920410156
2014-05-08,152.72605895996094
2014-05-09,152.95391845703125
2014-05-12,154.44300842285156
2014-05-13,154.5814208984375
2014-05-14,153.84902954101562
2014-05-15,152.49818420410156
2014-05-16,153.02713012695312
2014-05-19,153.58865356445312
2014-05-20,152.62022399902344
2014-05-21,153.90597534179688
2014-05-22,154.28028869628906
2014-05-23,154.89877319335938
2014-05-27,155.85086059570312
2014-05-28,155.7369384765625
2014-05-29,156.5425567626953
2014-05-30,156.79483032226562
2014-06-02,156.97389221191406
2014-06-03,156.89251708984375
2014-06-04,157.20986938476562
2014-06-05,158.23516845703125
2014-06-06,158.9919891357422
2014-06-09,159.1546630859375
2014-06-10,159.17105102539062
2014-06-11,158.61766052246094
2014-06-12,157.49464416503906
2014-06-13,157.97474670410156
2014-06-16,158.10496520996094
2014-06-17,158.54441833496094
2014-06-18,159.70806884765625
2014-06-19,159.8870849609375
2014-06-20,160.2117156982422
2014-06-23,160.1626739501953
2014-06-24,159.1978302001953
2014-06-25,159.91738891601562
2014-06-26,159.80291748046875
2014-06-27,160.1136474609375
2014-06-30,160.0317840576172
2014-07-01,161.10296630859375
2014-07-02,161.2665252685547
2014-07-03,162.0596160888672
2014-07-07,161.4954071044922
2014-07-08,160.45703125
2014-07-09,161.17654418945312
2014-07-10,160.53878784179688
2014-07-11,160.75955200195312
2014-07-14,161.56900024414062
2014-07-15,161.2665252685547
2014-07-16,161.86343383789062
2014-07-17,160.02365112304688
2014-07-18,161.65895080566406
2014-07-21,161.3563995361328
2014-07-22,162.0596160888672
2014-07-23,162.41941833496094
2014-07-24,162.4275665283203
2014-07-25,161.66714477539062
2014-07-28,161.73252868652344
2014-07-29,161.03758239746094
2014-07-30,161.06202697753906
2014-07-31,157.8813934326172
2014-08-01,157.39898681640625
2014-08-04,158.53550720214844
2014-08-05,156.99827575683594
2014-08-06,157.04736328125
2014-08-07,156.19703674316406
2014-08-08,158.00399780273438
2014-08-11,158.4619140625
2014-08-12,158.24119567871094
2014-08-13,159.31228637695312
2014-08-14,160.06459045410156
2014-08-15,160.0317840576172
2014-08-18,161.37277221679688
2014-08-19,162.21498107910156
2014-08-20,162.6482696533203
2014-08-21,163.12258911132812
2014-08-22,162.869140625
2014-08-25,163.69488525390625
2014-08-26,163.80125427246094
2014-08-27,163.73583984375
2014-08-28,163.64585876464844
2014-08-29,164.11195373535156
2014-09-02,164.0301971435547
2014-09-03,163.940185546875
2014-09-04,163.70309448242188
2014-09-05,164.43896484375
2014-09-08,164.0138397216797
2014-09-09,162.9754180908203
2014-09-10,163.588623046875
2014-09-11,163.7767333984375
2014-09-12,162.82005310058594
2014-09-15,162.6973419189453
2014-09-16,163.92384338378906
2014-09-17,164.14462280273438
2014-09-18,165.01951599121094
2014-09-19,164.870849609375
2014-09-22,163.59756469726562
2014-09-23,162.6610870361328
2014-09-24,163.93434143066406
2014-09-25,161.28924560546875
2014-09-26,162.57069396972656
2014-09-29,162.27499389648438
2014-09-30,161.8478240966797
2014-10-01,159.6544647216797
2014-10-02,159.6791229248047
2014-10-03,161.43707275390625
2014-10-06,161.2481231689453
2014-10-07,158.75909423828125
2014-10-08,161.53562927246094
2014-10-09,158.3318634033203
2014-10-10,156.52456665039062
2014-10-13,153.95339965820312
2014-10-14,154.191650390625
2014-10-15,153.14834594726562
2014-10-16,153.01687622070312
2014-10-17,154.82420349121094
2014-10-20,156.32748413085938
2014-10-21,159.42446899414062
2014-10-22,158.29078674316406
2014-10-23,160.13095092773438
2014-10-24,161.36309814453125
2014-10-27,161.14137268066406
2014-10-28,162.9897003173828
2014-10-29,162.7432098388672
2014-10-30,163.78646850585938
2014-10-31,165.65953063964844
2014-11-03,165.74977111816406
2014-11-04,165.1748046875
2014-11-05,166.2180938720703
2014-11-06,166.88352966308594
2014-11-07,167.03953552246094
2014-11-10,167.56529235839844
2014-11-11,167.72958374023438
2014-11-12,167.54888916015625
2014-11-13,167.73777770996094
2014-11-14,167.7788848876953
2014-11-17,167.88571166992188
2014-11-18,168.85504150390625
2014-11-19,168.5839385986328
2014-11-20,168.87965393066406
2014-11-21,169.78329467773438
2014-11-24,170.25975036621094
2014-11-25,170.13653564453125
2014-11-26,170.57192993164062
2014-11-28,170.2104949951172
2014-12-01,169.02749633789062
2014-12-02,170.12010192871094
2014-12-03,170.7772674560547
2014-12-04,170.58836364746094
2014-12-05,170.86769104003906
2014-12-08,169.72584533691406
2014-12-09,169.61073303222656
2014-12-10,166.89170837402344
2014-12-11,167.73777770996094
2014-12-12,165.0269012451172
2014-12-15,163.89328002929688
2014-12-16,162.57891845703125
2014-12-17,165.7662811279297
2014-12-18,169.86541748046875
2014-12-19,170.58822631835938
2014-12-22,171.3729248046875
2014-12-23,171.6041717529297
2014-12-24,171.62071228027344
2014-12-26,172.17420959472656
2014-12-29,172.4053955078125
2014-12-30,171.48025512695312
2014-12-31,169.77870178222656
2015-01-02,169.6878662109375
2015-01-05,166.62330627441406
2015-01-06,165.05389404296875
2015-01-07,167.1107177734375
2015-01-08,170.0761260986328
2015-01-09,168.71315002441406
2015-01-12,167.39151000976562
2015-01-13,166.92066955566406
2015-01-14,165.91297912597656
2015-01-15,164.39308166503906
2015-01-16,166.5490264892578
2015-01-20,166.9041748046875
2015-01-21,167.74673461914062
2015-01-22,170.24130249023438
2015-01-23,169.3079071044922
2015-01-26,169.7043914794922
2015-01-27,167.4658660888672
2015-01-28,165.31825256347656
2015-01-29,166.8463897705078
2015-01-30,164.7483367919922
2015-02-02,166.7885284423828
2015-02-03,169.2004852294922
2015-02-04,168.5562286376953
2015-02-05,170.25775146484375
2015-02-06,169.78700256347656
2015-02-09,169.02703857421875
2015-02-10,170.82772827148438
2015-02-11,170.92684936523438
2015-02-12,172.5706787109375
2015-02-13,173.28102111816406
2015-02-17,173.55360412597656
2015-02-18,173.5701446533203
2015-02-19,173.44619750976562
2015-02-20,174.48699951171875
2015-02-23,174.46217346191406
2015-02-24,174.95782470703125
2015-02-25,174.80917358398438
2015-02-26,174.6026153564453
2015-02-27,174.00794982910156
2015-03-02,175.10647583007812
2015-03-03,174.38784790039062
2015-03-04,173.65272521972656
2015-03-05,173.84268188476562
2015-03-06,171.39768981933594
2015-03-09,172.10806274414062
2015-03-10,169.3161163330078
2015-03-11,168.919677734375
2015-03-12,171.06729125976562
2015-03-13,170.01821899414062
2015-03-16,172.28982543945312
2015-03-17,171.7777099609375
2015-03-18,173.84268188476562
2015-03-19,173.0497283935547
2015-03-20,174.57720947265625
2015-03-23,174.23704528808594
2015-03-24,173.25796508789062
2015-03-25,170.71910095214844
2015-03-26,170.3125762939453
2015-03-27,170.7025146484375
2015-03-30,172.78506469726562
2015-03-31,171.27500915527344
2015-04-01,170.6693115234375
2015-04-02,171.28323364257812
2015-04-06,172.43661499023438
2015-04-07,171.98025512695312
2015-04-08,172.56101989746094
2015-04-09,173.3243865966797
2015-04-10,174.2701873779297
2015-04-13,173.48196411132812
2015-04-14,173.81387329101562
2015-04-15,174.59378051757812
2015-04-16,174.54397583007812
2015-04-17,172.53614807128906
2015-04-20,174.11256408691406
2015-04-21,173.90516662597656
2015-04-22,174.7597198486328
2015-04-23,175.199462890625
2015-04-24,175.60604858398438
2015-04-27,174.8759002685547
2015-04-28,175.4318084716797
2015-04-29,174.70997619628906
2015-04-30,172.9593048095703
2015-05-01,174.83445739746094
2015-05-04,175.33226013183594
2015-05-05,173.3243865966797
2015-05-06,172.61083984375
2015-05-07,173.2994384765625
2015-05-08,175.58116149902344
2015-05-11,174.7431182861328
2015-05-12,174.220458984375
2015-05-13,174.2536163330078
2015-05-14,176.0706787109375
2015-05-15,176.26144409179688
2015-05-18,176.80908203125
2015-05-19,176.7510223388672
2015-05-20,176.62660217285156
2015-05-21,177.14097595214844
2015-05-22,176.7178497314453
2015-05-26,174.81781005859375
2015-05-27,176.47723388671875
2015-05-28,176.2781219482422
2015-05-29,175.18287658691406
2015-06-01,175.53965759277344
2015-06-02,175.36544799804688
2015-06-03,175.83006286621094
2015-06-04,174.34490966796875
2015-06-05,174.0461883544922
2015-06-08,172.975830078125
2015-06-09,172.95101928710938
2015-06-10,175.0252227783203
2015-06-11,175.58944702148438
2015-06-12,174.2453155517578
2015-06-15,173.49856567382812
2015-06-16,174.44444274902344
2015-06-17,174.72659301757812
2015-06-18,176.54360961914062
2015-06-19,175.7598876953125
2015-06-22,176.66033935546875
2015-06-23,176.78536987304688
2015-06-24,175.50144958496094
2015-06-25,174.96778869628906
2015-06-26,174.93450927734375
2015-06-29,171.26602172851562
2015-06-30,171.62460327148438
2015-07-01,173.00021362304688
2015-07-02,172.84181213378906
2015-07-06,172.3499298095703
2015-07-07,173.4337615966797
2015-07-08,170.52398681640625
2015-07-09,170.83251953125
2015-07-10,172.9835662841797
2015-07-13,174.89283752441406
2015-07-14,175.6514892578125
2015-07-15,175.5931396484375
2015-07-16,177.0021514892578
2015-07-17,177.15220642089844
2015-07-20,177.2439422607422
2015-07-21,176.54359436035156
2015-07-22,176.2267608642578
2015-07-23,175.234619140625
2015-07-24,173.41708374023438
2015-07-27,172.40823364257812
2015-07-28,174.52593994140625
2015-07-29,175.72657775878906
2015-07-30,175.76824951171875
2015-07-31,175.50144958496094
2015-08-03,174.909423828125
2015-08-04,174.567626953125
2015-08-05,175.14295959472656
2015-08-06,173.7089080810547
2015-08-07,173.3753662109375
2015-08-10,175.559814453125
2015-08-11,173.97564697265625
2015-08-12,174.18409729003906
2015-08-13,173.9673614501953
2015-08-14,174.6009979248047
2015-08-17,175.5764617919922
2015-08-18,175.0678253173828
2015-08-19,173.68389892578125
2015-08-20,170.05712890625
2015-08-21,164.93797302246094
2015-08-24,157.9929656982422
2015-08-25,156.13375854492188
2015-08-26,162.12828063964844
2015-08-27,166.1385498046875
2015-08-28,166.14691162109375
2015-08-31,164.80458068847656
2015-09-01,159.88558959960938
2015-09-02,162.92037963867188
2015-09-03,163.0370635986328
2015-09-04,160.56922912597656
2015-09-08,164.60446166992188
2015-09-09,162.40341186523438
2015-09-10,163.2871856689453
2015-09-11,164.02926635742188
2015-09-14,163.42056274414062
2015-09-15,165.46322631835938
2015-09-16,166.8972625732422
2015-09-17,166.52206420898438
2015-09-18,163.8009033203125
2015-09-21,164.64732360839844
2015-09-22,162.51022338867188
2015-09-23,162.25042724609375
2015-09-24,161.66380310058594
2015-09-25,161.62191772460938
2015-09-28,157.56561279296875
2015-09-29,157.65780639648438
2015-09-30,160.5994415283203
2015-10-01,161.01852416992188
2015-10-02,163.42372131347656
2015-10-05,166.3318328857422
2015-10-06,165.76194763183594
2015-10-07,167.11962890625
2015-10-08,168.628173828125
2015-10-09,168.728759765625
2015-10-12,168.88796997070312
2015-10-13,167.8236083984375
2015-10-14,167.01907348632812
2015-10-15,169.58352661132812
2015-10-16,170.3545684814453
2015-10-19,170.4384307861328
2015-10-20,170.2205047607422
2015-10-21,169.16453552246094
2015-10-22,172.02232360839844
2015-10-23,173.9080047607422
2015-10-26,173.48062133789062
2015-10-27,173.14535522460938
2015-10-28,175.11480712890625
2015-10-29,175.01426696777344
2015-10-30,174.25999450683594
2015-11-02,176.3216552734375
2015-11-03,176.8328399658203
2015-11-04,176.2965087890625
2015-11-05,176.12049865722656
2015-11-06,176.02833557128906
2015-11-09,174.38572692871094
2015-11-10,174.7880096435547
2015-11-11,174.10076904296875
2015-11-12,171.67037963867188
2015-11-13,169.74281311035156
2015-11-16,172.32408142089844
2015-11-17,172.1983184814453
2015-11-18,174.93045043945312
2015-11-19,174.7795867919922
2015-11-20,175.41651916503906
2015-11-23,175.21536254882812
2015-11-24,175.4500274658203
2015-11-25,175.4249267578125
2015-11-27,175.62606811523438
2015-11-30,174.8968963623047
2015-12-01,176.56463623046875
2015-12-02,174.76280212402344
2015-12-03,172.315673828125
2015-12-04,175.67628479003906
2015-12-07,174.61196899414062
2015-12-08,173.438720703125
2015-12-09,172.08934020996094
2015-12-10,172.5335693359375
2015-12-11,169.18966674804688
2015-12-14,170.04446411132812
2015-12-15,171.82957458496094
2015-12-16,174.34376525878906
2015-12-17,171.6871337890625
2015-12-18,168.62850952148438
2015-12-21,170.01953125
2015-12-22,171.56240844726562
2015-12-23,173.68678283691406
2015-12-24,173.4001922607422
2015-12-28,173.0039520263672
2015-12-29,174.8502197265625
2015-12-30,173.61097717285156
2015-12-31,171.8742218017578
2016-01-04,169.47157287597656
2016-01-05,169.75819396972656
2016-01-06,167.61683654785156
2016-01-07,163.5954132080078
2016-01-08,161.79969787597656
2016-01-11,161.9599151611328
2016-01-12,163.26663208007812
2016-01-13,159.19467163085938
2016-01-14,161.8081817626953
2016-01-15,158.33473205566406
2016-01-19,158.5455322265625
2016-01-20,156.5137481689453
2016-01-21,157.3905487060547
2016-01-22,160.61940002441406
2016-01-25,158.19143676757812
2016-01-26,160.3496856689453
2016-01-27,158.6045379638672
2016-01-28,159.43075561523438
2016-01-29,163.31723022460938
2016-02-01,163.25819396972656
2016-02-02,160.31600952148438
2016-02-03,161.2770538330078
2016-02-04,161.52992248535156
2016-02-05,158.45281982421875
2016-02-08,156.31983947753906
2016-02-09,156.3282470703125
2016-02-10,156.19342041015625
2016-02-11,154.16162109375
2016-02-12,157.3399200439453
2016-02-16,159.99559020996094
2016-02-17,162.60906982421875
2016-02-18,161.9430694580078
2016-02-19,161.86720275878906
2016-02-22,164.2108612060547
2016-02-23,162.13694763183594
2016-02-24,162.8788299560547
2016-02-25,164.8516082763672
2016-02-26,164.4722442626953
2016-02-29,163.1823272705078
2016-03-01,167.01824951171875
2016-03-02,167.76858520507812
2016-03-03,168.42617797851562
2016-03-04,168.97415161132812
2016-03-07,169.10899353027344
2016-03-08,167.2627410888672
2016-03-09,168.0889129638672
2016-03-10,168.2238006591797
2016-03-11,170.93849182128906
2016-03-14,170.71926879882812
2016-03-15,170.44107055664062
2016-03-16,171.4274444580078
2016-03-17,172.5149688720703
2016-03-18,173.19290161132812
2016-03-21,173.4386749267578
2016-03-22,173.34544372558594
2016-03-23,172.20144653320312
2016-03-24,172.12521362304688
2016-03-28,172.2268829345703
2016-03-29,173.81997680664062
2016-03-30,174.58262634277344
2016-03-31,174.1589813232422
2016-04-01,175.34536743164062
2016-04-04,174.7775421142578
2016-04-05,173.03192138671875
2016-04-06,174.92166137695312
2016-04-07,172.8284912109375
2016-04-08,173.2945556640625
2016-04-11,172.88787841796875
2016-04-12,174.49790954589844
2016-04-13,176.26055908203125
2016-04-14,176.26901245117188
2016-04-15,176.07412719726562
2016-04-18,177.31129455566406
2016-04-19,177.87057495117188
2016-04-20,178.04006958007812
2016-04-21,177.08251953125
2016-04-22,177.08251953125
2016-04-25,176.77737426757812
2016-04-26,177.04013061523438
2016-04-27,177.4044952392578
2016-04-28,175.79446411132812
2016-04-29,174.8453826904297
2016-05-02,176.23509216308594
2016-05-03,174.70130920410156
2016-05-04,173.72679138183594
2016-05-05,173.6929168701172
2016-05-06,174.32839965820312
2016-05-09,174.47247314453125
2016-05-10,176.641845703125
2016-05-11,174.98941040039062
2016-05-12,175.04022216796875
2016-05-13,173.5149688720703
2016-05-16,175.22669982910156
2016-05-17,173.5911865234375
2016-05-18,173.64205932617188
2016-05-19,173.0403594970703
2016-05-20,174.13352966308594
2016-05-23,173.89627075195312
2016-05-24,176.1503448486328
2016-05-25,177.34521484375
2016-05-26,177.39602661132812
2016-05-27,178.15872192382812
2016-05-31,177.8197784423828
2016-06-01,178.18414306640625
2016-06-02,178.72650146484375
2016-06-03,178.192626953125
2016-06-06,179.0993194580078
2016-06-07,179.37893676757812
2016-06-08,179.9636688232422
2016-06-09,179.7179718017578
2016-06-10,178.01466369628906
2016-06-13,176.641845703125
2016-06-14,176.29443359375
2016-06-15,176.04867553710938
2016-06-16,176.57403564453125
2016-06-17,175.9164581298828
2016-06-20,177.0493927001953
2016-06-21,177.5519256591797
2016-06-22,177.26234436035156
2016-06-23,179.5707550048828
2016-06-24,173.1225128173828
2016-06-27,170.02191162109375
2016-06-28,173.08848571777344
2016-06-29,176.03570556640625
2016-06-30,178.43783569335938
2016-07-01,178.81265258789062
2016-07-05,177.5264129638672
2016-07-06,178.59117126464844
2016-07-07,178.48043823242188
2016-07-08,181.13812255859375
2016-07-11,181.77694702148438
2016-07-12,183.09725952148438
2016-07-13,183.0717010498047
2016-07-14,184.09385681152344
2016-07-15,183.8468475341797
2016-07-18,184.3408966064453
2016-07-19,184.15347290039062
2016-07-20,184.92013549804688
2016-07-21,184.22158813476562
2016-07-22,185.0479278564453
2016-07-25,184.54534912109375
2016-07-26,184.63052368164062
2016-07-27,184.43458557128906
2016-07-28,184.64755249023438
2016-07-29,184.94569396972656
2016-08-01,184.79237365722656
2016-08-02,183.60833740234375
2016-08-03,184.1449432373047
2016-08-04,184.3408966064453
2016-08-05,185.8486328125
2016-08-08,185.73789978027344
2016-08-09,185.8486328125
2016-08-10,185.3886260986328
2016-08-11,186.24899291992188
2016-08-12,186.08712768554688
2016-08-15,186.623779296875
2016-08-16,185.6612091064453
2016-08-17,186.0104217529297
2016-08-18,186.42782592773438
2016-08-19,186.15525817871094
2016-08-22,186.1467742919922
2016-08-23,186.5215301513672
2016-08-24,185.5675048828125
2016-08-25,185.4397430419922
2016-08-26,185.0904998779297
2016-08-29,186.0019989013672
2016-08-30,185.6952667236328
2016-08-31,185.16714477539062
2016-09-01,185.17567443847656
2016-09-02,186.0104217529297
2016-09-06,186.5726318359375
2016-09-07,186.55557250976562
2016-09-08,186.12969970703125
2016-09-09,181.67469787597656
2016-09-12,184.28128051757812
2016-09-13,181.63211059570312
2016-09-14,181.56398010253906
2016-09-15,183.37835693359375
2016-09-16,182.66949462890625
2016-09-19,182.7037353515625
2016-09-20,182.7122802734375
2016-09-21,184.7669677734375
2016-09-22,185.9312286376953
2016-09-23,184.9125213623047
2016-09-26,183.4143524169922
2016-09-27,184.55294799804688
2016-09-28,185.468994140625
2016-09-29,183.79098510742188
2016-09-30,185.17791748046875
2016-10-03,184.7327423095703
2016-10-04,183.79098510742188
2016-10-05,184.60430908203125
2016-10-06,184.7327423095703
2016-10-07,184.0992431640625
2016-10-10,185.0580291748047
2016-10-11,182.72080993652344
2016-10-12,182.9605712890625
2016-10-13,182.361328125
2016-10-14,182.4554443359375
2016-10-17,181.82192993164062
2016-10-18,182.9605712890625
2016-10-19,183.44854736328125
2016-10-20,183.10606384277344
2016-10-21,183.19175720214844
2016-10-24,183.97079467773438
2016-10-25,183.35438537597656
2016-10-26,182.98623657226562
2016-10-27,182.49822998046875
2016-10-28,181.9589080810547
2016-10-31,181.96746826171875
2016-11-01,180.6490478515625
2016-11-02,179.56182861328125
2016-11-03,178.73989868164062
2016-11-04,178.54299926757812
2016-11-07,182.48114013671875
2016-11-08,183.3030242919922
2016-11-09,185.24636840820312
2016-11-10,185.7086944580078
2016-11-11,185.28062438964844
2016-11-14,185.4261016845703
2016-11-15,186.87303161621094
2016-11-16,186.52198791503906
2016-11-17,187.48086547851562
2016-11-18,187.0613555908203
2016-11-21,188.47389221191406
2016-11-22,188.842041015625
2016-11-23,188.94482421875
2016-11-25,189.64682006835938
2016-11-28,188.75648498535156
2016-11-29,189.12461853027344
2016-11-30,188.67086791992188
2016-12-01,187.97743225097656
2016-12-02,188.07156372070312
2016-12-05,189.2017059326172
2016-12-06,189.80093383789062
2016-12-07,192.28369140625
2016-12-08,192.75450134277344
2016-12-09,193.91883850097656
2016-12-12,193.69622802734375
2016-12-13,194.98904418945312
2016-12-14,193.37954711914062
2016-12-15,194.1756591796875
2016-12-16,193.7958984375
2016-12-19,194.2178497314453
2016-12-20,194.9670867919922
2016-12-21,194.42457580566406
2016-12-22,194.08865356445312
2016-12-23,194.37290954589844
2016-12-27,194.85511779785156
2016-12-28,193.2447509765625
2016-12-29,193.20172119140625
2016-12-30,192.4955596923828
2017-01-03,193.9681396484375
2017-01-04,195.12208557128906
2017-01-05,194.9670867919922
2017-01-06,195.66465759277344
2017-01-09,195.01873779296875
2017-01-10,195.01873779296875
2017-01-11,195.56991577148438
2017-01-12,195.07904052734375
2017-01-13,195.52684020996094
2017-01-17,194.8379669189453
2017-01-18,195.26856994628906
2017-01-19,194.5451202392578
2017-01-20,195.2598876953125
2017-01-23,194.75186157226562
2017-01-24,196.00051879882812
2017-01-25,197.69700622558594
2017-01-26,197.49024963378906
2017-01-27,197.1802520751953
2017-01-30,195.95741271972656
2017-01-31,195.94021606445312
2017-02-01,196.0177001953125
2017-02-02,196.14686584472656
2017-02-03,197.4989013671875
2017-02-06,197.1458282470703
2017-02-07,197.1544189453125
2017-02-08,197.41278076171875
2017-02-09,198.58396911621094
2017-02-10,199.36761474609375
2017-02-13,200.4527130126953
2017-02-14,201.2535858154297
2017-02-15,202.30419921875
2017-02-16,202.1319580078125
2017-02-17,202.45057678222656
2017-02-21,203.6561737060547
2017-02-22,203.47537231445312
2017-02-23,203.6131591796875
2017-02-24,203.87147521972656
2017-02-27,204.1901397705078
2017-02-28,203.63906860351562
2017-03-01,206.48939514160156
2017-03-02,205.18910217285156
2017-03-03,205.3182373046875
2017-03-06,204.70687866210938
2017-03-07,204.09539794921875
2017-03-08,203.71653747558594
2017-03-09,203.97479248046875
2017-03-10,204.6895751953125
2017-03-13,204.79295349121094
2017-03-14,204.00927734375
2017-03-15,205.774658203125
2017-03-16,205.3699493408203
2017-03-17,205.00926208496094
2017-03-20,204.7843780517578
2017-03-21,202.15504455566406
2017-03-22,202.6308135986328
2017-03-23,202.41455078125
2017-03-24,202.2675018310547
2017-03-27,202.05995178222656
2017-03-28,203.5302734375
2017-03-29,203.7205047607422
2017-03-30,204.36924743652344
2017-03-31,203.8935089111328
2017-04-03,203.5389404296875
2017-04-04,203.66868591308594
2017-04-05,203.06320190429688
2017-04-06,203.63406372070312
2017-04-07,203.426513671875
2017-04-10,203.54754638671875
2017-04-11,203.30535888671875
2017-04-12,202.41455078125
2017-04-13,201.09986877441406
2017-04-17,202.88160705566406
2017-04-18,202.27618408203125
2017-04-19,201.9042205810547
2017-04-20,203.54754638671875
2017-04-21,202.89883422851562
2017-04-24,205.13035583496094
2017-04-25,206.32394409179688
2017-04-26,206.19415283203125
2017-04-27,206.3671875
2017-04-28,205.91744995117188
2017-05-01,206.43637084960938
2017-05-02,206.51417541503906
2017-05-03,206.2633819580078
2017-05-04,206.50552368164062
2017-05-05,207.31857299804688
2017-05-08,207.2840118408203
2017-05-09,207.09365844726562
2017-05-10,207.46560668945312
2017-05-11,207.0417938232422
2017-05-12,206.69581604003906
2017-05-15,207.8374786376953
2017-05-16,207.64723205566406
2017-05-17,203.96275329589844
2017-05-18,204.7843780517578
2017-05-19,206.11631774902344
2017-05-22,207.16287231445312
2017-05-23,207.62130737304688
2017-05-24,208.10565185546875
2017-05-25,209.10028076171875
2017-05-26,209.05703735351562
2017-05-30,208.8754119873047
2017-05-31,208.82347106933594
2017-06-01,210.48414611816406
2017-06-02,211.18470764160156
2017-06-05,211.02903747558594
2017-06-06,210.35440063476562
2017-06-07,210.7436065673828
2017-06-08,210.84744262695312
2017-06-09,210.52735900878906
2017-06-12,210.48414611816406
2017-06-13,211.51339721679688
2017-06-14,211.24525451660156
2017-06-15,210.83872985839844
2017-06-16,210.88485717773438
2017-06-19,212.64048767089844
2017-06-20,211.2063751220703
2017-06-21,211.15423583984375
2017-06-22,211.0586700439453
2017-06-23,211.31069946289062
2017-06-26,211.4497528076172
2017-06-27,209.7462921142578
2017-06-28,211.62356567382812
2017-06-29,209.76364135742188
2017-06-30,210.15478515625
2017-07-03,210.51107788085938
2017-07-05,210.99781799316406
2017-07-06,209.0683135986328
2017-07-07,210.42417907714844
2017-07-10,210.6501007080078
2017-07-11,210.49374389648438
2017-07-12,212.0754852294922
2017-07-13,212.4318389892578
2017-07-14,213.42262268066406
2017-07-17,213.39654541015625
2017-07-18,213.50958251953125
2017-07-19,214.6654815673828
2017-07-20,214.7611083984375
2017-07-21,214.56988525390625
2017-07-24,214.51779174804688
2017-07-25,215.03921508789062
2017-07-26,215.04794311523438
2017-07-27,214.8480224609375
2017-07-28,214.59596252441406
2017-07-31,214.47427368164062
2017-08-01,214.95233154296875
2017-08-02,215.05667114257812
2017-08-03,214.63943481445312
2017-08-04,215.03053283691406
2017-08-07,215.43031311035156
2017-08-08,214.9002227783203
2017-08-09,214.89149475097656
2017-08-10,211.85818481445312
2017-08-11,212.17112731933594
2017-08-14,214.27439880371094
2017-08-15,214.24832153320312
2017-08-16,214.62208557128906
2017-08-17,211.27589416503906
2017-08-18,210.9456329345703
2017-08-21,211.11073303222656
2017-08-22,213.3184051513672
2017-08-23,212.5535430908203
2017-08-24,212.05816650390625
2017-08-25,212.5535430908203
2017-08-28,212.56222534179688
2017-08-29,212.8055419921875
2017-08-30,213.81378173828125
2017-08-31,215.10006713867188
2017-09-01,215.4042205810547
2017-09-05,213.85728454589844
2017-09-06,214.58731079101562
2017-09-07,214.56124877929688
2017-09-08,214.30923461914062
2017-09-11,216.59500122070312
2017-09-12,217.32505798339844
2017-09-13,217.42935180664062
2017-09-14,217.35980224609375
2017-09-15,217.6524200439453
2017-09-18,218.1153106689453
2017-09-19,218.3336639404297
2017-09-20,218.41233825683594
2017-09-21,217.82713317871094
2017-09-22,217.8707733154297
2017-09-25,217.42530822753906
2017-09-26,217.5563201904297
2017-09-27,218.40357971191406
2017-09-28,218.66561889648438
2017-09-29,219.43423461914062
2017-10-02,220.3862762451172
2017-10-03,220.85794067382812
2017-10-04,221.1199951171875
2017-10-05,222.4301300048828
2017-10-06,222.17681884765625
2017-10-09,221.8100128173828
2017-10-10,222.39524841308594
2017-10-11,222.7445831298828
2017-10-12,222.41262817382812
2017-10-13,222.68341064453125
2017-10-16,222.98037719726562
2017-10-17,223.13763427734375
2017-10-18,223.35597229003906
2017-10-19,223.41708374023438
2017-10-20,224.570068359375
2017-10-23,223.69659423828125
2017-10-24,224.08963012695312
2017-10-25,222.98037719726562
2017-10-26,223.2686309814453
2017-10-27,225.09413146972656
2017-10-30,224.25564575195312
2017-10-31,224.60496520996094
2017-11-01,224.9019317626953
2017-11-02,224.98928833007812
2017-11-03,225.740478515625
2017-11-06,226.08985900878906
2017-11-07,225.93264770507812
2017-11-08,226.31687927246094
2017-11-09,225.495849609375
2017-11-10,225.42601013183594
2017-11-13,225.63563537597656
2017-11-14,225.11158752441406
2017-11-15,223.98483276367188
2017-11-16,225.88894653320312
2017-11-17,225.2251434326172
2017-11-20,225.60943603515625
2017-11-21,227.0855255126953
2017-11-22,226.88473510742188
2017-11-24,227.40872192382812
2017-11-27,227.29519653320312
2017-11-28,229.60110473632812
2017-11-29,229.4613037109375
2017-11-30,231.47024536132812
2017-12-01,230.9898223876953
2017-12-04,230.71034240722656
2017-12-05,229.88058471679688
2017-12-06,229.92422485351562
2017-12-07,230.649169921875
2017-12-08,231.90696716308594
2017-12-11,232.605712890625
2017-12-12,233.01626586914062
2017-12-13,232.99000549316406
2017-12-14,232.0379638671875
2017-12-15,233.97027587890625
2017-12-18,235.4539337158203
2017-12-19,234.54965209960938
2017-12-20,234.42669677734375
2017-12-21,234.90953063964844
2017-12-22,234.84811401367188
2017-12-26,234.56716918945312
2017-12-27,234.6813507080078
2017-12-28,235.1641387939453
2017-12-29,234.27749633789062
2018-01-02,235.95433044433594
2018-01-03,237.4467315673828
2018-01-04,238.4474639892578
2018-01-05,240.0364990234375
2018-01-08,240.47552490234375
2018-01-09,241.01979064941406
2018-01-10,240.65106201171875
2018-01-11,242.4069061279297
2018-01-12,243.98715209960938
2018-01-16,243.15318298339844
2018-01-17,245.4707794189453
2018-01-18,245.05819702148438
2018-01-19,246.173095703125
2018-01-22,248.17465209960938
2018-01-23,248.70147705078125
2018-01-24,248.60491943359375
2018-01-25,248.71023559570312
2018-01-26,251.5897216796875
2018-01-29,249.9217529296875
2018-01-30,247.35826110839844
2018-01-31,247.48117065429688
2018-02-01,247.20025634765625
2018-02-02,241.81871032714844
2018-02-05,231.7052001953125
2018-02-06,236.27029418945312
2018-02-07,234.98863220214844
2018-02-08,226.1744384765625
2018-02-09,229.57192993164062
2018-02-12,232.94313049316406
2018-02-13,233.52247619628906
2018-02-14,236.67420959472656
2018-02-15,239.6941375732422
2018-02-16,239.76437377929688
2018-02-20,238.26316833496094
2018-02-21,237.0780029296875
2018-02-22,237.3853302001953
2018-02-23,241.16908264160156
2018-02-26,243.96957397460938
2018-02-27,240.9232635498047
2018-02-28,238.48265075683594
2018-03-01,235.0149688720703
2018-03-02,236.22642517089844
2018-03-05,238.9567413330078
2018-03-06,239.5625
2018-03-07,239.47463989257812
2018-03-08,240.633544921875
2018-03-09,244.8210906982422
2018-03-12,244.51385498046875
2018-03-13,242.93359375
2018-03-14,241.6869354248047
2018-03-15,241.42355346679688
2018-03-16,241.6854705810547
2018-03-19,238.4153289794922
2018-03-20,238.8208465576172
2018-03-21,238.3625030517578
2018-03-22,232.40411376953125
2018-03-23,227.4504852294922
2018-03-26,233.67330932617188
2018-03-27,229.69810485839844
2018-03-28,229.01937866210938
2018-03-29,231.94569396972656
2018-04-02,226.93927001953125
2018-04-03,229.84799194335938
2018-04-04,232.30712890625
2018-04-05,234.1405029296875
2018-04-06,228.9224395751953
2018-04-09,230.0507049560547
2018-04-10,233.7085418701172
2018-04-11,232.48336791992188
2018-04-12,234.39605712890625
2018-04-13,233.7085418701172
2018-04-16,235.6300506591797
2018-04-17,238.1509246826172
2018-04-18,238.3271484375
2018-04-19,237.00514221191406
2018-04-20,234.99545288085938
2018-04-23,234.96017456054688
2018-04-24,231.7959747314453
2018-04-25,232.36880493164062
2018-04-26,234.73101806640625
2018-04-27,234.951416015625
2018-04-30,233.1444549560547
2018-05-01,233.55874633789062
2018-05-02,231.9897918701172
2018-05-03,231.478515625
2018-05-04,234.47540283203125
2018-05-07,235.26870727539062
2018-05-08,235.26870727539062
2018-05-09,237.542724609375
2018-05-10,239.76385498046875
2018-05-11,240.49549865722656
2018-05-14,240.61007690429688
2018-05-15,238.9529571533203
2018-05-16,239.9578399658203
2018-05-17,239.75514221191406
2018-05-18,239.15579223632812
2018-05-21,240.95379638671875
2018-05-22,240.28395080566406
2018-05-23,240.9449920654297
2018-05-24,240.451416015625
2018-05-25,239.8784637451172
2018-05-29,237.11962890625
2018-05-30,240.28395080566406
2018-05-31,238.81202697753906
2018-06-01,241.1565704345703
2018-06-04,242.3023223876953
2018-06-05,242.47869873046875
2018-06-06,244.50588989257812
2018-06-07,244.4795379638672
2018-06-08,245.2023162841797
2018-06-11,245.5283660888672
2018-06-12,245.84571838378906
2018-06-13,245.061279296875
2018-06-14,245.67828369140625
2018-06-15,245.3647918701172
2018-06-18,244.8601837158203
2018-06-19,243.9217071533203
2018-06-20,244.3378143310547
2018-06-21,242.80613708496094
2018-06-22,243.248779296875
2018-06-25,239.9374237060547
2018-06-26,240.46871948242188
2018-06-27,238.47653198242188
2018-06-28,239.84014892578125
2018-06-29,240.18536376953125
2018-07-02,240.6989288330078
2018-07-03,239.84884643554688
2018-07-05,241.80551147460938
2018-07-06,243.850830078125
2018-07-09,246.0465545654297
2018-07-10,246.93191528320312
2018-07-11,245.1258087158203
2018-07-12,247.34815979003906
2018-07-13,247.5428009033203
2018-07-16,247.32151794433594
2018-07-17,248.32192993164062
2018-07-18,248.84432983398438
2018-07-19,247.90589904785156
2018-07-20,247.6225128173828
2018-07-23,248.08294677734375
2018-07-24,249.3312530517578
2018-07-25,251.45619201660156
2018-07-26,250.86300659179688
2018-07-27,249.16310119628906
2018-07-30,247.86170959472656
2018-07-31,249.08335876464844
2018-08-01,248.66729736328125
2018-08-02,250.02197265625
2018-08-03,251.0931854248047
2018-08-06,252.01400756835938
2018-08-07,252.84629821777344
2018-08-08,252.7399139404297
2018-08-09,252.39480590820312
2018-08-10,250.70362854003906
2018-08-13,249.7651824951172
2018-08-14,251.3588104248047
2018-08-15,249.4818572998047
2018-08-16,251.50054931640625
2018-08-17,252.38600158691406
2018-08-20,252.92596435546875
2018-08-21,253.51914978027344
2018-08-22,253.36868286132812
2018-08-23,253.03221130371094
2018-08-24,254.55506896972656
2018-08-27,256.56475830078125
2018-08-28,256.6888732910156
2018-08-29,258.0699768066406
2018-08-30,257.0252685546875
2018-08-31,257.0340881347656
2018-09-04,256.5914001464844
2018-09-05,255.9008026123047
2018-09-06,255.13055419921875
2018-09-07,254.6347198486328
2018-09-10,255.07736206054688
2018-09-11,255.91842651367188
2018-09-12,255.98052978515625
2018-09-13,257.49456787109375
2018-09-14,257.538818359375
2018-09-17,256.17535400390625
2018-09-18,257.5653381347656
2018-09-19,257.83984375
2018-09-20,259.9293518066406
2018-09-21,259.6918640136719
2018-09-24,258.8291320800781
2018-09-25,258.5890197753906
2018-09-26,257.81524658203125
2018-09-27,258.5356750488281
2018-09-28,258.56231689453125
2018-10-01,259.4606628417969
2018-10-02,259.3094177246094
2018-10-03,259.4517822265625
2018-10-04,257.42388916015625
2018-10-05,255.98312377929688
2018-10-08,255.98312377929688
2018-10-09,255.60958862304688
2018-10-10,247.51614379882812
2018-10-11,242.06423950195312
2018-10-12,245.426025390625
2018-10-15,244.047607421875
2018-10-16,249.38389587402344
2018-10-17,249.42835998535156
2018-10-18,245.82626342773438
2018-10-19,245.6929168701172
2018-10-22,244.59005737304688
2018-10-23,243.3449249267578
2018-10-24,235.971923828125
2018-10-25,240.2053680419922
2018-10-26,235.9808349609375
2018-10-29,234.67340087890625
2018-10-30,238.1509246826172
2018-10-31,240.69454956054688
2018-11-01,243.25601196289062
2018-11-02,241.81509399414062
2018-11-05,243.14923095703125
2018-11-06,244.68792724609375
2018-11-07,249.92630004882812
2018-11-08,249.47280883789062
2018-11-09,247.03585815429688
2018-11-12,242.4199981689453
2018-11-13,241.9663848876953
2018-11-14,240.31214904785156
2018-11-15,242.82020568847656
2018-11-16,243.45169067382812
2018-11-19,239.33377075195312
2018-11-20,234.90455627441406
2018-11-21,235.70506286621094
2018-11-23,234.13087463378906
2018-11-26,237.91079711914062
2018-11-27,238.7113037109375
2018-11-28,244.20761108398438
2018-11-29,243.67405700683594
2018-11-30,245.15919494628906
2018-12-03,248.40548706054688
2018-12-04,240.35658264160156
2018-12-06,239.99192810058594
2018-12-07,234.4154815673828
2018-12-10,234.8602294921875
2018-12-11,234.9134979248047
2018-12-12,236.0963134765625
2018-12-13,236.01637268066406
2018-12-14,231.6583251953125
2018-12-17,227.11361694335938
2018-12-18,226.86460876464844
2018-12-19,223.46717834472656
2018-12-20,219.82955932617188
2018-12-21,215.3253936767578
2018-12-24,209.63580322265625
2018-12-26,220.2276153564453
2018-12-27,221.9184112548828
2018-12-28,221.6321563720703
2018-12-31,223.5733184814453
2019-01-02,223.80596923828125
2019-01-03,218.46534729003906
2019-01-04,225.782958984375
2019-01-07,227.56320190429688
2019-01-08,229.7012176513672
2019-01-09,230.7747344970703
2019-01-10,231.5888214111328
2019-01-11,231.67828369140625
2019-01-14,230.26478576660156
2019-01-15,232.90382385253906
2019-01-16,233.4674530029297
2019-01-17,235.23861694335938
2019-01-18,238.36972045898438
2019-01-22,235.14926147460938
2019-01-23,235.64126586914062
2019-01-24,235.76649475097656
2019-01-25,237.76136779785156
2019-01-28,235.95440673828125
2019-01-29,235.64126586914062
2019-01-30,239.3716583251953
2019-01-31,241.47390747070312
2019-02-01,241.59022521972656
2019-02-04,243.28988647460938
2019-02-05,244.30975341796875
2019-02-06,243.98770141601562
2019-02-07,241.6617431640625
2019-02-08,241.95704650878906
2019-02-11,242.09115600585938
2019-02-12,245.20428466796875
2019-02-13,246.00054931640625
2019-02-14,245.45480346679688
2019-02-15,248.12950134277344
2019-02-19,248.5589599609375
2019-02-20,249.05996704101562
2019-02-21,248.17430114746094
2019-02-22,249.7130889892578
2019-02-25,250.05294799804688
2019-02-26,249.87405395507812
2019-02-27,249.76663208007812
2019-02-28,249.3014678955078
2019-03-01,250.85806274414062
2019-03-04,249.94557189941406
2019-03-05,249.60569763183594
2019-03-06,248.09375
2019-03-07,246.01840209960938
2019-03-08,245.52630615234375
2019-03-11,249.0867919921875
2019-03-12,250.02606201171875
2019-03-13,251.6810760498047
2019-03-14,251.5200653076172
2019-03-15,252.76268005371094
2019-03-18,253.67919921875
2019-03-19,253.74203491210938
2019-03-20,252.9783172607422
2019-03-21,255.8357696533203
2019-03-22,250.9116668701172
2019-03-25,250.72305297851562
2019-03-26,252.59190368652344
2019-03-27,251.27117919921875
2019-03-28,252.2235565185547
2019-03-29,253.81405639648438
2019-04-01,256.82403564453125
2019-04-02,256.9498291015625
2019-04-03,257.3541564941406
2019-04-04,258.03704833984375
2019-04-05,259.2859802246094
2019-04-08,259.483642578125
2019-04-09,258.15380859375
2019-04-10,259.0343322753906
2019-04-11,258.9624328613281
2019-04-12,260.714599609375
2019-04-15,260.5439147949219
2019-04-16,260.714599609375
2019-04-17,260.07666015625
2019-04-18,260.5888366699219
2019-04-22,260.8133850097656
2019-04-23,263.1585998535156
2019-04-24,262.57452392578125
2019-04-25,262.4128723144531
2019-04-26,263.6347351074219
2019-04-29,264.0481262207031
2019-04-30,264.1828918457031
2019-05-01,262.1971740722656
2019-05-02,261.6311340332031
2019-05-03,264.19189453125
2019-05-06,263.104736328125
2019-05-07,258.7109375
2019-05-08,258.35150146484375
2019-05-09,257.5697937011719
2019-05-10,258.8636779785156
2019-05-13,252.3583526611328
2019-05-14,254.64065551757812
2019-05-15,256.13214111328125
2019-05-16,258.5042419433594
2019-05-17,256.8330383300781
2019-05-20,255.13478088378906
2019-05-21,257.4350280761719
2019-05-22,256.6442565917969
2019-05-23,253.50848388671875
2019-05-24,254.0835418701172
2019-05-28,251.72042846679688
2019-05-29,250.03123474121094
2019-05-30,250.71408081054688
2019-05-31,247.3356170654297
2019-06-03,246.7067413330078
2019-06-04,252.0618438720703
2019-06-05,254.24525451660156
2019-06-06,255.8985595703125
2019-06-07,258.459228515625
2019-06-10,259.6453552246094
2019-06-11,259.58245849609375
2019-06-12,259.1241760253906
2019-06-13,260.1934509277344
2019-06-14,259.9059143066406
2019-06-17,260.00469970703125
2019-06-18,262.72723388671875
2019-06-19,263.3204040527344
2019-06-20,265.8362121582031
2019-06-21,265.4497375488281
2019-06-24,265.1247253417969
2019-06-25,262.52447509765625
2019-06-26,262.2625427246094
2019-06-27,263.1924743652344
2019-06-28,264.5467834472656
2019-07-01,266.9485168457031
2019-07-02,267.64373779296875
2019-07-03,269.7835693359375
2019-07-05,269.47662353515625
2019-07-08,267.9959411621094
2019-07-09,268.33001708984375
2019-07-10,269.6120300292969
2019-07-11,270.2441101074219
2019-07-12,271.4538879394531
2019-07-15,271.5442199707031
2019-07-16,270.6684265136719
2019-07-17,268.8265380859375
2019-07-18,269.8106689453125
2019-07-19,268.31195068359375
2019-07-22,268.97100830078125
2019-07-23,270.8941650390625
2019-07-24,272.16729736328125
2019-07-25,270.8670349121094
2019-07-26,272.6819763183594
2019-07-29,272.1852111816406
2019-07-30,271.5171203613281
2019-07-31,268.5466003417969
2019-08-01,266.2080993652344
2019-08-02,264.2037353515625
2019-08-05,256.2583923339844
2019-08-06,259.8517761230469
2019-08-07,260.0052490234375
2019-08-08,265.1067199707031
2019-08-09,263.3009033203125
2019-08-12,260.09564208984375
2019-08-13,264.1405944824219
2019-08-14,256.3305358886719
2019-08-15,257.00762939453125
2019-08-16,260.7998046875
2019-08-19,263.94189453125
2019-08-20,261.9194030761719
2019-08-21,264.0502624511719
2019-08-22,263.9689636230469
2019-08-23,257.1883544921875
2019-08-26,260.0323486328125
2019-08-27,259.0121154785156
2019-08-28,260.8359680175781
2019-08-29,264.1675720214844
2019-08-30,264.0502624511719
2019-09-03,262.5063781738281
2019-09-04,265.48583984375
2019-09-05,268.8988342285156
2019-09-06,269.1064147949219
2019-09-09,269.24188232421875
2019-09-10,269.1786193847656
2019-09-11,271.0926818847656
2019-09-12,272.0318908691406
2019-09-13,271.85125732421875
2019-09-16,271.0115051269531
2019-09-17,271.69769287109375
2019-09-18,271.8602600097656
2019-09-19,271.84222412109375
2019-09-20,270.55780029296875
2019-09-23,270.4942626953125
2019-09-24,268.3717346191406
2019-09-25,269.95916748046875
2019-09-26,269.3967590332031
2019-09-27,267.9454345703125
2019-09-30,269.1880798339844
2019-10-01,265.98614501953125
2019-10-02,261.28765869140625
2019-10-03,263.4283142089844
2019-10-04,266.99310302734375
2019-10-07,265.8411560058594
2019-10-08,261.71392822265625
2019-10-09,264.19927978515625
2019-10-10,265.98614501953125
2019-10-11,268.7436218261719
2019-10-14,268.4443359375
2019-10-15,271.1019592285156
2019-10-16,270.6666259765625
2019-10-17,271.4647521972656
2019-10-18,270.2765808105469
2019-10-21,272.1088562011719
2019-10-22,271.219970703125
2019-10-23,272.0091552734375
2019-10-24,272.45361328125
2019-10-25,273.56927490234375
2019-10-28,275.1111755371094
2019-10-29,275.0295715332031
2019-10-30,275.8731994628906
2019-10-31,275.138427734375
2019-11-01,277.6872863769531
2019-11-04,278.8028869628906
2019-11-05,278.49456787109375
2019-11-06,278.5580139160156
2019-11-07,279.53765869140625
2019-11-08,280.22698974609375
2019-11-11,279.6919250488281
2019-11-12,280.2814636230469
2019-11-13,280.3721923828125
2019-11-14,280.7802734375
2019-11-15,282.8122253417969
2019-11-18,283.02081298828125
2019-11-19,282.9391174316406
2019-11-20,281.886962890625
2019-11-21,281.43341064453125
2019-11-22,282.05926513671875
2019-11-25,284.2453308105469
2019-11-26,284.8892517089844
2019-11-27,286.1592102050781
2019-11-29,285.09796142578125
2019-12-02,282.6761169433594
2019-12-03,280.7802734375
2019-12-04,282.5128173828125
2019-12-05,283.02081298828125
2019-12-06,285.6058349609375
2019-12-09,284.7079162597656
2019-12-10,284.3905029296875
2019-12-11,285.19781494140625
2019-12-12,287.6559143066406
2019-12-13,287.82818603515625
2019-12-16,289.8056335449219
2019-12-17,289.8691101074219
2019-12-18,289.88720703125
2019-12-19,291.075439453125
2019-12-20,292.3516540527344
2019-12-23,292.79827880859375
2019-12-24,292.8073425292969
2019-12-26,294.3660583496094
2019-12-27,294.29315185546875
2019-12-30,292.67071533203125
2019-12-31,293.38165283203125
2020-01-02,296.125244140625
2020-01-03,293.8829040527344
2020-01-06,295.00408935546875
2020-01-07,294.1746520996094
2020-01-08,295.7424621582031
2020-01-09,297.7478332519531
2020-01-10,296.8909606933594
2020-01-13,298.93280029296875
2020-01-14,298.47698974609375
2020-01-15,299.1515808105469
2020-01-16,301.6400451660156
2020-01-17,302.57891845703125
2020-01-21,301.98638916015625
2020-01-22,302.0227966308594
2020-01-23,302.369140625
2020-01-24,299.68017578125
2020-01-27,294.87646484375
2020-01-28,297.9665832519531
2020-01-29,297.720458984375
2020-01-30,298.6866760253906
2020-01-31,293.2632141113281
2020-02-03,295.4416198730469
2020-02-04,299.94451904296875
2020-02-05,303.4083557128906
2020-02-06,304.4292297363281
2020-02-07,302.8067626953125
2020-02-10,305.0672607421875
2020-02-11,305.59613037109375
2020-02-12,307.56488037109375
2020-02-13,307.23663330078125
2020-02-14,307.72894287109375
2020-02-18,306.93597412109375
2020-02-19,308.4034423828125
2020-02-20,307.136474609375
2020-02-21,303.973388671875
2020-02-24,293.8920593261719
2020-02-25,284.986572265625
2020-02-26,283.93829345703125
2020-02-27,271.1861267089844
2020-02-28,270.04669189453125
2020-03-02,281.74151611328125
2020-03-03,273.6745910644531
2020-03-04,285.17791748046875
2020-03-05,275.6981201171875
2020-03-06,271.1405029296875
2020-03-09,249.96597290039062
2020-03-10,262.90032958984375
2020-03-11,250.0843963623047
2020-03-12,226.15707397460938
2020-03-13,245.49037170410156
2020-03-16,218.62796020507812
2020-03-17,230.43209838867188
2020-03-18,218.76466369628906
2020-03-19,219.22950744628906
2020-03-20,209.78199768066406
2020-03-23,204.4182586669922
2020-03-24,222.93922424316406
2020-03-25,226.27662658691406
2020-03-26,239.48890686035156
2020-03-27,232.3555908203125
2020-03-30,239.90150451660156
2020-03-31,236.32565307617188
2020-04-01,225.68984985351562
2020-04-02,230.89773559570312
2020-04-03,227.56027221679688
2020-04-06,242.84466552734375
2020-04-07,243.09219360351562
2020-04-08,251.25247192382812
2020-04-09,255.07589721679688
2020-04-13,252.7469024658203
2020-04-14,260.201171875
2020-04-15,254.67242431640625
2020-04-16,255.9010467529297
2020-04-17,262.8143005371094
2020-04-20,258.1841125488281
2020-04-21,250.34475708007812
2020-04-22,255.9010467529297
2020-04-23,255.8826141357422
2020-04-24,259.4493408203125
2020-04-27,263.1901550292969
2020-04-28,261.98004150390625
2020-04-29,268.83819580078125
2020-04-30,266.3351745605469
2020-05-01,259.2842712402344
2020-05-04,259.99951171875
2020-05-05,262.4017333984375
2020-05-06,260.6228942871094
2020-05-07,263.7677917480469
2020-05-08,268.1321716308594
2020-05-11,268.1872253417969
2020-05-12,262.8417663574219
2020-05-13,258.1932067871094
2020-05-14,261.2830505371094
2020-05-15,262.4842529296875
2020-05-18,270.4794616699219
2020-05-19,267.70123291015625
2020-05-20,272.2489318847656
2020-05-21,270.36944580078125
2020-05-22,270.8828125
2020-05-26,274.2202453613281
2020-05-27,278.3004150390625
2020-05-28,277.78692626953125
2020-05-29,279.024658203125
2020-06-01,280.1524353027344
2020-06-02,282.4721984863281
2020-06-03,286.2313232421875
2020-06-04,285.47955322265625
2020-06-05,292.79620361328125
2020-06-08,296.33538818359375
2020-06-09,294.1257019042969
2020-06-10,292.4845275878906
2020-06-11,275.6231689453125
2020-06-12,278.92388916015625
2020-06-15,281.5278015136719
2020-06-16,286.9465026855469
2020-06-17,285.75457763671875
2020-06-18,285.8645935058594
2020-06-19,284.2310485839844
2020-06-22,286.0543518066406
2020-06-23,287.3712463378906
2020-06-24,280.0408020019531
2020-06-25,283.0429382324219
2020-06-26,276.3202819824219
2020-06-29,280.3815002441406
2020-06-30,283.97308349609375
2020-07-01,285.9623107910156
2020-07-02,287.5370178222656
2020-07-06,291.975830078125
2020-07-07,288.9644470214844
2020-07-08,291.17462158203125
2020-07-09,289.5169982910156
2020-07-10,292.4731750488281
2020-07-13,289.9405822753906
2020-07-14,293.6979064941406
2020-07-15,296.3961486816406
2020-07-16,295.4200134277344
2020-07-17,296.2764892578125
2020-07-20,298.6708679199219
2020-07-21,299.3062744140625
2020-07-22,301.010009765625
2020-07-23,297.4184265136719
2020-07-24,295.5029296875
2020-07-27,297.6578674316406
2020-07-28,295.7701110839844
2020-07-29,299.4075927734375
2020-07-30,298.3393859863281
2020-07-31,300.6968688964844
2020-08-03,302.7873229980469
2020-08-04,303.95697021484375
2020-08-05,305.8447570800781
2020-08-06,307.88922119140625
2020-08-07,308.1103210449219
2020-08-10,309.0311279296875
2020-08-11,306.48028564453125
2020-08-12,310.75323486328125
2020-08-13,310.1914978027344
2020-08-14,310.20062255859375
2020-08-17,311.18609619140625
2020-08-18,311.8583679199219
2020-08-19,310.5599060058594
2020-08-20,311.52679443359375
2020-08-21,312.6319274902344
2020-08-24,315.79998779296875
2020-08-25,316.90496826171875
2020-08-26,320.08209228515625
2020-08-27,320.781982421875
2020-08-28,322.8540344238281
2020-08-31,321.6845397949219
2020-09-01,324.71435546875
2020-09-02,329.41107177734375
2020-09-03,318.0746154785156
2020-09-04,315.4775695800781
2020-09-08,306.8577575683594
2020-09-09,312.9174499511719
2020-09-10,307.4840087890625
2020-09-11,307.640625
2020-09-14,311.692626953125
2020-09-15,313.2673645019531
2020-09-16,312.024169921875
2020-09-17,309.2798156738281
2020-09-18,305.71917724609375
2020-09-21,302.31658935546875
2020-09-22,305.3955078125
2020-09-23,298.3131408691406
2020-09-24,299.1083679199219
2020-09-25,303.9438781738281
2020-09-28,308.9922790527344
2020-09-29,307.3094177246094
2020-09-30,309.63946533203125
2020-10-01,311.62738037109375
2020-10-02,308.668701171875
2020-10-05,314.142333984375
2020-10-06,309.6764221191406
2020-10-07,315.06689453125
2020-10-08,317.8592224121094
2020-10-09,320.69769287109375
2020-10-12,325.85693359375
2020-10-13,323.7304382324219
2020-10-14,321.69622802734375
2020-10-15,321.2987365722656
2020-10-16,321.10455322265625
2020-10-19,316.2225646972656
2020-10-20,317.48931884765625
2020-10-21,316.8883056640625
2020-10-22,318.6265563964844
2020-10-23,319.7083435058594
2020-10-26,313.8002624511719
2020-10-27,312.71844482421875
2020-10-28,302.030029296875
2020-10-29,305.09967041015625
2020-10-30,301.9190368652344
2020-11-02,305.3031005859375
2020-11-03,310.6935729980469
2020-11-04,317.63726806640625
2020-11-05,323.8321228027344
2020-11-06,323.7580871582031
2020-11-09,327.826416015625
2020-11-10,327.3456115722656
2020-11-11,329.7772521972656
2020-11-12,326.5781555175781
2020-11-13,331.0994567871094
2020-11-16,335.2323913574219
2020-11-17,333.42938232421875
2020-11-18,329.41668701171875
2020-11-19,330.8035583496094
2020-11-20,328.5382995605469
2020-11-23,330.5077209472656
2020-11-24,335.8335266113281
2020-11-25,335.3156433105469
2020-11-27,336.24951171875
2020-11-30,334.7608642578125
2020-12-01,338.4222717285156
2020-12-02,339.1342468261719
2020-12-03,339.04180908203125
2020-12-04,341.9635009765625
2020-12-07,341.26080322265625
2020-12-08,342.25946044921875
2020-12-09,339.1896667480469
2020-12-10,339.0787658691406
2020-12-11,338.6812438964844
2020-12-14,337.164794921875
2020-12-15,341.72320556640625
2020-12-16,342.25946044921875
2020-12-17,344.1732482910156
2020-12-18,342.79901123046875
2020-12-21,341.57342529296875
2020-12-22,340.99761962890625
2020-12-23,341.30413818359375
2020-12-24,342.6319580078125
2020-12-28,345.575439453125
2020-12-29,344.9161682128906
2020-12-30,345.40826416015625
2020-12-31,347.1631774902344
2021-01-04,342.43695068359375
2021-01-05,344.79541015625
2021-01-06,346.8568115234375
2021-01-07,352.01019287109375
2021-01-08,354.01580810546875
2021-01-11,351.6294250488281
2021-01-12,351.7037353515625
2021-01-13,352.65087890625
2021-01-14,351.41595458984375
2021-01-15,348.85321044921875
2021-01-19,351.5923156738281
2021-01-20,356.4579162597656
2021-01-21,356.7828674316406
2021-01-22,355.5201110839844
2021-01-25,356.9221496582031
2021-01-26,356.36505126953125
2021-01-27,347.6553039550781
2021-01-28,350.645263671875
2021-01-29,343.6254577636719
2021-02-01,349.3453369140625
2021-02-02,354.28509521484375
2021-02-03,354.563720703125
2021-02-04,358.5934753417969
2021-02-05,360.0049133300781
2021-02-08,362.6048889160156
2021-02-09,362.36346435546875
2021-02-10,362.20556640625
2021-02-11,362.7905578613281
2021-02-12,364.5826110839844
2021-02-16,364.26690673828125
2021-02-17,364.35052490234375
2021-02-18,362.7998962402344
2021-02-19,362.1590881347656
2021-02-22,359.3735656738281
2021-02-23,359.80987548828125
2021-02-24,363.7748718261719
2021-02-25,355.00933837890625
2021-02-26,353.1801452636719
2021-03-01,361.74127197265625
2021-03-02,358.9184875488281
2021-03-03,354.16436767578125
2021-03-04,349.78167724609375
2021-03-05,356.2165222167969
2021-03-08,354.4429931640625
2021-03-09,359.5035095214844
2021-03-10,361.74127197265625
2021-03-11,365.40899658203125
2021-03-12,365.90118408203125
2021-03-15,368.0832824707031
2021-03-16,367.61895751953125
2021-03-17,368.8724365234375
2021-03-18,363.5055236816406
2021-03-19,362.8328857421875
2021-03-22,365.7300720214844
2021-03-23,362.8515625
2021-03-24,361.00701904296875
2021-03-25,363.03790283203125
2021-03-26,368.88818359375
2021-03-29,368.7019958496094
2021-03-30,367.7237548828125
2021-03-31,369.2142028808594
2021-04-01,373.2013854980469
2021-04-05,378.5580749511719
2021-04-06,378.33453369140625
2021-04-07,378.7723083496094
2021-04-08,380.57025146484375
2021-04-09,383.337158203125
2021-04-12,383.47686767578125
2021-04-13,384.61334228515625
2021-04-14,383.29986572265625
2021-04-15,387.41748046875
2021-04-16,388.71234130859375
2021-04-19,386.8026123046875
2021-04-20,383.9705810546875
2021-04-21,387.60382080078125
2021-04-22,384.0636901855469
2021-04-23,388.2279357910156
2021-04-26,389.0382995605469
2021-04-27,388.9544372558594
2021-04-28,388.8427734375
2021-04-29,391.32073974609375
2021-04-30,388.7495422363281
2021-05-03,389.5880432128906
2021-05-04,387.18450927734375
2021-05-05,387.3055725097656
2021-05-06,390.3985290527344
2021-05-07,393.23980712890625
2021-05-10,389.34576416015625
2021-05-11,385.8710021972656
2021-05-12,377.6730041503906
2021-05-13,382.2098388671875
2021-05-14,388.078857421875
2021-05-17,387.0914001464844
2021-05-18,383.75634765625
2021-05-19,382.7501525878906
2021-05-20,386.86773681640625
2021-05-21,386.5510559082031
2021-05-24,390.4916687011719
2021-05-25,389.6252746582031
2021-05-26,390.3985290527344
2021-05-27,390.6034240722656
2021-05-28,391.30206298828125
2021-06-01,390.9574279785156
2021-06-02,391.572265625
2021-06-03,390.1190490722656
2021-06-04,393.6869812011719
2021-06-07,393.3049621582031
2021-06-08,393.3888244628906
2021-06-09,392.8019714355469
2021-06-10,394.62786865234375
2021-06-11,395.2799987792969
2021-06-14,396.1650085449219
2021-06-15,395.4383850097656
2021-06-16,393.23046875
2021-06-17,393.10003662109375
2021-06-18,387.7969055175781
2021-06-21,393.3487243652344
2021-06-22,395.45159912109375
2021-06-23,394.9749450683594
2021-06-24,397.3114929199219
2021-06-25,398.7227478027344
2021-06-28,399.5265808105469
2021-06-29,399.7416076660156
2021-06-30,400.0780334472656
2021-07-01,402.2931213378906
2021-07-02,405.3680419921875
2021-07-06,404.62969970703125
2021-07-07,406.0596618652344
2021-07-08,402.7510986328125
2021-07-09,407.0503845214844
2021-07-12,408.50836181640625
2021-07-13,407.1158142089844
2021-07-14,407.7232971191406
2021-07-15,406.3306884765625
2021-07-16,403.14361572265625
2021-07-19,397.19000244140625
2021-07-20,402.88189697265625
2021-07-21,406.143798828125
2021-07-22,406.9942626953125
2021-07-23,411.1815185546875
2021-07-26,412.1908874511719
2021-07-27,410.3122253417969
2021-07-28,410.1440124511719
2021-07-29,411.8450012207031
2021-07-30,409.8449401855469
2021-08-02,408.9850769042969
2021-08-03,412.3123474121094
2021-08-04,410.2842102050781
2021-08-05,412.8825378417969
2021-08-06,413.564697265625
2021-08-09,413.2283020019531
2021-08-10,413.74237060546875
2021-08-11,414.7703857421875
2021-08-12,416.01348876953125
2021-08-13,416.77056884765625
2021-08-16,417.7519226074219
2021-08-17,415.0133972167969
2021-08-18,410.47113037109375
2021-08-19,411.106689453125
2021-08-20,414.37786865234375
2021-08-23,418.02294921875
2021-08-24,418.6864929199219
2021-08-25,419.5650939941406
2021-08-26,417.0883483886719
2021-08-27,420.81756591796875
2021-08-30,422.66802978515625
2021-08-31,422.0418701171875
2021-09-01,422.26617431640625
2021-09-02,423.5652770996094
2021-09-03,423.4624328613281
2021-09-07,421.94842529296875
2021-09-08,421.4344177246094
2021-09-09,419.6305236816406
2021-09-10,416.32196044921875
2021-09-13,417.3874206542969
2021-09-14,415.1349792480469
2021-09-15,418.6024475097656
2021-09-16,417.9388122558594
2021-09-17,413.8677062988281
2021-09-20,406.9667663574219
2021-09-21,406.5823059082031
2021-09-22,410.5484619140625
2021-09-23,415.5366516113281
2021-09-24,416.2210998535156
2021-09-27,415.0303039550781
2021-09-28,406.666748046875
2021-09-29,407.3511962890625
2021-09-30,402.3724060058594
2021-10-01,407.1542663574219
2021-10-04,401.9035949707031
2021-10-05,406.08538818359375
2021-10-06,407.7731018066406
2021-10-07,411.298583984375
2021-10-08,410.5484619140625
2021-10-11,407.5762023925781
2021-10-12,406.5729064941406
2021-10-13,408.0356140136719
2021-10-14,414.8990783691406
2021-10-15,418.0588684082031
2021-10-18,419.2965393066406
2021-10-19,422.53131103515625
2021-10-20,424.19097900390625
2021-10-21,425.2972717285156
2021-10-22,424.856689453125
2021-10-25,427.1350402832031
2021-10-26,427.51947021484375
2021-10-27,425.6254577636719
2021-10-28,429.73223876953125
2021-10-29,430.6042785644531
2021-11-01,431.3450012207031
2021-11-02,433.0890197753906
2021-11-03,435.7331237792969
2021-11-04,437.78643798828125
2021-11-05,439.3053894042969
2021-11-08,439.6804504394531
2021-11-09,438.2272033691406
2021-11-10,434.7017517089844
2021-11-11,434.84234619140625
2021-11-12,438.12396240234375
2021-11-15,438.2740173339844
2021-11-16,440.0086364746094
2021-11-17,438.93975830078125
2021-11-18,440.4305419921875
2021-11-19,439.6429443359375
2021-11-22,438.40533447265625
2021-11-23,438.9866638183594
2021-11-24,440.15869140625
2021-11-26,430.3417053222656
2021-11-29,435.62060546875
2021-11-30,427.1444091796875
2021-12-01,422.4000549316406
2021-12-02,428.8697204589844
2021-12-03,425.137939453125
2021-12-06,430.1730041503906
2021-12-07,439.071044921875
2021-12-08,440.2337341308594
2021-12-09,437.26141357421875
2021-12-10,441.3775939941406
2021-12-13,437.4676818847656
2021-12-14,434.4578552246094
2021-12-15,441.2462463378906
2021-12-16,437.355224609375
2021-12-17,432.700439453125
2021-12-20,428.0993347167969
2021-12-21,435.70196533203125
2021-12-22,440.0583801269531
2021-12-23,442.79644775390625
2021-12-27,449.06304931640625
2021-12-28,448.6960754394531
2021-12-29,449.2700500488281
2021-12-30,448.028076171875
2021-12-31,446.8988952636719
2022-01-03,449.4864501953125
2022-01-04,449.33587646484375
2022-01-05,440.70770263671875
2022-01-06,440.29364013671875
2022-01-07,438.552978515625
2022-01-10,438.00726318359375
2022-01-11,441.99676513671875
2022-01-12,443.1916809082031
2022-01-13,437.0851135253906
2022-01-14,437.2639465332031
2022-01-18,429.5201721191406
2022-01-19,425.0602722167969
2022-01-20,420.3555908203125
2022-01-21,412.103759765625
2022-01-24,413.8538513183594
2022-01-25,408.801025390625
2022-01-26,407.7754211425781
2022-01-27,405.7619323730469
2022-01-28,415.8392333984375
2022-01-31,423.3288879394531
2022-02-01,426.1893310546875
2022-02-02,430.3293762207031
2022-02-03,420.21441650390625
2022-02-04,422.1904602050781
2022-02-07,420.83551025390625
2022-02-08,424.29803466796875
2022-02-09,430.50811767578125
2022-02-10,422.7738037109375
2022-02-11,414.4372253417969
2022-02-14,413.0822448730469
2022-02-15,419.7440185546875
2022-02-16,420.21441650390625
2022-02-17,411.2380676269531
2022-02-18,408.5753173828125
2022-02-22,404.1905822753906
2022-02-23,397.0209045410156
2022-02-24,402.99560546875
2022-02-25,411.8873596191406
2022-02-28,410.8334655761719
2022-03-01,404.576416015625
2022-03-02,412.0191345214844
2022-03-03,409.9678039550781
2022-03-04,406.6369934082031
2022-03-07,394.6496887207031
2022-03-08,391.6575622558594
2022-03-09,402.1582336425781
2022-03-10,400.3422546386719
2022-03-11,395.2519226074219
2022-03-14,392.3631896972656
2022-03-15,400.9914855957031
2022-03-16,409.88311767578125
2022-03-17,415.0112609863281
2022-03-18,419.556640625
2022-03-21,419.43402099609375
2022-03-22,424.3420104980469
2022-03-23,418.87713623046875
2022-03-24,425.19146728515625
2022-03-25,427.2679443359375
2022-03-28,430.3070373535156
2022-03-29,435.63031005859375
2022-03-30,432.9404296875
2022-03-31,426.27691650390625
2022-04-01,427.4850158691406
2022-04-04,431.1470947265625
2022-04-05,425.701171875
2022-04-06,421.44439697265625
2022-04-07,423.56805419921875
2022-04-08,422.4354553222656
2022-04-11,415.2150573730469
2022-04-12,413.6766357421875
2022-04-13,418.4146423339844
2022-04-14,413.2047424316406
2022-04-18,413.3745422363281
2022-04-19,420.04754638671875
2022-04-20,419.73602294921875
2022-04-21,413.45947265625
2022-04-22,402.114501953125
2022-04-25,404.44580078125
2022-04-26,392.7327575683594
2022-04-27,393.8370056152344
2022-04-28,403.78515625
2022-04-29,388.8630065917969
2022-05-02,391.2037353515625
2022-05-03,392.99700927734375
2022-05-04,404.9649658203125
2022-05-05,390.57135009765625
2022-05-06,388.24005126953125
2022-05-09,375.8096618652344
2022-05-10,376.677978515625
2022-05-11,370.6940612792969
2022-05-12,370.30706787109375
2022-05-13,379.1602783203125
2022-05-16,377.62176513671875
2022-05-17,385.3896789550781
2022-05-18,369.8539733886719
2022-05-19,367.5887451171875
2022-05-20,367.7492370605469
2022-05-23,374.6298828125
2022-05-24,371.76995849609375
2022-05-25,375.0545959472656
2022-05-26,382.54864501953125
2022-05-27,391.9398498535156
2022-05-31,389.74066162109375
2022-06-01,386.58837890625
2022-06-02,393.9503479003906
2022-06-03,387.4849548339844
2022-06-06,388.664794921875
2022-06-07,392.3929138183594
2022-06-08,388.12677001953125
2022-06-09,378.89599609375
2022-06-10,367.9096374511719
2022-06-13,353.94073486328125
2022-06-14,352.874267578125
2022-06-15,357.9049072265625
2022-06-16,346.0596923828125
2022-06-17,346.8056945800781
2022-06-21,355.53607177734375
2022-06-22,354.8915710449219
2022-06-23,358.3703308105469
2022-06-24,369.7643127441406
2022-06-27,368.3520202636719
2022-06-28,360.8254699707031
2022-06-29,360.5316162109375
2022-06-30,357.60260009765625
2022-07-01,361.38470458984375
2022-07-05,362.0672912597656
2022-07-06,363.29010009765625
2022-07-07,368.7311096191406
2022-07-08,368.42779541015625
2022-07-11,364.2190856933594
2022-07-12,360.9960632324219
2022-07-13,359.1002502441406
2022-07-14,358.2282409667969
2022-07-15,365.07208251953125
2022-07-18,362.0577697753906
2022-07-19,371.8402099609375
2022-07-20,374.2101135253906
2022-07-21,378.020751953125
2022-07-22,374.5134582519531
2022-07-25,374.96844482421875
2022-07-26,370.5321350097656
2022-07-27,380.153564453125
2022-07-28,384.92156982421875
2022-07-29,390.5332946777344
2022-08-01,389.37677001953125
2022-08-02,386.8079833984375
2022-08-03,392.8651428222656
2022-08-04,392.5997314453125
2022-08-05,391.9361877441406
2022-08-08,391.48114013671875
2022-08-09,389.9266052246094
2022-08-10,398.1166076660156
2022-08-11,398.1166076660156
2022-08-12,404.8563232421875
2022-08-15,406.52459716796875
2022-08-16,407.32098388671875
2022-08-17,404.4298400878906
2022-08-18,405.60516357421875
2022-08-19,400.1546325683594
2022-08-22,391.822509765625
2022-08-23,390.87451171875
2022-08-24,392.12579345703125
2022-08-25,397.66162109375
2022-08-26,384.2011413574219
2022-08-29,381.6607666015625
2022-08-30,377.4709167480469
2022-08-31,374.5987854003906
2022-09-01,375.7742004394531
2022-09-02,371.8118591308594
2022-09-06,370.4089660644531
2022-09-07,377.06341552734375
2022-09-08,379.5279235839844
2022-09-09,385.42401123046875
2022-09-12,389.5664367675781
2022-09-13,372.6270751953125
2022-09-14,374.04901123046875
2022-09-15,369.80224609375
2022-09-16,366.9811096191406
2022-09-19,369.8269958496094
2022-09-20,365.5819396972656
2022-09-21,359.20477294921875
2022-09-22,356.1875
2022-09-23,350.2196960449219
2022-09-26,346.75506591796875
2022-09-27,345.869873046875
2022-09-28,352.6753234863281
2022-09-29,345.308349609375
2022-09-30,339.9686279296875
2022-10-03,348.9442443847656
2022-10-04,359.75677490234375
2022-10-05,358.9191589355469
2022-10-06,355.2167053222656
2022-10-07,345.308349609375
2022-10-10,342.6717834472656
2022-10-11,340.5016784667969
2022-10-12,339.3785095214844
2022-10-13,348.3350830078125
2022-10-14,340.39697265625
2022-10-17,349.14410400390625
2022-10-18,353.24639892578125
2022-10-19,350.7431335449219
2022-10-20,347.8020935058594
2022-10-21,356.25421142578125
2022-10-24,360.6134338378906
2022-10-25,366.3719482421875
2022-10-26,363.6116638183594
2022-10-27,361.6700744628906
2022-10-28,370.27435302734375
2022-10-31,367.5997314453125
2022-11-01,365.9911804199219
2022-11-02,356.80621337890625
2022-11-03,353.1321716308594
2022-11-04,358.2149353027344
2022-11-07,361.6414489746094
2022-11-08,363.5926513671875
2022-11-09,356.1018981933594
2022-11-10,375.671142578125
2022-11-11,379.3070373535156
2022-11-14,376.08038330078125
2022-11-15,379.28802490234375
2022-11-16,376.39453125
2022-11-17,375.2428894042969
2022-11-18,376.9466247558594
2022-11-21,375.575927734375
2022-11-22,380.63006591796875
2022-11-23,383.0286865234375
2022-11-25,382.9429931640625
2022-11-28,376.8323669433594
2022-11-29,376.18511962890625
2022-11-30,388.0352478027344
2022-12-01,387.74969482421875
2022-12-02,387.3022766113281
2022-12-05,380.3350830078125
2022-12-06,374.85260009765625
2022-12-07,374.2148742675781
2022-12-08,377.1465148925781
2022-12-09,374.3290710449219
2022-12-12,379.7258605957031
2022-12-13,382.600341796875
2022-12-14,380.1542053222656
2022-12-15,370.8550109863281
2022-12-16,366.4765930175781
2022-12-19,363.36895751953125
2022-12-20,363.86627197265625
2022-12-21,369.306884765625
2022-12-22,364.0382995605469
2022-12-23,366.1324157714844
2022-12-27,364.6885986328125
2022-12-28,360.15625
2022-12-29,366.6391296386719
2022-12-30,365.6734313964844
2023-01-03,364.13397216796875
2023-01-04,366.9450988769531
2023-01-05,362.7570495605469
2023-01-06,371.0758361816406
2023-01-09,370.865478515625
2023-01-10,373.4662780761719
2023-01-11,378.18988037109375
2023-01-12,379.5667724609375
2023-01-13,381.0392761230469
2023-01-17,380.34124755859375
2023-01-18,374.3363952636719
2023-01-19,371.6113586425781
2023-01-20,378.5340881347656
2023-01-23,383.0759582519531
2023-01-24,382.6647644042969
2023-01-25,382.8082275390625
2023-01-26,387.01544189453125
2023-01-27,387.9046936035156
2023-01-30,383.0377197265625
2023-01-31,388.6696472167969
2023-02-01,392.80035400390625
2023-02-02,398.518310546875
2023-02-03,394.2824401855469
2023-02-06,391.87286376953125
2023-02-07,396.9979248046875
2023-02-08,392.6568603515625
2023-02-09,389.2529602050781
2023-02-10,390.1612854003906
2023-02-13,394.74139404296875
2023-02-14,394.5597839355469
2023-02-15,395.841064453125
2023-02-16,390.3907470703125
2023-02-17,389.41546630859375
2023-02-21,381.6034240722656
2023-02-22,381.0776062011719
2023-02-23,383.1046142578125
2023-02-24,379.01214599609375
2023-02-27,380.3030700683594
2023-02-28,378.8974914550781
2023-03-01,377.44403076171875
2023-03-02,380.3795166015625
2023-03-03,386.47998046875
2023-03-06,386.7476806640625
2023-03-07,380.8193664550781
2023-03-08,381.4408874511719
2023-03-09,374.4033508300781
2023-03-10,369.00091552734375
2023-03-13,368.4749755859375
2023-03-14,374.5660400390625
2023-03-15,372.2232360839844
2023-03-16,378.7539978027344
2023-03-17,374.3253479003906
2023-03-20,377.9247131347656
2023-03-21,382.8870544433594
2023-03-22,376.3601379394531
2023-03-23,377.3775329589844
2023-03-24,379.8539733886719
2023-03-27,380.5643005371094
2023-03-28,379.7099914550781
2023-03-29,385.2290344238281
2023-03-30,387.4846496582031
2023-03-31,392.9461364746094
2023-04-03,394.44342041015625
2023-04-04,392.25506591796875
2023-04-05,391.22802734375
2023-04-06,392.7541198730469
2023-04-10,393.1571960449219
2023-04-11,393.2628173828125
2023-04-12,391.6598815917969
2023-04-13,396.86224365234375
2023-04-14,395.8927917480469
2023-04-17,397.3133544921875
2023-04-18,397.5724792480469
2023-04-19,397.50537109375
2023-04-20,395.3360900878906
2023-04-21,395.6432189941406
2023-04-24,396.0559997558594
2023-04-25,389.76904296875
2023-04-26,388.1181335449219
2023-04-27,395.8448181152344
2023-04-28,399.22344970703125
2023-05-01,398.82025146484375
2023-05-02,394.33782958984375
2023-05-03,391.6311340332031
2023-05-04,388.8572692871094
2023-05-05,396.0559997558594
2023-05-08,396.16156005859375
2023-05-09,394.42425537109375
2023-05-10,396.26708984375
2023-05-11,395.5760498046875
2023-05-12,395.0577392578125
2023-05-15,396.42071533203125
2023-05-16,393.7715759277344
2023-05-17,398.5516052246094
2023-05-18,402.3908996582031
2023-05-19,401.80535888671875
2023-05-22,401.96856689453125
2023-05-23,397.4573669433594
2023-05-24,394.57781982421875
2023-05-25,397.9948425292969
2023-05-26,403.1491394042969
2023-05-30,403.30267333984375
2023-05-31,401.0663146972656
2023-06-01,404.8768615722656
2023-06-02,410.7318420410156
2023-06-05,409.9447937011719
2023-06-06,410.83740234375
2023-06-07,409.4168395996094
2023-06-08,411.8931579589844
2023-06-09,412.63226318359375
2023-06-12,416.37567138671875
2023-06-13,419.1206970214844
2023-06-14,419.6198425292969
2023-06-15,424.8221740722656
2023-06-16,423.3751220703125
2023-06-20,421.1785583496094
2023-06-21,419.02056884765625
2023-06-22,420.53314208984375
2023-06-23,417.3539123535156
2023-06-26,415.6487121582031
2023-06-27,420.20562744140625
2023-06-28,420.4174499511719
2023-06-29,422.07452392578125
2023-06-30,427.05535888671875
2023-07-03,427.546630859375
2023-07-05,426.9108581542969
2023-07-06,423.5678405761719
2023-07-07,422.4984130859375
2023-07-10,423.5678405761719
2023-07-11,426.26531982421875
2023-07-12,429.6950378417969
2023-07-13,433.10540771484375
2023-07-14,432.835693359375
2023-07-17,434.3386535644531
2023-07-18,437.5660400390625
2023-07-19,438.5390625
2023-07-20,435.62957763671875
2023-07-21,435.62957763671875
2023-07-24,437.5757141113281
2023-07-25,438.770263671875
2023-07-26,438.8376770019531
2023-07-27,435.9282531738281
2023-07-28,440.1960754394531
2023-07-31,441.03424072265625
2023-08-01,439.7722473144531
2023-08-02,433.65460205078125
2023-08-03,432.4118347167969
2023-08-04,430.4560852050781
2023-08-07,434.21337890625
2023-08-08,432.3251647949219
2023-08-09,429.43487548828125
2023-08-10,429.58905029296875
2023-08-11,429.33856201171875
2023-08-14,431.70849609375
2023-08-15,426.6795654296875
2023-08-16,423.548583984375
2023-08-17,420.3211669921875
2023-08-18,420.5234680175781
2023-08-21,423.2595520019531
2023-08-22,422.1131286621094
2023-08-23,426.814453125
2023-08-24,420.8992004394531
2023-08-25,423.86651611328125
2023-08-28,426.55438232421875
2023-08-29,432.72015380859375
2023-08-30,434.5024108886719
2023-08-31,433.8665466308594
2023-09-01,434.67584228515625
2023-09-05,432.79718017578125
2023-09-06,429.8876647949219
2023-09-07,428.56787109375
2023-09-08,429.2133483886719
2023-09-11,432.0361022949219
2023-09-12,429.6661376953125
2023-09-13,430.1671447753906
2023-09-14,433.87615966796875
2023-09-15,428.6487121582031
2023-09-18,428.900146484375
2023-09-19,428.01068115234375
2023-09-20,424.07574462890625
2023-09-21,417.0664978027344
2023-09-22,416.1286926269531
2023-09-25,417.8786315917969
2023-09-26,411.73944091796875
2023-09-27,411.90374755859375
2023-09-28,414.291748046875
2023-09-29,413.2863464355469
2023-10-02,413.12200927734375
2023-10-03,407.59185791015625
2023-10-04,410.5599365234375
2023-10-05,410.40521240234375
2023-10-06,415.2779541015625
2023-10-09,417.9366149902344
2023-10-10,420.1119079589844
2023-10-11,421.83282470703125
2023-10-12,419.2611083984375
2023-10-13,417.1728210449219
2023-10-16,421.5621032714844
2023-10-17,421.542724609375
2023-10-18,415.9256286621094
2023-10-19,412.27117919921875
2023-10-20,407.20513916015625
2023-10-23,406.4993896484375
2023-10-24,409.56414794921875
2023-10-25,403.6859436035156
2023-10-26,398.85205078125
2023-10-27,397.0441589355469
2023-10-30,401.79107666015625
2023-10-31,404.3144836425781
2023-11-01,408.6263427734375
2023-11-02,416.4574279785156
2023-11-03,420.2569274902344
2023-11-06,421.2237243652344
2023-11-07,422.42254638671875
2023-11-08,422.73193359375
2023-11-09,419.4351501464844
2023-11-10,425.9803161621094
2023-11-13,425.5743103027344
2023-11-14,433.83074951171875
2023-11-15,434.74920654296875
2023-11-16,435.2809143066406
2023-11-17,435.8223571777344
2023-11-20,439.1771240234375
2023-11-21,438.2200012207031
2023-11-22,439.91192626953125
2023-11-24,440.1826171875
2023-11-27,439.3898620605469
2023-11-28,439.8249206542969
2023-11-29,439.5155029296875
2023-11-30,441.2460632324219
2023-12-01,443.8564147949219
2023-12-04,441.5265197753906
2023-12-05,441.4394226074219
2023-12-06,439.6605224609375
2023-12-07,443.0153503417969
2023-12-08,444.919921875
2023-12-11,446.65045166015625
2023-12-12,448.6903991699219
2023-12-13,454.87786865234375
2023-12-14,456.3377685546875
2023-12-15,455.58636474609375
2023-12-18,458.149169921875
2023-12-19,460.9350280761719
2023-12-20,454.5478210449219
2023-12-21,458.8577575683594
2023-12-22,459.7799072265625
2023-12-26,461.72137451171875
2023-12-27,462.55621337890625
2023-12-28,462.73089599609375
2023-12-29,461.3913269042969
2024-01-02,458.8092041015625
2024-01-03,455.0622863769531
2024-01-04,453.5964660644531
2024-01-05,454.2177734375
2024-01-08,460.7021484375
2024-01-09,460.003173828125
2024-01-10,462.6047058105469
2024-01-11,462.4008483886719
2024-01-12,462.72119140625
2024-01-16,461.02239990234375
2024-01-17,458.4598083496094
2024-01-18,462.53680419921875
2024-01-19,468.3028259277344
2024-01-22,469.2929382324219
2024-01-23,470.66168212890625
2024-01-24,471.1761779785156
2024-01-25,473.73883056640625
2024-01-26,473.1369934082031
2024-01-29,476.8839111328125
2024-01-30,476.5150451660156
2024-01-31,468.73968505859375
2024-02-01,474.8746032714844
2024-02-02,479.873779296875
2024-02-05,478.1264953613281
2024-02-06,479.5146179199219
2024-02-07,483.51397705078125
2024-02-08,483.7275390625
2024-02-09,486.5232238769531
2024-02-12,486.30963134765625
2024-02-13,479.6116638183594
2024-02-14,483.9701843261719
2024-02-15,487.3094177246094
2024-02-16,484.88262939453125
2024-02-20,482.2131652832031
2024-02-21,482.6500244140625
2024-02-22,492.6387023925781
2024-02-23,492.978515625
2024-02-26,491.17291259765625
2024-02-27,492.0853271484375
2024-02-28,491.4350280761719
2024-02-29,493.20166015625
2024-03-01,497.8320007324219
2024-03-04,497.2981262207031
2024-03-05,492.32806396484375
2024-03-06,494.8227844238281
2024-03-07,499.7346496582031
2024-03-08,496.73516845703125
2024-03-11,496.3079833984375
2024-03-12,501.6469421386719
2024-03-13,500.8606872558594
2024-03-14,499.8705749511719
2024-03-15,496.4381103515625
2024-03-18,499.3885192871094
2024-03-19,502.1636962890625
2024-03-20,506.808349609375
2024-03-21,508.4832458496094
2024-03-22,507.519287109375
2024-03-25,506.1170959472656
2024-03-26,505.1822509765625
2024-03-27,509.4276428222656
2024-03-28,509.330322265625
2024-04-01,508.4443054199219
2024-04-02,505.21148681640625
2024-04-03,505.7665100097656
2024-04-04,499.59307861328125
2024-04-05,504.8121643066406
2024-04-08,505.0945129394531
2024-04-09,505.67889404296875
2024-04-10,500.61541748046875
2024-04-11,504.3935241699219
2024-04-12,497.4313659667969
2024-04-15,491.1994934082031
2024-04-16,490.30364990234375
2024-04-17,487.40185546875
2024-04-18,486.39892578125
2024-04-19,482.1534729003906
2024-04-22,486.5937194824219
2024-04-23,492.3678894042969
2024-04-24,492.13421630859375
2024-04-25,490.26470947265625
2024-04-26,494.9093933105469
2024-04-29,496.66204833984375
2024-04-30,488.79437255859375
2024-05-01,487.2071838378906
2024-05-02,491.7641906738281
2024-05-03,497.85980224609375
2024-05-06,503.0010986328125
2024-05-07,503.5561218261719
2024-05-08,503.604736328125
2024-05-09,506.506591796875
2024-05-10,507.15899658203125
2024-05-13,507.22698974609375
2024-05-14,509.5542297363281
2024-05-15,515.8640747070312
2024-05-16,514.802734375
2024-05-17,515.542724609375
2024-05-20,516.1367797851562
2024-05-21,517.4025268554688
2024-05-22,515.9129028320312
2024-05-23,512.1444702148438
2024-05-24,515.5331420898438
2024-05-28,515.893310546875
2024-05-29,512.28076171875
2024-05-30,508.8824768066406
2024-05-31,513.5174560546875
2024-06-03,513.93603515625
2024-06-04,514.5106201171875
2024-06-05,520.6256103515625
2024-06-06,520.6158447265625
2024-06-07,519.9830322265625
2024-06-10,521.5896606445312
2024-06-11,522.8457641601562
2024-06-12,527.139892578125
2024-06-13,528.2012939453125
2024-06-14,528.522705078125
2024-06-17,532.7291259765625
2024-06-18,534.0825805664062
2024-06-20,532.6317138671875
2024-06-21,531.917724609375
2024-06-24,530.1885986328125
2024-06-25,532.2303466796875
2024-06-26,532.8945922851562
2024-06-27,533.734619140625
2024-06-28,531.6344604492188
2024-07-01,532.7284545898438
2024-07-02,536.3135986328125
2024-07-03,538.7070922851562
2024-07-05,541.8134765625
2024-07-08,542.4385986328125
2024-07-09,542.9661254882812
2024-07-10,548.3389282226562
2024-07-11,543.6107788085938
2024-07-12,547.0396728515625
2024-07-15,548.5441284179688
2024-07-16,551.7969970703125
2024-07-17,544.0602416992188
2024-07-18,539.879150390625
2024-07-19,536.2940673828125
2024-07-22,541.8231811523438
2024-07-23,540.973388671875
2024-07-24,528.7135620117188
2024-07-25,525.958740234375
2024-07-26,531.849365234375
2024-07-29,532.161865234375
2024-07-30,529.4656982421875
2024-07-31,538.0719604492188
2024-08-01,530.452392578125
2024-08-02,520.576171875
2024-08-05,505.4151306152344
2024-08-06,510.0747985839844
2024-08-07,506.66546630859375
2024-08-08,518.3782958984375
2024-08-09,520.6640625
2024-08-12,520.9376831054688
2024-08-13,529.5046997070312
2024-08-14,531.1753540039062
2024-08-15,540.2796630859375
2024-08-16,541.4910278320312
2024-08-19,546.66845703125
2024-08-20,545.7794799804688
2024-08-21,547.6551513671875
2024-08-22,543.3568115234375
2024-08-23,549.1302490234375
2024-08-26,547.8211669921875
2024-08-27,548.5733032226562
2024-08-28,545.3887939453125
2024-08-29,545.4375610351562
2024-08-30,550.6443481445312
2024-09-03,539.3126831054688
2024-09-04,538.208740234375
2024-09-05,536.8997192382812
2024-09-06,527.8636474609375
2024-09-09,533.7737426757812
2024-09-10,536.0986938476562
2024-09-11,541.5985107421875
2024-09-12,546.1604614257812
2024-09-13,549.0130004882812
2024-09-16,549.82373046875
2024-09-17,550.0484008789062
2024-09-18,548.4171752929688
2024-09-19,557.7755126953125
2024-09-20,556.8114013671875
2024-09-23,558.2028198242188
2024-09-24,559.7998657226562
2024-09-25,558.5652465820312
2024-09-26,560.77978515625
2024-09-27,559.9664916992188
2024-09-30,562.2103881835938
2024-10-01,557.1738891601562
2024-10-02,557.4090576171875
2024-10-03,556.3900146484375
2024-10-04,561.4461059570312
2024-10-07,556.3704223632812
2024-10-08,561.6322631835938
2024-10-09,565.5224609375
2024-10-10,564.5327758789062
2024-10-11,567.913330078125
2024-10-14,572.5579833984375
2024-10-15,568.1093139648438
2024-10-16,570.5784912109375
2024-10-17,570.6275634765625
2024-10-18,572.822509765625
2024-10-21,571.8817138671875
2024-10-22,571.5780029296875
2024-10-23,566.355224609375
2024-10-24,567.580078125
2024-10-25,567.3840942382812
2024-10-28,569.1380615234375
2024-10-29,570.0592041015625
2024-10-30,568.3346557617188
2024-10-31,557.1934814453125
2024-11-01,559.5452270507812
2024-11-04,558.3399047851562
2024-11-05,565.09130859375
2024-11-06,579.1425170898438
2024-11-07,583.6207275390625
2024-11-08,586.148681640625
2024-11-11,586.7072143554688
2024-11-12,584.8846435546875
2024-11-13,585.1688232421875
2024-11-14,581.4061279296875
2024-11-15,573.9591064453125
2024-11-18,576.3108520507812
2024-11-19,578.4174194335938
2024-11-20,578.6134033203125
2024-11-21,581.7196044921875
2024-11-22,583.5225830078125
2024-11-25,585.5020141601562
2024-11-26,588.55908203125
2024-11-27,586.7758178710938
2024-11-29,590.4209594726562
2024-12-02,591.4791259765625
2024-12-03,591.7534790039062
2024-12-04,595.4280395507812
2024-12-05,594.4481201171875
2024-12-06,595.5750122070312
2024-12-09,592.508056640625
2024-12-10,590.6658935546875
2024-12-11,595.2321166992188
2024-12-12,592.1651000976562
2024-12-13,592.0474853515625
2024-12-16,594.5756225585938
2024-12-17,592.1259155273438
2024-12-18,574.4784545898438
2024-12-19,574.3020629882812
2024-12-20,581.2000122070312
2024-12-23,584.6803588867188
2024-12-24,591.1790771484375
2024-12-26,591.2183837890625
2024-12-27,584.9949951171875
2024-12-30,578.3192749023438
2024-12-31,576.21533203125
2025-01-02,574.7994384765625
2025-01-03,581.9864501953125
2025-01-06,585.339111328125
2025-01-07,578.722412109375
2025-01-08,579.56787109375
2025-01-10,570.7192993164062
2025-01-13,571.6043090820312
2025-01-14,572.3907470703125
2025-01-15,582.802490234375
2025-01-16,581.6817016601562
2025-01-17,587.5217895507812
2025-01-21,592.8995971679688
2025-01-22,596.232666015625
2025-01-23,599.4868774414062
2025-01-24,597.7367553710938
2025-01-27,589.2815551757812
2025-01-28,594.3449096679688
2025-01-29,591.6806030273438
2025-01-30,594.8560791015625
2025-01-31,591.6903076171875
2025-02-03,587.70849609375
2025-02-04,591.6510620117188
2025-02-05,594.0499877929688
2025-02-06,596.1146240234375
2025-02-07,590.6580810546875
2025-02-10,594.6693725585938
2025-02-11,595.12158203125
2025-02-12,593.2044677734375
2025-02-13,599.4672241210938
2025-02-14,599.4376220703125
2025-02-18,601.1975708007812
2025-02-19,602.6133422851562
2025-02-20,600.1063232421875
2025-02-21,589.842041015625
2025-02-24,587.157958984375
2025-02-25,584.2379150390625
2025-02-26,584.5328369140625
2025-02-27,575.2025756835938
2025-02-28,584.1788940429688
2025-03-03,573.9441528320312
2025-03-04,567.1504516601562
2025-03-05,573.2460327148438
2025-03-06,563.0703125
2025-03-07,566.2262573242188
2025-03-10,551.1445922851562
2025-03-11,546.5629272460938
2025-03-12,549.4633178710938
2025-03-13,542.1386108398438
2025-03-14,553.3369750976562
2025-03-17,557.6038208007812
2025-03-18,551.5770263671875
2025-03-19,557.5841674804688
2025-03-20,555.9718627929688
2025-03-21,556.1552124023438
2025-03-24,566.1151733398438
2025-03-25,567.4760131835938
2025-03-26,560.7012939453125
2025-03-27,559.2122192382812
2025-03-28,547.95068359375
2025-03-31,551.6289672851562
2025-04-01,553.1870727539062
2025-04-02,556.6878051757812
2025-04-03,529.2537231445312
2025-04-04,498.26971435546875
2025-04-07,497.3822021484375
2025-04-08,489.591796875
2025-04-09,541.0084228515625
2025-04-10,517.3019409179688
2025-04-11,526.5320434570312
2025-04-14,531.64013671875
2025-04-15,530.151123046875
2025-04-16,518.3668823242188
2025-04-17,519.1065063476562
2025-04-21,506.7503967285156
2025-04-22,519.9348754882812
2025-04-23,527.991455078125
2025-04-24,539.1051635742188
2025-04-25,543.0003662109375
2025-04-28,543.2074584960938
2025-04-29,546.6292724609375
2025-04-30,546.8462524414062
2025-05-01,550.7216796875
2025-05-02,558.8967895507812
2025-05-05,555.6917724609375
2025-05-06,551.047119140625
2025-05-07,553.3645629882812
2025-05-08,557.22021484375
2025-05-09,556.5103149414062
2025-05-12,574.9015502929688
2025-05-13,578.6981811523438
2025-05-14,579.4376831054688
2025-05-15,582.2678833007812
2025-05-16,585.9559936523438
2025-05-19,586.596923828125
2025-05-20,584.6246948242188
2025-05-21,574.7732543945312
2025-05-22,575.0001831054688
2025-05-23,571.0753173828125
2025-05-27,582.9483642578125
2025-05-28,579.5758056640625
2025-05-29,581.863525390625
2025-05-30,581.2128295898438
2025-06-02,584.4866943359375
2025-06-03,587.8197631835938
2025-06-04,587.6619262695312
2025-06-05,584.8218994140625
2025-06-06,590.8274536132812
2025-06-09,591.3599243164062
2025-06-10,594.7127685546875
2025-06-11,593.0166625976562
2025-06-12,595.3734741210938
2025-06-13,588.7172241210938
2025-06-16,594.3182983398438
2025-06-17,589.2398071289062
2025-06-18,589.1510009765625
2025-06-20,587.7674560546875
2025-06-23,593.5730590820312
2025-06-24,600.13037109375
2025-06-25,600.4666748046875
2025-06-26,605.1646118164062
2025-06-27,608.1712646484375
2025-06-30,611.0790405273438
2025-07-01,610.8812866210938
2025-07-02,613.650634765625
2025-07-03,618.487060546875
2025-07-07,613.8779907226562
2025-07-08,613.5418090820312
2025-07-09,617.2210083007812
2025-07-10,618.961669921875
2025-07-11,616.785888671875
2025-07-14,617.9627685546875
2025-07-15,615.3220825195312
2025-07-16,617.3792114257812
2025-07-17,621.1574096679688
2025-07-18,620.7024536132812
2025-07-21,621.87939453125
2025-07-22,621.9683837890625
2025-07-23,627.259765625
2025-07-24,627.4674682617188
2025-07-25,630.1181030273438
2025-07-28,629.9598999023438
2025-07-29,628.2982788085938
2025-07-30,627.507080078125
2025-07-31,625.1531372070312
2025-08-01,614.9065551757812
2025-08-04,624.2531127929688
2025-08-05,621.088134765625
2025-08-06,625.845458984375
2025-08-07,625.3212890625
2025-08-08,630.1972045898438
2025-08-11,628.9510498046875
2025-08-12,635.6468505859375
2025-08-13,637.82275390625
2025-08-14,637.882080078125
2025-08-15,636.3886108398438
2025-08-18,636.2501831054688
2025-08-19,632.7984008789062
2025-08-20,631.1170043945312
2025-08-21,628.5851440429688
2025-08-22,638.2382202148438
2025-08-25,635.4292602539062
2025-08-26,638.0897827148438
2025-08-27,639.5436401367188
2025-08-28,641.8085327148438
2025-08-29,637.98095703125
2025-09-02,633.25341796875
2025-09-03,636.685302734375
2025-09-04,642.0064086914062
2025-09-05,640.14697265625
2025-09-08,641.7196044921875
2025-09-09,643.203125
2025-09-10,645.0625
2025-09-11,650.4231567382812
2025-09-12,650.2054443359375
2025-09-15,653.6671142578125
2025-09-16,652.7671508789062
2025-09-17,651.9561767578125
2025-09-18,655.0023193359375
2025-09-19,658.2465209960938
2025-09-22,661.3607177734375
2025-09-23,657.7606201171875
2025-09-24,655.6678466796875
2025-09-25,652.6429443359375
2025-09-26,656.3820190429688
2025-09-29,658.2266845703125
2025-09-30,660.7061157226562
2025-10-01,662.95751953125
2025-10-02,663.7210693359375
2025-10-03,663.7112426757812
2025-10-06,666.0914916992188
2025-10-07,663.6219482421875
2025-10-08,667.5791625976562
2025-10-09,665.6452026367188
2025-10-10,647.6542358398438
2025-10-13,657.5919189453125
2025-10-14,656.78857421875
2025-10-15,659.7044677734375
2025-10-16,655.211669921875
2025-10-17,658.9308471679688
2025-10-20,665.7840576171875
2025-10-21,665.7740478515625
2025-10-22,662.3128051757812
2025-10-23,666.2402954101562
2025-10-24,671.6851806640625
2025-10-27,679.6094970703125
2025-10-28,681.41455078125
2025-10-29,681.7418212890625
2025-10-30,674.2439575195312
2025-10-31,676.4556274414062
2025-11-03,677.7251586914062
2025-11-04,669.6917114257812
2025-11-05,672.012451171875
2025-11-06,664.8021850585938
2025-11-07,665.4567260742188
2025-11-10,675.8407592773438
2025-11-11,677.3878784179688
2025-11-12,677.7647705078125
2025-11-13,666.5179443359375
2025-11-14,666.408935546875
2025-11-17,660.2003173828125
2025-11-18,654.6563110351562
2025-11-19,657.1853637695312
2025-11-20,647.1683349609375
2025-11-21,653.6149291992188
2025-11-24,663.235107421875
2025-11-25,669.4734497070312
2025-11-26,674.09521484375
2025-11-28,677.7747192382812
2025-12-01,674.6803588867188
2025-12-02,675.9300537109375
2025-12-03,678.2706298828125
2025-12-04,678.7664794921875
2025-12-05,680.0557861328125
2025-12-08,678.0127563476562
2025-12-09,677.427490234375
2025-12-10,681.92041015625
2025-12-11,683.5072021484375
2025-12-12,676.1580810546875
2025-12-15,675.1365356445312
2025-12-16,673.2918701171875
2025-12-17,665.8832397460938
2025-12-18,670.9114990234375
2025-12-19,676.9923095703125
2025-12-22,681.2098999023438
2025-12-23,684.3233032226562
2025-12-24,686.7305297851562
2025-12-26,686.660888671875
2025-12-29,684.2138671875
2025-12-30,683.3783569335938
2025-12-31,678.3152465820312
2026-01-02,679.55859375
2026-01-05,684.0845336914062
2026-01-06,688.1529541015625
2026-01-07,685.9347534179688
2026-01-08,685.8651123046875
2026-01-09,690.4010009765625
2026-01-12,691.4852294921875
2026-01-13,690.1026000976562
2026-01-14,686.7106323242188
2026-01-15,688.5806884765625
2026-01-16,688.0037231445312
2026-01-20,673.9981689453125
2026-01-21,681.77685546875
2026-01-22,685.3379516601562
2026-01-23,685.5865478515625
2026-01-26,689.0680541992188
2026-01-27,691.8134765625
2026-01-28,691.7438354492188
2026-01-29,690.3711547851562
2026-01-30,688.3120727539062
2026-02-02,691.7339477539062
2026-02-03,685.885009765625
2026-02-04,682.5626831054688
2026-02-05,674.0379638671875
2026-02-06,686.96923828125
2026-02-09,690.2816772460938
2026-02-10,688.4613037109375
2026-02-11,688.3021850585938
2026-02-12,677.668701171875
2026-02-13,678.1461181640625
2026-02-17,679.2402954101562
2026-02-18,682.662109375
2026-02-19,680.8616333007812
2026-02-20,685.7855834960938
2026-02-23,678.7827758789062
2026-02-24,683.7164916992188
2026-02-25,689.4859008789062
2026-02-26,685.6561889648438
2026-02-27,682.3637084960938
2026-03-02,682.751708984375
2026-03-03,676.7337036132812
2026-03-04,681.5082397460938
2026-03-05,677.70849609375
2026-03-06,668.82568359375
2026-03-09,674.6845703125
2026-03-10,673.6002807617188
2026-03-11,672.7548217773438
2026-03-12,662.5390625
2026-03-13,658.7890014648438
2026-03-16,665.493408203125
2026-03-17,667.2440185546875
2026-03-18,657.9335327148438
2026-03-19,656.3121948242188
2026-03-20,646.9034423828125
2026-03-23,653.6959228515625
2026-03-24,651.5015869140625
2026-03-25,655.1322021484375
2026-03-26,643.432373046875
2026-03-27,632.4606323242188
2026-03-30,630.3460693359375
2026-03-31,648.6688842773438
2026-04-01,653.5562744140625
2026-04-02,654.144775390625
2026-04-06,657.23681640625
2026-04-07,657.5260009765625
2026-04-08,674.27294921875
2026-04-09,678.162841796875
2026-04-10,677.7140502929688
2026-04-13,684.3369750976562
2026-04-14,692.675537109375
2026-04-15,698.1414184570312
2026-04-16,699.8569946289062
2026-04-17,708.3152465820312
2026-04-20,706.8988037109375
2026-04-21,702.2708129882812
2026-04-22,709.3825073242188
2026-04-23,706.6295776367188
2026-04-24,712.10546875
2026-04-27,713.332275390625
2026-04-28,709.8612060546875
2026-04-29,709.7515258789062
2026-04-30,716.8132934570312
2026-05-01,718.7982177734375
2026-05-04,716.1649780273438
2026-05-05,721.9102172851562
2026-05-06,731.9443359375
2026-05-07,729.7001342773438
2026-05-08,735.724609375
2026-05-11,737.4002685546875
2026-05-12,736.2831420898438
2026-05-13,740.4025268554688
2026-05-14,746.2474975585938
2026-05-15,737.2706298828125
2026-05-18,736.751953125
2026-05-19,731.8446044921875
2026-05-20,739.3452758789062
2026-05-21,740.8114624023438
2026-05-22,743.7239990234375
2026-05-26,748.6613159179688
2026-05-27,748.5316162109375
2026-05-28,752.6609497070312
2026-05-29,754.5361328125
2026-06-01,756.5908203125
2026-06-02,757.6182250976562
2026-06-03,752.3018798828125
2026-06-04,755.1445922851562
2026-06-05,735.65478515625
2026-06-08,737.3204345703125
2026-06-09,735.1560668945312
2026-06-10,723.56591796875
2026-06-11,735.8642578125
2026-06-12,739.843994140625
2026-06-15,752.890380859375
2026-06-16,748.4019775390625
2026-06-17,739.0560302734375
2026-06-18,746.739990234375
2026-06-22,744.3900146484375
2026-06-23,733.5800170898438
2026-06-24,733.239990234375
2026-06-25,734.2999877929688
2026-06-26,728.989990234375
2026-06-29,741.0
2026-06-30,746.77001953125
2026-07-01,748.10498046875
